season,week,ftn_game_id,nflverse_game_id,ftn_play_id,nflverse_play_id,source
2026,1,7019,2026_01_NE_SEA,1153342,41,official
2026,1,7019,2026_01_NE_SEA,1153343,64,official
2026,1,7019,2026_01_NE_SEA,1153344,86,official
2026,1,7019,2026_01_NE_SEA,1153345,111,official
2026,1,7019,2026_01_NE_SEA,1153346,135,official
2026,1,7019,2026_01_NE_SEA,1153347,157,official
2026,1,7019,2026_01_NE_SEA,1153348,180,official
2026,1,7019,2026_01_NE_SEA,1153349,200,official
2026,1,7019,2026_01_NE_SEA,1153350,227,official
2026,1,7019,2026_01_NE_SEA,1153351,249,official
2026,1,7019,2026_01_NE_SEA,1153352,271,official
2026,1,7019,2026_01_NE_SEA,1153353,298,official
2026,1,7019,2026_01_NE_SEA,1153354,320,official
2026,1,7019,2026_01_NE_SEA,1153355,358,official
2026,1,7019,2026_01_NE_SEA,1153356,385,official
2026,1,7019,2026_01_NE_SEA,1153357,407,official
2026,1,7019,2026_01_NE_SEA,1153358,430,official
2026,1,7019,2026_01_NE_SEA,1153359,460,official
2026,1,7019,2026_01_NE_SEA,1153360,482,official
2026,1,7019,2026_01_NE_SEA,1153361,505,official
2026,1,7019,2026_01_NE_SEA,1153362,535,official
2026,1,7019,2026_01_NE_SEA,1153363,557,official
2026,1,7019,2026_01_NE_SEA,1153364,587,official
2026,1,7019,2026_01_NE_SEA,1153365,613,official
2026,1,7019,2026_01_NE_SEA,1153366,638,official
2026,1,7019,2026_01_NE_SEA,1153367,660,official
2026,1,7019,2026_01_NE_SEA,1153368,690,official
2026,1,7019,2026_01_NE_SEA,1153369,712,official
2026,1,7019,2026_01_NE_SEA,1153370,734,official
2026,1,7019,2026_01_NE_SEA,1153371,761,official
2026,1,7019,2026_01_NE_SEA,1153372,788,official
2026,1,7019,2026_01_NE_SEA,1153373,813,official
2026,1,7019,2026_01_NE_SEA,1153374,855,official
2026,1,7019,2026_01_NE_SEA,1153375,878,official
2026,1,7019,2026_01_NE_SEA,1153376,898,official
2026,1,7019,2026_01_NE_SEA,1153377,920,official
2026,1,7019,2026_01_NE_SEA,1153378,942,official
2026,1,7019,2026_01_NE_SEA,1153379,972,official
2026,1,7019,2026_01_NE_SEA,1153380,997,official
2026,1,7019,2026_01_NE_SEA,1153381,1019,official
2026,1,7019,2026_01_NE_SEA,1153382,1046,official
2026,1,7019,2026_01_NE_SEA,1153383,1071,official
2026,1,7019,2026_01_NE_SEA,1153384,1093,official
2026,1,7019,2026_01_NE_SEA,1153385,1118,official
2026,1,7019,2026_01_NE_SEA,1153386,1152,official
2026,1,7019,2026_01_NE_SEA,1153387,1180,official
2026,1,7019,2026_01_NE_SEA,1153388,1195,official
2026,1,7019,2026_01_NE_SEA,1153389,1225,official
2026,1,7019,2026_01_NE_SEA,1153390,1255,official
2026,1,7019,2026_01_NE_SEA,1153391,1277,official
2026,1,7019,2026_01_NE_SEA,1153392,1297,official
2026,1,7019,2026_01_NE_SEA,1153393,1321,official
2026,1,7019,2026_01_NE_SEA,1153394,1346,official
2026,1,7019,2026_01_NE_SEA,1153395,1370,official
2026,1,7019,2026_01_NE_SEA,1153396,1395,official
2026,1,7019,2026_01_NE_SEA,1153397,1430,official
2026,1,7019,2026_01_NE_SEA,1153398,1450,official
2026,1,7019,2026_01_NE_SEA,1153399,1479,official
2026,1,7019,2026_01_NE_SEA,1153400,1504,official
2026,1,7019,2026_01_NE_SEA,1153401,1529,official
2026,1,7019,2026_01_NE_SEA,1153402,1551,official
2026,1,7019,2026_01_NE_SEA,1153403,1585,official
2026,1,7019,2026_01_NE_SEA,1153404,1611,official
2026,1,7019,2026_01_NE_SEA,1153405,1636,official
2026,1,7019,2026_01_NE_SEA,1153406,1658,official
2026,1,7019,2026_01_NE_SEA,1153407,1665,official
2026,1,7019,2026_01_NE_SEA,1153408,1685,official
2026,1,7019,2026_01_NE_SEA,1153409,1726,official
2026,1,7019,2026_01_NE_SEA,1153410,1714,official
2026,1,7019,2026_01_NE_SEA,1153411,1748,official
2026,1,7019,2026_01_NE_SEA,1153412,1755,official
2026,1,7019,2026_01_NE_SEA,1153413,1792,official
2026,1,7019,2026_01_NE_SEA,1153414,1780,official
2026,1,7019,2026_01_NE_SEA,1153415,1824,official
2026,1,7019,2026_01_NE_SEA,1153416,1812,official
2026,1,7019,2026_01_NE_SEA,1153417,1859,official
2026,1,7019,2026_01_NE_SEA,1153418,1901,official
2026,1,7019,2026_01_NE_SEA,1153419,1934,official
2026,1,7019,2026_01_NE_SEA,1153420,1959,official
2026,1,7019,2026_01_NE_SEA,1153421,1987,official
2026,1,7019,2026_01_NE_SEA,1153422,2009,official
2026,1,7019,2026_01_NE_SEA,1153423,2032,official
2026,1,7019,2026_01_NE_SEA,1153424,2073,official
2026,1,7019,2026_01_NE_SEA,1153425,2095,official
2026,1,7019,2026_01_NE_SEA,1153426,2120,official
2026,1,7019,2026_01_NE_SEA,1153427,2163,official
2026,1,7019,2026_01_NE_SEA,1153428,2183,official
2026,1,7019,2026_01_NE_SEA,1153429,2213,official
2026,1,7019,2026_01_NE_SEA,1153430,2238,official
2026,1,7019,2026_01_NE_SEA,1153431,2260,official
2026,1,7019,2026_01_NE_SEA,1153432,2283,official
2026,1,7019,2026_01_NE_SEA,1153433,2307,official
2026,1,7019,2026_01_NE_SEA,1153434,2332,official
2026,1,7019,2026_01_NE_SEA,1153435,2359,official
2026,1,7019,2026_01_NE_SEA,1153436,2381,official
2026,1,7019,2026_01_NE_SEA,1153437,2406,official
2026,1,7019,2026_01_NE_SEA,1153438,2431,official
2026,1,7019,2026_01_NE_SEA,1153439,2455,official
2026,1,7019,2026_01_NE_SEA,1153440,2488,official
2026,1,7019,2026_01_NE_SEA,1153441,2525,official
2026,1,7019,2026_01_NE_SEA,1153442,2513,official
2026,1,7019,2026_01_NE_SEA,1153443,2550,official
2026,1,7019,2026_01_NE_SEA,1153444,2575,official
2026,1,7019,2026_01_NE_SEA,1153445,2597,official
2026,1,7019,2026_01_NE_SEA,1153446,2619,official
2026,1,7019,2026_01_NE_SEA,1153447,2656,official
2026,1,7019,2026_01_NE_SEA,1153448,2679,official
2026,1,7019,2026_01_NE_SEA,1153449,2699,official
2026,1,7019,2026_01_NE_SEA,1153450,2729,official
2026,1,7019,2026_01_NE_SEA,1153451,2753,official
2026,1,7019,2026_01_NE_SEA,1153452,2783,official
2026,1,7019,2026_01_NE_SEA,1153453,2805,official
2026,1,7019,2026_01_NE_SEA,1153454,2838,official
2026,1,7019,2026_01_NE_SEA,1153455,2863,official
2026,1,7019,2026_01_NE_SEA,1153456,2908,official
2026,1,7019,2026_01_NE_SEA,1153457,2945,official
2026,1,7019,2026_01_NE_SEA,1153458,2972,official
2026,1,7019,2026_01_NE_SEA,1153459,3002,official
2026,1,7019,2026_01_NE_SEA,1153460,3024,official
2026,1,7019,2026_01_NE_SEA,1153461,3046,official
2026,1,7019,2026_01_NE_SEA,1153462,3070,official
2026,1,7019,2026_01_NE_SEA,1153463,3096,official
2026,1,7019,2026_01_NE_SEA,1153464,3111,official
2026,1,7019,2026_01_NE_SEA,1153465,3152,official
2026,1,7019,2026_01_NE_SEA,1153466,3174,official
2026,1,7019,2026_01_NE_SEA,1153467,3196,official
2026,1,7019,2026_01_NE_SEA,1153468,3218,official
2026,1,7019,2026_01_NE_SEA,1153469,3241,official
2026,1,7019,2026_01_NE_SEA,1153470,3273,official
2026,1,7019,2026_01_NE_SEA,1153471,3300,official
2026,1,7019,2026_01_NE_SEA,1153472,3330,official
2026,1,7019,2026_01_NE_SEA,1153473,3360,official
2026,1,7019,2026_01_NE_SEA,1153474,3385,official
2026,1,7019,2026_01_NE_SEA,1153475,3409,official
2026,1,7019,2026_01_NE_SEA,1153476,3436,official
2026,1,7019,2026_01_NE_SEA,1153477,3460,official
2026,1,7019,2026_01_NE_SEA,1153478,3483,official
2026,1,7019,2026_01_NE_SEA,1153479,3506,official
2026,1,7019,2026_01_NE_SEA,1153480,3526,official
2026,1,7019,2026_01_NE_SEA,1153481,3556,official
2026,1,7019,2026_01_NE_SEA,1153482,3589,official
2026,1,7019,2026_01_NE_SEA,1153483,3609,official
2026,1,7019,2026_01_NE_SEA,1153484,3634,official
2026,1,7019,2026_01_NE_SEA,1153485,3657,official
2026,1,7019,2026_01_NE_SEA,1153486,3684,official
2026,1,7019,2026_01_NE_SEA,1153487,3706,official
2026,1,7019,2026_01_NE_SEA,1153488,3740,official
2026,1,7019,2026_01_NE_SEA,1153489,3765,official
2026,1,7019,2026_01_NE_SEA,1153490,3785,official
2026,1,7019,2026_01_NE_SEA,1153491,3834,official
2026,1,7019,2026_01_NE_SEA,1153492,3810,official
2026,1,7019,2026_01_NE_SEA,1153493,3854,official
2026,1,7019,2026_01_NE_SEA,1153494,3876,official
2026,1,7019,2026_01_NE_SEA,1153495,3883,official
2026,1,7019,2026_01_NE_SEA,1153496,3920,official
2026,1,7019,2026_01_NE_SEA,1153497,3908,official
2026,1,7019,2026_01_NE_SEA,1153498,3944,official
2026,1,7019,2026_01_NE_SEA,1153499,3976,official
2026,1,7019,2026_01_NE_SEA,1153500,3964,official
2026,1,7019,2026_01_NE_SEA,1153501,4006,official
2026,1,7019,2026_01_NE_SEA,1153502,4034,official
2026,1,7020,2026_01_SF_LA,1153503,40,official
2026,1,7020,2026_01_SF_LA,1153504,63,official
2026,1,7020,2026_01_SF_LA,1153505,86,official
2026,1,7020,2026_01_SF_LA,1153506,108,official
2026,1,7020,2026_01_SF_LA,1153507,133,official
2026,1,7020,2026_01_SF_LA,1153508,164,official
2026,1,7020,2026_01_SF_LA,1153509,186,official
2026,1,7020,2026_01_SF_LA,1153510,221,official
2026,1,7020,2026_01_SF_LA,1153511,246,official
2026,1,7020,2026_01_SF_LA,1153512,271,official
2026,1,7020,2026_01_SF_LA,1153513,305,official
2026,1,7020,2026_01_SF_LA,1153514,327,official
2026,1,7020,2026_01_SF_LA,1153515,352,official
2026,1,7020,2026_01_SF_LA,1153516,377,official
2026,1,7020,2026_01_SF_LA,1153517,400,official
2026,1,7020,2026_01_SF_LA,1153518,425,official
2026,1,7020,2026_01_SF_LA,1153519,450,official
2026,1,7020,2026_01_SF_LA,1153520,475,official
2026,1,7020,2026_01_SF_LA,1153521,500,official
2026,1,7020,2026_01_SF_LA,1153522,523,official
2026,1,7020,2026_01_SF_LA,1153523,543,official
2026,1,7020,2026_01_SF_LA,1153524,573,official
2026,1,7020,2026_01_SF_LA,1153525,595,official
2026,1,7020,2026_01_SF_LA,1153526,617,official
2026,1,7020,2026_01_SF_LA,1153527,640,official
2026,1,7020,2026_01_SF_LA,1153528,663,official
2026,1,7020,2026_01_SF_LA,1153529,688,official
2026,1,7020,2026_01_SF_LA,1153530,711,official
2026,1,7020,2026_01_SF_LA,1153531,731,official
2026,1,7020,2026_01_SF_LA,1153532,763,official
2026,1,7020,2026_01_SF_LA,1153533,785,official
2026,1,7020,2026_01_SF_LA,1153534,808,official
2026,1,7020,2026_01_SF_LA,1153535,834,official
2026,1,7020,2026_01_SF_LA,1153536,863,official
2026,1,7020,2026_01_SF_LA,1153537,888,official
2026,1,7020,2026_01_SF_LA,1153538,930,official
2026,1,7020,2026_01_SF_LA,1153539,958,official
2026,1,7020,2026_01_SF_LA,1153540,973,official
2026,1,7020,2026_01_SF_LA,1153541,1003,official
2026,1,7020,2026_01_SF_LA,1153542,1026,official
2026,1,7020,2026_01_SF_LA,1153543,1051,official
2026,1,7020,2026_01_SF_LA,1153544,1073,official
2026,1,7020,2026_01_SF_LA,1153545,1113,official
2026,1,7020,2026_01_SF_LA,1153546,1101,official
2026,1,7020,2026_01_SF_LA,1153547,1130,official
2026,1,7020,2026_01_SF_LA,1153548,1157,official
2026,1,7020,2026_01_SF_LA,1153549,1186,official
2026,1,7020,2026_01_SF_LA,1153550,1208,official
2026,1,7020,2026_01_SF_LA,1153551,1230,official
2026,1,7020,2026_01_SF_LA,1153552,1252,official
2026,1,7020,2026_01_SF_LA,1153553,1274,official
2026,1,7020,2026_01_SF_LA,1153554,1297,official
2026,1,7020,2026_01_SF_LA,1153555,1334,official
2026,1,7020,2026_01_SF_LA,1153556,1363,official
2026,1,7020,2026_01_SF_LA,1153557,1385,official
2026,1,7020,2026_01_SF_LA,1153558,1413,official
2026,1,7020,2026_01_SF_LA,1153559,1443,official
2026,1,7020,2026_01_SF_LA,1153560,1468,official
2026,1,7020,2026_01_SF_LA,1153561,1495,official
2026,1,7020,2026_01_SF_LA,1153562,1517,official
2026,1,7020,2026_01_SF_LA,1153563,1539,official
2026,1,7020,2026_01_SF_LA,1153564,1565,official
2026,1,7020,2026_01_SF_LA,1153565,1582,official
2026,1,7020,2026_01_SF_LA,1153566,1606,official
2026,1,7020,2026_01_SF_LA,1153567,1631,official
2026,1,7020,2026_01_SF_LA,1153568,1653,official
2026,1,7020,2026_01_SF_LA,1153569,1687,official
2026,1,7020,2026_01_SF_LA,1153570,1710,official
2026,1,7020,2026_01_SF_LA,1153571,1733,official
2026,1,7020,2026_01_SF_LA,1153572,1759,official
2026,1,7020,2026_01_SF_LA,1153573,1784,official
2026,1,7020,2026_01_SF_LA,1153574,1813,official
2026,1,7020,2026_01_SF_LA,1153575,1847,official
2026,1,7020,2026_01_SF_LA,1153576,1872,official
2026,1,7020,2026_01_SF_LA,1153577,1909,official
2026,1,7020,2026_01_SF_LA,1153578,1897,official
2026,1,7020,2026_01_SF_LA,1153579,1927,official
2026,1,7020,2026_01_SF_LA,1153580,1945,official
2026,1,7020,2026_01_SF_LA,1153581,1987,official
2026,1,7020,2026_01_SF_LA,1153582,2015,official
2026,1,7020,2026_01_SF_LA,1153583,2042,official
2026,1,7020,2026_01_SF_LA,1153584,2064,official
2026,1,7020,2026_01_SF_LA,1153585,2086,official
2026,1,7020,2026_01_SF_LA,1153586,2116,official
2026,1,7020,2026_01_SF_LA,1153587,2150,official
2026,1,7020,2026_01_SF_LA,1153588,2138,official
2026,1,7020,2026_01_SF_LA,1153589,2170,official
2026,1,7020,2026_01_SF_LA,1153590,2196,official
2026,1,7020,2026_01_SF_LA,1153591,2211,official
2026,1,7020,2026_01_SF_LA,1153592,2241,official
2026,1,7020,2026_01_SF_LA,1153593,2263,official
2026,1,7020,2026_01_SF_LA,1153594,2297,official
2026,1,7020,2026_01_SF_LA,1153595,2319,official
2026,1,7020,2026_01_SF_LA,1153596,2341,official
2026,1,7020,2026_01_SF_LA,1153597,2371,official
2026,1,7020,2026_01_SF_LA,1153598,2413,official
2026,1,7020,2026_01_SF_LA,1153599,2438,official
2026,1,7020,2026_01_SF_LA,1153600,2462,official
2026,1,7020,2026_01_SF_LA,1153601,2487,official
2026,1,7020,2026_01_SF_LA,1153602,2509,official
2026,1,7020,2026_01_SF_LA,1153603,2539,official
2026,1,7020,2026_01_SF_LA,1153604,2561,official
2026,1,7020,2026_01_SF_LA,1153605,2586,official
2026,1,7020,2026_01_SF_LA,1153606,2608,official
2026,1,7020,2026_01_SF_LA,1153607,2676,official
2026,1,7020,2026_01_SF_LA,1153608,2711,official
2026,1,7020,2026_01_SF_LA,1153609,2733,official
2026,1,7020,2026_01_SF_LA,1153610,2763,official
2026,1,7020,2026_01_SF_LA,1153611,2790,official
2026,1,7020,2026_01_SF_LA,1153612,2812,official
2026,1,7020,2026_01_SF_LA,1153613,2854,official
2026,1,7020,2026_01_SF_LA,1153614,2879,official
2026,1,7020,2026_01_SF_LA,1153615,2906,official
2026,1,7020,2026_01_SF_LA,1153616,2928,official
2026,1,7020,2026_01_SF_LA,1153617,2954,official
2026,1,7020,2026_01_SF_LA,1153618,2969,official
2026,1,7020,2026_01_SF_LA,1153619,3004,official
2026,1,7020,2026_01_SF_LA,1153620,3029,official
2026,1,7020,2026_01_SF_LA,1153621,3073,official
2026,1,7020,2026_01_SF_LA,1153622,3095,official
2026,1,7020,2026_01_SF_LA,1153623,3129,official
2026,1,7020,2026_01_SF_LA,1153624,3154,official
2026,1,7020,2026_01_SF_LA,1153625,3207,official
2026,1,7020,2026_01_SF_LA,1153626,3236,official
2026,1,7020,2026_01_SF_LA,1153627,3258,official
2026,1,7020,2026_01_SF_LA,1153628,3281,official
2026,1,7020,2026_01_SF_LA,1153629,3301,official
2026,1,7020,2026_01_SF_LA,1153630,3331,official
2026,1,7020,2026_01_SF_LA,1153631,3356,official
2026,1,7020,2026_01_SF_LA,1153632,3381,official
2026,1,7020,2026_01_SF_LA,1153633,3404,official
2026,1,7020,2026_01_SF_LA,1153634,3427,official
2026,1,7020,2026_01_SF_LA,1153635,3452,official
2026,1,7020,2026_01_SF_LA,1153636,3475,official
2026,1,7020,2026_01_SF_LA,1153637,3504,official
2026,1,7020,2026_01_SF_LA,1153638,3526,official
2026,1,7020,2026_01_SF_LA,1153639,3548,official
2026,1,7020,2026_01_SF_LA,1153640,3570,official
2026,1,7020,2026_01_SF_LA,1153641,3592,official
2026,1,7020,2026_01_SF_LA,1153642,3639,official
2026,1,7020,2026_01_SF_LA,1153643,3620,official
2026,1,7020,2026_01_SF_LA,1153644,3655,official
2026,1,7020,2026_01_SF_LA,1153645,3677,official
2026,1,7020,2026_01_SF_LA,1153646,3710,official
2026,1,7020,2026_01_SF_LA,1153647,3732,official
2026,1,7020,2026_01_SF_LA,1153648,3758,official
2026,1,7020,2026_01_SF_LA,1153649,3780,official
2026,1,7020,2026_01_SF_LA,1153650,3809,official
2026,1,7020,2026_01_SF_LA,1153651,3837,official
2026,1,7020,2026_01_SF_LA,1153652,3877,official
2026,1,7020,2026_01_SF_LA,1153653,3862,official
2026,1,7020,2026_01_SF_LA,1153654,3894,official
2026,1,7021,2026_01_CHI_CAR,1153655,40,official
2026,1,7021,2026_01_CHI_CAR,1153656,57,official
2026,1,7021,2026_01_CHI_CAR,1153657,90,official
2026,1,7021,2026_01_CHI_CAR,1153658,112,official
2026,1,7021,2026_01_CHI_CAR,1153659,153,official
2026,1,7021,2026_01_CHI_CAR,1153660,178,official
2026,1,7021,2026_01_CHI_CAR,1153661,200,official
2026,1,7021,2026_01_CHI_CAR,1153662,241,official
2026,1,7021,2026_01_CHI_CAR,1153663,276,official
2026,1,7021,2026_01_CHI_CAR,1153664,313,official
2026,1,7021,2026_01_CHI_CAR,1153665,355,official
2026,1,7021,2026_01_CHI_CAR,1153666,378,official
2026,1,7021,2026_01_CHI_CAR,1153667,408,official
2026,1,7021,2026_01_CHI_CAR,1153668,423,official
2026,1,7021,2026_01_CHI_CAR,1153669,453,official
2026,1,7021,2026_01_CHI_CAR,1153670,475,official
2026,1,7021,2026_01_CHI_CAR,1153671,502,official
2026,1,7021,2026_01_CHI_CAR,1153672,535,official
2026,1,7021,2026_01_CHI_CAR,1153673,560,official
2026,1,7021,2026_01_CHI_CAR,1153674,585,official
2026,1,7021,2026_01_CHI_CAR,1153675,612,official
2026,1,7021,2026_01_CHI_CAR,1153676,634,official
2026,1,7021,2026_01_CHI_CAR,1153677,656,official
2026,1,7021,2026_01_CHI_CAR,1153678,678,official
2026,1,7021,2026_01_CHI_CAR,1153679,701,official
2026,1,7021,2026_01_CHI_CAR,1153680,716,official
2026,1,7021,2026_01_CHI_CAR,1153681,752,official
2026,1,7021,2026_01_CHI_CAR,1153682,787,official
2026,1,7021,2026_01_CHI_CAR,1153683,812,official
2026,1,7021,2026_01_CHI_CAR,1153684,832,official
2026,1,7021,2026_01_CHI_CAR,1153685,851,official
2026,1,7021,2026_01_CHI_CAR,1153686,883,official
2026,1,7021,2026_01_CHI_CAR,1153687,910,official
2026,1,7021,2026_01_CHI_CAR,1153688,943,official
2026,1,7021,2026_01_CHI_CAR,1153689,966,official
2026,1,7021,2026_01_CHI_CAR,1153690,988,official
2026,1,7021,2026_01_CHI_CAR,1153691,1011,official
2026,1,7021,2026_01_CHI_CAR,1153692,1026,official
2026,1,7021,2026_01_CHI_CAR,1153693,1072,official
2026,1,7021,2026_01_CHI_CAR,1153694,1094,official
2026,1,7021,2026_01_CHI_CAR,1153695,1118,official
2026,1,7021,2026_01_CHI_CAR,1153696,1140,official
2026,1,7021,2026_01_CHI_CAR,1153697,1185,official
2026,1,7021,2026_01_CHI_CAR,1153698,1222,official
2026,1,7021,2026_01_CHI_CAR,1153699,1247,official
2026,1,7021,2026_01_CHI_CAR,1153700,1273,official
2026,1,7021,2026_01_CHI_CAR,1153701,1288,official
2026,1,7021,2026_01_CHI_CAR,1153702,1321,official
2026,1,7021,2026_01_CHI_CAR,1153703,1351,official
2026,1,7021,2026_01_CHI_CAR,1153704,1373,official
2026,1,7021,2026_01_CHI_CAR,1153705,1399,official
2026,1,7021,2026_01_CHI_CAR,1153706,1414,official
2026,1,7021,2026_01_CHI_CAR,1153707,1456,official
2026,1,7021,2026_01_CHI_CAR,1153708,1478,official
2026,1,7021,2026_01_CHI_CAR,1153709,1511,official
2026,1,7021,2026_01_CHI_CAR,1153710,1533,official
2026,1,7021,2026_01_CHI_CAR,1153711,1556,official
2026,1,7021,2026_01_CHI_CAR,1153712,1581,official
2026,1,7021,2026_01_CHI_CAR,1153713,1603,official
2026,1,7021,2026_01_CHI_CAR,1153714,1639,official
2026,1,7021,2026_01_CHI_CAR,1153715,1672,official
2026,1,7021,2026_01_CHI_CAR,1153716,1695,official
2026,1,7021,2026_01_CHI_CAR,1153717,1710,official
2026,1,7021,2026_01_CHI_CAR,1153718,1745,official
2026,1,7021,2026_01_CHI_CAR,1153719,1768,official
2026,1,7021,2026_01_CHI_CAR,1153720,1790,official
2026,1,7021,2026_01_CHI_CAR,1153721,1812,official
2026,1,7021,2026_01_CHI_CAR,1153722,1842,official
2026,1,7021,2026_01_CHI_CAR,1153723,1864,official
2026,1,7021,2026_01_CHI_CAR,1153724,1899,official
2026,1,7021,2026_01_CHI_CAR,1153725,1924,official
2026,1,7021,2026_01_CHI_CAR,1153726,1944,official
2026,1,7021,2026_01_CHI_CAR,1153727,1975,official
2026,1,7021,2026_01_CHI_CAR,1153728,2008,official
2026,1,7021,2026_01_CHI_CAR,1153729,2033,official
2026,1,7021,2026_01_CHI_CAR,1153730,2072,official
2026,1,7021,2026_01_CHI_CAR,1153731,2097,official
2026,1,7021,2026_01_CHI_CAR,1153732,2120,official
2026,1,7021,2026_01_CHI_CAR,1153733,2143,official
2026,1,7021,2026_01_CHI_CAR,1153734,2166,official
2026,1,7021,2026_01_CHI_CAR,1153735,2186,official
2026,1,7021,2026_01_CHI_CAR,1153736,2209,official
2026,1,7021,2026_01_CHI_CAR,1153737,2229,official
2026,1,7021,2026_01_CHI_CAR,1153738,2261,official
2026,1,7021,2026_01_CHI_CAR,1153739,2286,official
2026,1,7021,2026_01_CHI_CAR,1153740,2323,official
2026,1,7021,2026_01_CHI_CAR,1153741,2311,official
2026,1,7021,2026_01_CHI_CAR,1153742,2342,official
2026,1,7021,2026_01_CHI_CAR,1153743,2379,official
2026,1,7021,2026_01_CHI_CAR,1153744,2367,official
2026,1,7021,2026_01_CHI_CAR,1153745,2397,official
2026,1,7021,2026_01_CHI_CAR,1153746,2412,official
2026,1,7021,2026_01_CHI_CAR,1153747,2435,official
2026,1,7021,2026_01_CHI_CAR,1153748,2472,official
2026,1,7021,2026_01_CHI_CAR,1153749,2460,official
2026,1,7021,2026_01_CHI_CAR,1153750,2509,official
2026,1,7021,2026_01_CHI_CAR,1153751,2497,official
2026,1,7021,2026_01_CHI_CAR,1153752,2547,official
2026,1,7021,2026_01_CHI_CAR,1153753,2570,official
2026,1,7021,2026_01_CHI_CAR,1153754,2592,official
2026,1,7021,2026_01_CHI_CAR,1153755,2614,official
2026,1,7021,2026_01_CHI_CAR,1153756,2634,official
2026,1,7021,2026_01_CHI_CAR,1153757,2655,official
2026,1,7021,2026_01_CHI_CAR,1153758,2685,official
2026,1,7021,2026_01_CHI_CAR,1153759,2707,official
2026,1,7021,2026_01_CHI_CAR,1153760,2727,official
2026,1,7021,2026_01_CHI_CAR,1153761,2765,official
2026,1,7021,2026_01_CHI_CAR,1153762,2802,official
2026,1,7021,2026_01_CHI_CAR,1153763,2824,official
2026,1,7021,2026_01_CHI_CAR,1153764,2852,official
2026,1,7021,2026_01_CHI_CAR,1153765,2880,official
2026,1,7021,2026_01_CHI_CAR,1153766,2914,official
2026,1,7021,2026_01_CHI_CAR,1153767,2942,official
2026,1,7021,2026_01_CHI_CAR,1153768,2977,official
2026,1,7021,2026_01_CHI_CAR,1153769,2992,official
2026,1,7021,2026_01_CHI_CAR,1153770,3012,official
2026,1,7021,2026_01_CHI_CAR,1153771,3035,official
2026,1,7021,2026_01_CHI_CAR,1153772,3057,official
2026,1,7021,2026_01_CHI_CAR,1153773,3082,official
2026,1,7021,2026_01_CHI_CAR,1153774,3107,official
2026,1,7021,2026_01_CHI_CAR,1153775,3129,official
2026,1,7021,2026_01_CHI_CAR,1153776,3159,official
2026,1,7021,2026_01_CHI_CAR,1153777,3184,official
2026,1,7021,2026_01_CHI_CAR,1153778,3207,official
2026,1,7021,2026_01_CHI_CAR,1153779,3240,official
2026,1,7021,2026_01_CHI_CAR,1153780,3270,official
2026,1,7021,2026_01_CHI_CAR,1153781,3303,official
2026,1,7021,2026_01_CHI_CAR,1153782,3337,official
2026,1,7021,2026_01_CHI_CAR,1153783,3359,official
2026,1,7021,2026_01_CHI_CAR,1153784,3381,official
2026,1,7021,2026_01_CHI_CAR,1153785,3404,official
2026,1,7021,2026_01_CHI_CAR,1153786,3419,official
2026,1,7021,2026_01_CHI_CAR,1153787,3451,official
2026,1,7021,2026_01_CHI_CAR,1153788,3474,official
2026,1,7021,2026_01_CHI_CAR,1153789,3499,official
2026,1,7021,2026_01_CHI_CAR,1153790,3523,official
2026,1,7021,2026_01_CHI_CAR,1153791,3545,official
2026,1,7021,2026_01_CHI_CAR,1153792,3570,official
2026,1,7021,2026_01_CHI_CAR,1153793,3593,official
2026,1,7021,2026_01_CHI_CAR,1153794,3621,official
2026,1,7021,2026_01_CHI_CAR,1153795,3644,official
2026,1,7021,2026_01_CHI_CAR,1153796,3659,official
2026,1,7021,2026_01_CHI_CAR,1153797,3685,official
2026,1,7021,2026_01_CHI_CAR,1153798,3707,official
2026,1,7021,2026_01_CHI_CAR,1153799,3752,official
2026,1,7021,2026_01_CHI_CAR,1153800,3841,official
2026,1,7021,2026_01_CHI_CAR,1153801,3875,official
2026,1,7021,2026_01_CHI_CAR,1153802,3897,official
2026,1,7021,2026_01_CHI_CAR,1153803,3922,official
2026,1,7021,2026_01_CHI_CAR,1153804,3957,official
2026,1,7021,2026_01_CHI_CAR,1153805,3979,official
2026,1,7021,2026_01_CHI_CAR,1153806,4004,official
2026,1,7021,2026_01_CHI_CAR,1153807,4029,official
2026,1,7021,2026_01_CHI_CAR,1153808,4051,official
2026,1,7021,2026_01_CHI_CAR,1153809,4076,official
2026,1,7021,2026_01_CHI_CAR,1153810,4098,official
2026,1,7021,2026_01_CHI_CAR,1153811,4120,official
2026,1,7021,2026_01_CHI_CAR,1153812,4158,official
2026,1,7021,2026_01_CHI_CAR,1153813,4180,official
2026,1,7021,2026_01_CHI_CAR,1153814,4206,official
2026,1,7021,2026_01_CHI_CAR,1153815,4221,official
2026,1,7021,2026_01_CHI_CAR,1153816,4256,official
2026,1,7021,2026_01_CHI_CAR,1153817,4279,official
2026,1,7021,2026_01_CHI_CAR,1153818,4304,official
2026,1,7021,2026_01_CHI_CAR,1153819,4327,official
2026,1,7021,2026_01_CHI_CAR,1153820,4350,official
2026,1,7021,2026_01_CHI_CAR,1153821,4375,official
2026,1,7021,2026_01_CHI_CAR,1153822,4398,official
2026,1,7021,2026_01_CHI_CAR,1153823,4428,official
2026,1,7021,2026_01_CHI_CAR,1153824,4458,official
2026,1,7021,2026_01_CHI_CAR,1153825,4495,official
2026,1,7021,2026_01_CHI_CAR,1153826,4523,official
2026,1,7021,2026_01_CHI_CAR,1153827,4549,official
2026,1,7021,2026_01_CHI_CAR,1153828,4564,official
2026,1,7021,2026_01_CHI_CAR,1153829,4588,official
2026,1,7021,2026_01_CHI_CAR,1153830,4622,official
2026,1,7021,2026_01_CHI_CAR,1153831,4610,official
2026,1,7021,2026_01_CHI_CAR,1153832,4651,official
2026,1,7021,2026_01_CHI_CAR,1153833,4639,official
2026,1,7021,2026_01_CHI_CAR,1153834,4670,official
2026,1,7021,2026_01_CHI_CAR,1153835,4704,official
2026,1,7021,2026_01_CHI_CAR,1153836,4692,official
2026,1,7021,2026_01_CHI_CAR,1153837,4722,official
2026,1,7021,2026_01_CHI_CAR,1153838,4737,official
2026,1,7021,2026_01_CHI_CAR,1153839,4754,official
2026,1,7021,2026_01_CHI_CAR,1153840,4776,official
2026,1,7021,2026_01_CHI_CAR,1153841,4798,official
2026,1,7021,2026_01_CHI_CAR,1153842,4820,official
2026,1,7021,2026_01_CHI_CAR,1153843,4850,official
2026,1,7021,2026_01_CHI_CAR,1153844,4872,official
2026,1,7021,2026_01_CHI_CAR,1153845,4894,official
2026,1,7022,2026_01_TB_CIN,1153846,40,official
2026,1,7022,2026_01_TB_CIN,1153847,68,official
2026,1,7022,2026_01_TB_CIN,1153848,90,official
2026,1,7022,2026_01_TB_CIN,1153849,125,official
2026,1,7022,2026_01_TB_CIN,1153850,113,official
2026,1,7022,2026_01_TB_CIN,1153851,145,official
2026,1,7022,2026_01_TB_CIN,1153852,179,official
2026,1,7022,2026_01_TB_CIN,1153853,201,official
2026,1,7022,2026_01_TB_CIN,1153854,223,official
2026,1,7022,2026_01_TB_CIN,1153855,248,official
2026,1,7022,2026_01_TB_CIN,1153856,273,official
2026,1,7022,2026_01_TB_CIN,1153857,295,official
2026,1,7022,2026_01_TB_CIN,1153858,317,official
2026,1,7022,2026_01_TB_CIN,1153859,340,official
2026,1,7022,2026_01_TB_CIN,1153860,360,official
2026,1,7022,2026_01_TB_CIN,1153861,390,official
2026,1,7022,2026_01_TB_CIN,1153862,412,official
2026,1,7022,2026_01_TB_CIN,1153863,437,official
2026,1,7022,2026_01_TB_CIN,1153864,460,official
2026,1,7022,2026_01_TB_CIN,1153865,491,official
2026,1,7022,2026_01_TB_CIN,1153866,520,official
2026,1,7022,2026_01_TB_CIN,1153867,545,official
2026,1,7022,2026_01_TB_CIN,1153868,580,official
2026,1,7022,2026_01_TB_CIN,1153869,595,official
2026,1,7022,2026_01_TB_CIN,1153870,625,official
2026,1,7022,2026_01_TB_CIN,1153871,656,official
2026,1,7022,2026_01_TB_CIN,1153872,679,official
2026,1,7022,2026_01_TB_CIN,1153873,720,official
2026,1,7022,2026_01_TB_CIN,1153874,745,official
2026,1,7022,2026_01_TB_CIN,1153875,767,official
2026,1,7022,2026_01_TB_CIN,1153876,790,official
2026,1,7022,2026_01_TB_CIN,1153877,817,official
2026,1,7022,2026_01_TB_CIN,1153878,839,official
2026,1,7022,2026_01_TB_CIN,1153879,861,official
2026,1,7022,2026_01_TB_CIN,1153880,887,official
2026,1,7022,2026_01_TB_CIN,1153881,902,official
2026,1,7022,2026_01_TB_CIN,1153882,932,official
2026,1,7022,2026_01_TB_CIN,1153883,962,official
2026,1,7022,2026_01_TB_CIN,1153884,984,official
2026,1,7022,2026_01_TB_CIN,1153885,1041,official
2026,1,7022,2026_01_TB_CIN,1153886,1065,official
2026,1,7022,2026_01_TB_CIN,1153887,1090,official
2026,1,7022,2026_01_TB_CIN,1153888,1115,official
2026,1,7022,2026_01_TB_CIN,1153889,1137,official
2026,1,7022,2026_01_TB_CIN,1153890,1180,official
2026,1,7022,2026_01_TB_CIN,1153891,1213,official
2026,1,7022,2026_01_TB_CIN,1153892,1252,official
2026,1,7022,2026_01_TB_CIN,1153893,1282,official
2026,1,7022,2026_01_TB_CIN,1153894,1304,official
2026,1,7022,2026_01_TB_CIN,1153895,1329,official
2026,1,7022,2026_01_TB_CIN,1153896,1354,official
2026,1,7022,2026_01_TB_CIN,1153897,1376,official
2026,1,7022,2026_01_TB_CIN,1153898,1406,official
2026,1,7022,2026_01_TB_CIN,1153899,1431,official
2026,1,7022,2026_01_TB_CIN,1153900,1456,official
2026,1,7022,2026_01_TB_CIN,1153901,1478,official
2026,1,7022,2026_01_TB_CIN,1153902,1506,official
2026,1,7022,2026_01_TB_CIN,1153903,1543,official
2026,1,7022,2026_01_TB_CIN,1153904,1566,official
2026,1,7022,2026_01_TB_CIN,1153905,1581,official
2026,1,7022,2026_01_TB_CIN,1153906,1611,official
2026,1,7022,2026_01_TB_CIN,1153907,1641,official
2026,1,7022,2026_01_TB_CIN,1153908,1666,official
2026,1,7022,2026_01_TB_CIN,1153909,1691,official
2026,1,7022,2026_01_TB_CIN,1153910,1726,official
2026,1,7022,2026_01_TB_CIN,1153911,1751,official
2026,1,7022,2026_01_TB_CIN,1153912,1788,official
2026,1,7022,2026_01_TB_CIN,1153913,1811,official
2026,1,7022,2026_01_TB_CIN,1153914,1826,official
2026,1,7022,2026_01_TB_CIN,1153915,1849,official
2026,1,7022,2026_01_TB_CIN,1153916,1872,official
2026,1,7022,2026_01_TB_CIN,1153917,1897,official
2026,1,7022,2026_01_TB_CIN,1153918,1920,official
2026,1,7022,2026_01_TB_CIN,1153919,1945,official
2026,1,7022,2026_01_TB_CIN,1153920,1982,official
2026,1,7022,2026_01_TB_CIN,1153921,1970,official
2026,1,7022,2026_01_TB_CIN,1153922,2010,official
2026,1,7022,2026_01_TB_CIN,1153923,2044,official
2026,1,7022,2026_01_TB_CIN,1153924,2032,official
2026,1,7022,2026_01_TB_CIN,1153925,2062,official
2026,1,7022,2026_01_TB_CIN,1153926,2099,official
2026,1,7022,2026_01_TB_CIN,1153927,2087,official
2026,1,7022,2026_01_TB_CIN,1153928,2114,official
2026,1,7022,2026_01_TB_CIN,1153929,2131,official
2026,1,7022,2026_01_TB_CIN,1153930,2173,official
2026,1,7022,2026_01_TB_CIN,1153931,2209,official
2026,1,7022,2026_01_TB_CIN,1153932,2231,official
2026,1,7022,2026_01_TB_CIN,1153933,2256,official
2026,1,7022,2026_01_TB_CIN,1153934,2298,official
2026,1,7022,2026_01_TB_CIN,1153935,2286,official
2026,1,7022,2026_01_TB_CIN,1153936,2325,official
2026,1,7022,2026_01_TB_CIN,1153937,2352,official
2026,1,7022,2026_01_TB_CIN,1153938,2377,official
2026,1,7022,2026_01_TB_CIN,1153939,2397,official
2026,1,7022,2026_01_TB_CIN,1153940,2417,official
2026,1,7022,2026_01_TB_CIN,1153941,2447,official
2026,1,7022,2026_01_TB_CIN,1153942,2469,official
2026,1,7022,2026_01_TB_CIN,1153943,2496,official
2026,1,7022,2026_01_TB_CIN,1153944,2530,official
2026,1,7022,2026_01_TB_CIN,1153945,2555,official
2026,1,7022,2026_01_TB_CIN,1153946,2577,official
2026,1,7022,2026_01_TB_CIN,1153947,2599,official
2026,1,7022,2026_01_TB_CIN,1153948,2640,official
2026,1,7022,2026_01_TB_CIN,1153949,2662,official
2026,1,7022,2026_01_TB_CIN,1153950,2685,official
2026,1,7022,2026_01_TB_CIN,1153951,2705,official
2026,1,7022,2026_01_TB_CIN,1153952,2725,official
2026,1,7022,2026_01_TB_CIN,1153953,2758,official
2026,1,7022,2026_01_TB_CIN,1153954,2783,official
2026,1,7022,2026_01_TB_CIN,1153955,2805,official
2026,1,7022,2026_01_TB_CIN,1153956,2843,official
2026,1,7022,2026_01_TB_CIN,1153957,2858,official
2026,1,7022,2026_01_TB_CIN,1153958,2899,official
2026,1,7022,2026_01_TB_CIN,1153959,2935,official
2026,1,7022,2026_01_TB_CIN,1153960,2960,official
2026,1,7022,2026_01_TB_CIN,1153961,3023,official
2026,1,7022,2026_01_TB_CIN,1153962,3048,official
2026,1,7022,2026_01_TB_CIN,1153963,3070,official
2026,1,7022,2026_01_TB_CIN,1153964,3120,official
2026,1,7022,2026_01_TB_CIN,1153965,3154,official
2026,1,7022,2026_01_TB_CIN,1153966,3142,official
2026,1,7022,2026_01_TB_CIN,1153967,3172,official
2026,1,7022,2026_01_TB_CIN,1153968,3192,official
2026,1,7022,2026_01_TB_CIN,1153969,3222,official
2026,1,7022,2026_01_TB_CIN,1153970,3247,official
2026,1,7022,2026_01_TB_CIN,1153971,3269,official
2026,1,7022,2026_01_TB_CIN,1153972,3291,official
2026,1,7022,2026_01_TB_CIN,1153973,3321,official
2026,1,7022,2026_01_TB_CIN,1153974,3345,official
2026,1,7022,2026_01_TB_CIN,1153975,3375,official
2026,1,7022,2026_01_TB_CIN,1153976,3399,official
2026,1,7022,2026_01_TB_CIN,1153977,3429,official
2026,1,7022,2026_01_TB_CIN,1153978,3461,official
2026,1,7022,2026_01_TB_CIN,1153979,3483,official
2026,1,7022,2026_01_TB_CIN,1153980,3505,official
2026,1,7022,2026_01_TB_CIN,1153981,3527,official
2026,1,7022,2026_01_TB_CIN,1153982,3549,official
2026,1,7022,2026_01_TB_CIN,1153983,3571,official
2026,1,7022,2026_01_TB_CIN,1153984,3596,official
2026,1,7022,2026_01_TB_CIN,1153985,3620,official
2026,1,7022,2026_01_TB_CIN,1153986,3640,official
2026,1,7022,2026_01_TB_CIN,1153987,3675,official
2026,1,7022,2026_01_TB_CIN,1153988,3699,official
2026,1,7022,2026_01_TB_CIN,1153989,3729,official
2026,1,7022,2026_01_TB_CIN,1153990,3754,official
2026,1,7022,2026_01_TB_CIN,1153991,3779,official
2026,1,7022,2026_01_TB_CIN,1153992,3806,official
2026,1,7022,2026_01_TB_CIN,1153993,3831,official
2026,1,7022,2026_01_TB_CIN,1153994,3854,official
2026,1,7022,2026_01_TB_CIN,1153995,3877,official
2026,1,7022,2026_01_TB_CIN,1153996,3903,official
2026,1,7022,2026_01_TB_CIN,1153997,3918,official
2026,1,7022,2026_01_TB_CIN,1153998,3941,official
2026,1,7022,2026_01_TB_CIN,1153999,3966,official
2026,1,7022,2026_01_TB_CIN,1154000,4003,official
2026,1,7022,2026_01_TB_CIN,1154001,3991,official
2026,1,7022,2026_01_TB_CIN,1154002,4032,official
2026,1,7022,2026_01_TB_CIN,1154003,4020,official
2026,1,7022,2026_01_TB_CIN,1154004,4064,official
2026,1,7022,2026_01_TB_CIN,1154005,4052,official
2026,1,7022,2026_01_TB_CIN,1154006,4083,official
2026,1,7022,2026_01_TB_CIN,1154007,4114,official
2026,1,7022,2026_01_TB_CIN,1154008,4136,official
2026,1,7022,2026_01_TB_CIN,1154009,4158,official
2026,1,7023,2026_01_NO_DET,1154010,40,official
2026,1,7023,2026_01_NO_DET,1154011,66,official
2026,1,7023,2026_01_NO_DET,1154012,88,official
2026,1,7023,2026_01_NO_DET,1154013,127,official
2026,1,7023,2026_01_NO_DET,1154014,149,official
2026,1,7023,2026_01_NO_DET,1154015,175,official
2026,1,7023,2026_01_NO_DET,1154016,197,official
2026,1,7023,2026_01_NO_DET,1154017,227,official
2026,1,7023,2026_01_NO_DET,1154018,249,official
2026,1,7023,2026_01_NO_DET,1154019,279,official
2026,1,7023,2026_01_NO_DET,1154020,301,official
2026,1,7023,2026_01_NO_DET,1154021,324,official
2026,1,7023,2026_01_NO_DET,1154022,353,official
2026,1,7023,2026_01_NO_DET,1154023,382,official
2026,1,7023,2026_01_NO_DET,1154024,404,official
2026,1,7023,2026_01_NO_DET,1154025,429,official
2026,1,7023,2026_01_NO_DET,1154026,454,official
2026,1,7023,2026_01_NO_DET,1154027,477,official
2026,1,7023,2026_01_NO_DET,1154028,501,official
2026,1,7023,2026_01_NO_DET,1154029,526,official
2026,1,7023,2026_01_NO_DET,1154030,548,official
2026,1,7023,2026_01_NO_DET,1154031,573,official
2026,1,7023,2026_01_NO_DET,1154032,602,official
2026,1,7023,2026_01_NO_DET,1154033,624,official
2026,1,7023,2026_01_NO_DET,1154034,647,official
2026,1,7023,2026_01_NO_DET,1154035,672,official
2026,1,7023,2026_01_NO_DET,1154036,697,official
2026,1,7023,2026_01_NO_DET,1154037,712,official
2026,1,7023,2026_01_NO_DET,1154038,742,official
2026,1,7023,2026_01_NO_DET,1154039,765,official
2026,1,7023,2026_01_NO_DET,1154040,787,official
2026,1,7023,2026_01_NO_DET,1154041,810,official
2026,1,7023,2026_01_NO_DET,1154042,845,official
2026,1,7023,2026_01_NO_DET,1154043,876,official
2026,1,7023,2026_01_NO_DET,1154044,901,official
2026,1,7023,2026_01_NO_DET,1154045,924,official
2026,1,7023,2026_01_NO_DET,1154046,946,official
2026,1,7023,2026_01_NO_DET,1154047,991,official
2026,1,7023,2026_01_NO_DET,1154048,1024,official
2026,1,7023,2026_01_NO_DET,1154049,1049,official
2026,1,7023,2026_01_NO_DET,1154050,1072,official
2026,1,7023,2026_01_NO_DET,1154051,1095,official
2026,1,7023,2026_01_NO_DET,1154052,1115,official
2026,1,7023,2026_01_NO_DET,1154053,1144,official
2026,1,7023,2026_01_NO_DET,1154054,1169,official
2026,1,7023,2026_01_NO_DET,1154055,1194,official
2026,1,7023,2026_01_NO_DET,1154056,1249,official
2026,1,7023,2026_01_NO_DET,1154057,1284,official
2026,1,7023,2026_01_NO_DET,1154058,1310,official
2026,1,7023,2026_01_NO_DET,1154059,1363,official
2026,1,7023,2026_01_NO_DET,1154060,1388,official
2026,1,7023,2026_01_NO_DET,1154061,1412,official
2026,1,7023,2026_01_NO_DET,1154062,1447,official
2026,1,7023,2026_01_NO_DET,1154063,1472,official
2026,1,7023,2026_01_NO_DET,1154064,1543,official
2026,1,7023,2026_01_NO_DET,1154065,1569,official
2026,1,7023,2026_01_NO_DET,1154066,1598,official
2026,1,7023,2026_01_NO_DET,1154067,1621,official
2026,1,7023,2026_01_NO_DET,1154068,1646,official
2026,1,7023,2026_01_NO_DET,1154069,1669,official
2026,1,7023,2026_01_NO_DET,1154070,1704,official
2026,1,7023,2026_01_NO_DET,1154071,1692,official
2026,1,7023,2026_01_NO_DET,1154072,1734,official
2026,1,7023,2026_01_NO_DET,1154073,1760,official
2026,1,7023,2026_01_NO_DET,1154074,1798,official
2026,1,7023,2026_01_NO_DET,1154075,1866,official
2026,1,7023,2026_01_NO_DET,1154076,1888,official
2026,1,7023,2026_01_NO_DET,1154077,1910,official
2026,1,7023,2026_01_NO_DET,1154078,1937,official
2026,1,7023,2026_01_NO_DET,1154079,1964,official
2026,1,7023,2026_01_NO_DET,1154080,1988,official
2026,1,7023,2026_01_NO_DET,1154081,2010,official
2026,1,7023,2026_01_NO_DET,1154082,2035,official
2026,1,7023,2026_01_NO_DET,1154083,2061,official
2026,1,7023,2026_01_NO_DET,1154084,2087,official
2026,1,7023,2026_01_NO_DET,1154085,2118,official
2026,1,7023,2026_01_NO_DET,1154086,2143,official
2026,1,7023,2026_01_NO_DET,1154087,2175,official
2026,1,7023,2026_01_NO_DET,1154088,2198,official
2026,1,7023,2026_01_NO_DET,1154089,2228,official
2026,1,7023,2026_01_NO_DET,1154090,2264,official
2026,1,7023,2026_01_NO_DET,1154091,2289,official
2026,1,7023,2026_01_NO_DET,1154092,2314,official
2026,1,7023,2026_01_NO_DET,1154093,2351,official
2026,1,7023,2026_01_NO_DET,1154094,2339,official
2026,1,7023,2026_01_NO_DET,1154095,2378,official
2026,1,7023,2026_01_NO_DET,1154096,2366,official
2026,1,7023,2026_01_NO_DET,1154097,2393,official
2026,1,7023,2026_01_NO_DET,1154098,2423,official
2026,1,7023,2026_01_NO_DET,1154099,2475,official
2026,1,7023,2026_01_NO_DET,1154100,2504,official
2026,1,7023,2026_01_NO_DET,1154101,2541,official
2026,1,7023,2026_01_NO_DET,1154102,2566,official
2026,1,7023,2026_01_NO_DET,1154103,2588,official
2026,1,7023,2026_01_NO_DET,1154104,2610,official
2026,1,7023,2026_01_NO_DET,1154105,2640,official
2026,1,7023,2026_01_NO_DET,1154106,2664,official
2026,1,7023,2026_01_NO_DET,1154107,2689,official
2026,1,7023,2026_01_NO_DET,1154108,2712,official
2026,1,7023,2026_01_NO_DET,1154109,2727,official
2026,1,7023,2026_01_NO_DET,1154110,2751,official
2026,1,7023,2026_01_NO_DET,1154111,2773,official
2026,1,7023,2026_01_NO_DET,1154112,2793,official
2026,1,7023,2026_01_NO_DET,1154113,2823,official
2026,1,7023,2026_01_NO_DET,1154114,2846,official
2026,1,7023,2026_01_NO_DET,1154115,2871,official
2026,1,7023,2026_01_NO_DET,1154116,2897,official
2026,1,7023,2026_01_NO_DET,1154117,2912,official
2026,1,7023,2026_01_NO_DET,1154118,2945,official
2026,1,7023,2026_01_NO_DET,1154119,2970,official
2026,1,7023,2026_01_NO_DET,1154120,3000,official
2026,1,7023,2026_01_NO_DET,1154121,3022,official
2026,1,7023,2026_01_NO_DET,1154122,3044,official
2026,1,7023,2026_01_NO_DET,1154123,3067,official
2026,1,7023,2026_01_NO_DET,1154124,3089,official
2026,1,7023,2026_01_NO_DET,1154125,3114,official
2026,1,7023,2026_01_NO_DET,1154126,3136,official
2026,1,7023,2026_01_NO_DET,1154127,3159,official
2026,1,7023,2026_01_NO_DET,1154128,3174,official
2026,1,7023,2026_01_NO_DET,1154129,3198,official
2026,1,7023,2026_01_NO_DET,1154130,3221,official
2026,1,7023,2026_01_NO_DET,1154131,3246,official
2026,1,7023,2026_01_NO_DET,1154132,3269,official
2026,1,7023,2026_01_NO_DET,1154133,3295,official
2026,1,7023,2026_01_NO_DET,1154134,3327,official
2026,1,7023,2026_01_NO_DET,1154135,3352,official
2026,1,7023,2026_01_NO_DET,1154136,3382,official
2026,1,7023,2026_01_NO_DET,1154137,3407,official
2026,1,7023,2026_01_NO_DET,1154138,3429,official
2026,1,7023,2026_01_NO_DET,1154139,3452,official
2026,1,7023,2026_01_NO_DET,1154140,3486,official
2026,1,7023,2026_01_NO_DET,1154141,3512,official
2026,1,7023,2026_01_NO_DET,1154142,3527,official
2026,1,7023,2026_01_NO_DET,1154143,3550,official
2026,1,7023,2026_01_NO_DET,1154144,3592,official
2026,1,7023,2026_01_NO_DET,1154145,3614,official
2026,1,7023,2026_01_NO_DET,1154146,3636,official
2026,1,7023,2026_01_NO_DET,1154147,3661,official
2026,1,7023,2026_01_NO_DET,1154148,3684,official
2026,1,7023,2026_01_NO_DET,1154149,3704,official
2026,1,7023,2026_01_NO_DET,1154150,3726,official
2026,1,7023,2026_01_NO_DET,1154151,3751,official
2026,1,7023,2026_01_NO_DET,1154152,3776,official
2026,1,7023,2026_01_NO_DET,1154153,3798,official
2026,1,7023,2026_01_NO_DET,1154154,3821,official
2026,1,7023,2026_01_NO_DET,1154155,3846,official
2026,1,7023,2026_01_NO_DET,1154156,3878,official
2026,1,7023,2026_01_NO_DET,1154157,3905,official
2026,1,7023,2026_01_NO_DET,1154158,3929,official
2026,1,7023,2026_01_NO_DET,1154159,3954,official
2026,1,7023,2026_01_NO_DET,1154160,3984,official
2026,1,7023,2026_01_NO_DET,1154161,4004,official
2026,1,7023,2026_01_NO_DET,1154162,4045,official
2026,1,7023,2026_01_NO_DET,1154163,4072,official
2026,1,7023,2026_01_NO_DET,1154164,4113,official
2026,1,7023,2026_01_NO_DET,1154165,4135,official
2026,1,7023,2026_01_NO_DET,1154166,4157,official
2026,1,7023,2026_01_NO_DET,1154167,4190,official
2026,1,7023,2026_01_NO_DET,1154168,4225,official
2026,1,7023,2026_01_NO_DET,1154169,4255,official
2026,1,7023,2026_01_NO_DET,1154170,4279,official
2026,1,7023,2026_01_NO_DET,1154171,4304,official
2026,1,7023,2026_01_NO_DET,1154172,4324,official
2026,1,7023,2026_01_NO_DET,1154173,4347,official
2026,1,7023,2026_01_NO_DET,1154174,4377,official
2026,1,7023,2026_01_NO_DET,1154175,4397,official
2026,1,7023,2026_01_NO_DET,1154176,4427,official
2026,1,7023,2026_01_NO_DET,1154177,4464,official
2026,1,7023,2026_01_NO_DET,1154178,4452,official
2026,1,7023,2026_01_NO_DET,1154179,4484,official
2026,1,7023,2026_01_NO_DET,1154180,4507,official
2026,1,7023,2026_01_NO_DET,1154181,4601,official
2026,1,7023,2026_01_NO_DET,1154182,4544,official
2026,1,7023,2026_01_NO_DET,1154183,4573,official
2026,1,7023,2026_01_NO_DET,1154184,4588,official
2026,1,7023,2026_01_NO_DET,1154185,4612,official
2026,1,7023,2026_01_NO_DET,1154186,4639,official
2026,1,7023,2026_01_NO_DET,1154187,4664,official
2026,1,7023,2026_01_NO_DET,1154188,4687,official
2026,1,7023,2026_01_NO_DET,1154189,4705,official
2026,1,7023,2026_01_NO_DET,1154190,4739,official
2026,1,7023,2026_01_NO_DET,1154191,4727,official
2026,1,7023,2026_01_NO_DET,1154192,4759,official
2026,1,7023,2026_01_NO_DET,1154193,4794,official
2026,1,7023,2026_01_NO_DET,1154194,4782,official
2026,1,7023,2026_01_NO_DET,1154195,4815,official
2026,1,7023,2026_01_NO_DET,1154196,4856,official
2026,1,7023,2026_01_NO_DET,1154197,4879,official
2026,1,7023,2026_01_NO_DET,1154198,4904,official
2026,1,7023,2026_01_NO_DET,1154199,4926,official
2026,1,7023,2026_01_NO_DET,1154200,4951,official
2026,1,7023,2026_01_NO_DET,1154201,4973,official
2026,1,7023,2026_01_NO_DET,1154202,4996,official
2026,1,7023,2026_01_NO_DET,1154203,5018,official
2026,1,7023,2026_01_NO_DET,1154204,5045,official
2026,1,7023,2026_01_NO_DET,1154205,5075,official
2026,1,7023,2026_01_NO_DET,1154206,5097,official
2026,1,7023,2026_01_NO_DET,1154207,5123,official
2026,1,7023,2026_01_NO_DET,1154208,5141,official
2026,1,7023,2026_01_NO_DET,1154209,5164,official
2026,1,7023,2026_01_NO_DET,1154210,5184,official
2026,1,7023,2026_01_NO_DET,1154211,5212,official
2026,1,7023,2026_01_NO_DET,1154212,5239,official
2026,1,7023,2026_01_NO_DET,1154213,5270,official
2026,1,7023,2026_01_NO_DET,1154214,5292,official
2026,1,7023,2026_01_NO_DET,1154215,5325,official
2026,1,7023,2026_01_NO_DET,1154216,5347,official
2026,1,7023,2026_01_NO_DET,1154217,5377,official
2026,1,7023,2026_01_NO_DET,1154218,5419,official
2026,1,7023,2026_01_NO_DET,1154219,5442,official
2026,1,7023,2026_01_NO_DET,1154220,5479,official
2026,1,7023,2026_01_NO_DET,1154221,5468,official
2026,1,7024,2026_01_BUF_HOU,1154222,41,official
2026,1,7024,2026_01_BUF_HOU,1154223,64,official
2026,1,7024,2026_01_BUF_HOU,1154224,86,official
2026,1,7024,2026_01_BUF_HOU,1154225,118,official
2026,1,7024,2026_01_BUF_HOU,1154226,140,official
2026,1,7024,2026_01_BUF_HOU,1154227,162,official
2026,1,7024,2026_01_BUF_HOU,1154228,184,official
2026,1,7024,2026_01_BUF_HOU,1154229,206,official
2026,1,7024,2026_01_BUF_HOU,1154230,228,official
2026,1,7024,2026_01_BUF_HOU,1154231,257,official
2026,1,7024,2026_01_BUF_HOU,1154232,291,official
2026,1,7024,2026_01_BUF_HOU,1154233,313,official
2026,1,7024,2026_01_BUF_HOU,1154234,343,official
2026,1,7024,2026_01_BUF_HOU,1154235,365,official
2026,1,7024,2026_01_BUF_HOU,1154236,385,official
2026,1,7024,2026_01_BUF_HOU,1154237,415,official
2026,1,7024,2026_01_BUF_HOU,1154238,449,official
2026,1,7024,2026_01_BUF_HOU,1154239,475,official
2026,1,7024,2026_01_BUF_HOU,1154240,505,official
2026,1,7024,2026_01_BUF_HOU,1154241,527,official
2026,1,7024,2026_01_BUF_HOU,1154242,552,official
2026,1,7024,2026_01_BUF_HOU,1154243,574,official
2026,1,7024,2026_01_BUF_HOU,1154244,599,official
2026,1,7024,2026_01_BUF_HOU,1154245,621,official
2026,1,7024,2026_01_BUF_HOU,1154246,648,official
2026,1,7024,2026_01_BUF_HOU,1154247,672,official
2026,1,7024,2026_01_BUF_HOU,1154248,695,official
2026,1,7024,2026_01_BUF_HOU,1154249,725,official
2026,1,7024,2026_01_BUF_HOU,1154250,747,official
2026,1,7024,2026_01_BUF_HOU,1154251,771,official
2026,1,7024,2026_01_BUF_HOU,1154252,794,official
2026,1,7024,2026_01_BUF_HOU,1154253,809,official
2026,1,7024,2026_01_BUF_HOU,1154254,839,official
2026,1,7024,2026_01_BUF_HOU,1154255,884,official
2026,1,7024,2026_01_BUF_HOU,1154256,918,official
2026,1,7024,2026_01_BUF_HOU,1154257,952,official
2026,1,7024,2026_01_BUF_HOU,1154258,977,official
2026,1,7024,2026_01_BUF_HOU,1154259,1009,official
2026,1,7024,2026_01_BUF_HOU,1154260,1031,official
2026,1,7024,2026_01_BUF_HOU,1154261,1054,official
2026,1,7024,2026_01_BUF_HOU,1154262,1069,official
2026,1,7024,2026_01_BUF_HOU,1154263,1099,official
2026,1,7024,2026_01_BUF_HOU,1154264,1124,official
2026,1,7024,2026_01_BUF_HOU,1154265,1146,official
2026,1,7024,2026_01_BUF_HOU,1154266,1182,official
2026,1,7024,2026_01_BUF_HOU,1154267,1205,official
2026,1,7024,2026_01_BUF_HOU,1154268,1230,official
2026,1,7024,2026_01_BUF_HOU,1154269,1252,official
2026,1,7024,2026_01_BUF_HOU,1154270,1276,official
2026,1,7024,2026_01_BUF_HOU,1154271,1298,official
2026,1,7024,2026_01_BUF_HOU,1154272,1334,official
2026,1,7024,2026_01_BUF_HOU,1154273,1320,official
2026,1,7024,2026_01_BUF_HOU,1154274,1352,official
2026,1,7024,2026_01_BUF_HOU,1154275,1374,official
2026,1,7024,2026_01_BUF_HOU,1154276,1399,official
2026,1,7024,2026_01_BUF_HOU,1154277,1424,official
2026,1,7024,2026_01_BUF_HOU,1154278,1458,official
2026,1,7024,2026_01_BUF_HOU,1154279,1481,official
2026,1,7024,2026_01_BUF_HOU,1154280,1496,official
2026,1,7024,2026_01_BUF_HOU,1154281,1520,official
2026,1,7024,2026_01_BUF_HOU,1154282,1545,official
2026,1,7024,2026_01_BUF_HOU,1154283,1579,official
2026,1,7024,2026_01_BUF_HOU,1154284,1602,official
2026,1,7024,2026_01_BUF_HOU,1154285,1625,official
2026,1,7024,2026_01_BUF_HOU,1154286,1640,official
2026,1,7024,2026_01_BUF_HOU,1154287,1670,official
2026,1,7024,2026_01_BUF_HOU,1154288,1728,official
2026,1,7024,2026_01_BUF_HOU,1154289,1753,official
2026,1,7024,2026_01_BUF_HOU,1154290,1785,official
2026,1,7024,2026_01_BUF_HOU,1154291,1808,official
2026,1,7024,2026_01_BUF_HOU,1154292,1828,official
2026,1,7024,2026_01_BUF_HOU,1154293,1853,official
2026,1,7024,2026_01_BUF_HOU,1154294,1885,official
2026,1,7024,2026_01_BUF_HOU,1154295,1911,official
2026,1,7024,2026_01_BUF_HOU,1154296,1926,official
2026,1,7024,2026_01_BUF_HOU,1154297,1967,official
2026,1,7024,2026_01_BUF_HOU,1154298,1992,official
2026,1,7024,2026_01_BUF_HOU,1154299,2026,official
2026,1,7024,2026_01_BUF_HOU,1154300,2051,official
2026,1,7024,2026_01_BUF_HOU,1154301,2081,official
2026,1,7024,2026_01_BUF_HOU,1154302,2107,official
2026,1,7024,2026_01_BUF_HOU,1154303,2122,official
2026,1,7024,2026_01_BUF_HOU,1154304,2156,official
2026,1,7024,2026_01_BUF_HOU,1154305,2184,official
2026,1,7024,2026_01_BUF_HOU,1154306,2231,official
2026,1,7024,2026_01_BUF_HOU,1154307,2254,official
2026,1,7024,2026_01_BUF_HOU,1154308,2276,official
2026,1,7024,2026_01_BUF_HOU,1154309,2300,official
2026,1,7024,2026_01_BUF_HOU,1154310,2339,official
2026,1,7024,2026_01_BUF_HOU,1154311,2365,official
2026,1,7024,2026_01_BUF_HOU,1154312,2409,official
2026,1,7024,2026_01_BUF_HOU,1154313,2431,official
2026,1,7024,2026_01_BUF_HOU,1154314,2456,official
2026,1,7024,2026_01_BUF_HOU,1154315,2486,official
2026,1,7024,2026_01_BUF_HOU,1154316,2508,official
2026,1,7024,2026_01_BUF_HOU,1154317,2544,official
2026,1,7024,2026_01_BUF_HOU,1154318,2583,official
2026,1,7024,2026_01_BUF_HOU,1154319,2608,official
2026,1,7024,2026_01_BUF_HOU,1154320,2628,official
2026,1,7024,2026_01_BUF_HOU,1154321,2659,official
2026,1,7024,2026_01_BUF_HOU,1154322,2682,official
2026,1,7024,2026_01_BUF_HOU,1154323,2704,official
2026,1,7024,2026_01_BUF_HOU,1154324,2740,official
2026,1,7024,2026_01_BUF_HOU,1154325,2772,official
2026,1,7024,2026_01_BUF_HOU,1154326,2806,official
2026,1,7024,2026_01_BUF_HOU,1154327,2832,official
2026,1,7024,2026_01_BUF_HOU,1154328,2854,official
2026,1,7024,2026_01_BUF_HOU,1154329,2874,official
2026,1,7024,2026_01_BUF_HOU,1154330,2899,official
2026,1,7024,2026_01_BUF_HOU,1154331,2919,official
2026,1,7024,2026_01_BUF_HOU,1154332,2949,official
2026,1,7024,2026_01_BUF_HOU,1154333,2972,official
2026,1,7024,2026_01_BUF_HOU,1154334,3000,official
2026,1,7024,2026_01_BUF_HOU,1154335,3022,official
2026,1,7024,2026_01_BUF_HOU,1154336,3046,official
2026,1,7024,2026_01_BUF_HOU,1154337,3071,official
2026,1,7024,2026_01_BUF_HOU,1154338,3096,official
2026,1,7024,2026_01_BUF_HOU,1154339,3119,official
2026,1,7024,2026_01_BUF_HOU,1154340,3144,official
2026,1,7024,2026_01_BUF_HOU,1154341,3166,official
2026,1,7024,2026_01_BUF_HOU,1154342,3210,official
2026,1,7024,2026_01_BUF_HOU,1154343,3235,official
2026,1,7024,2026_01_BUF_HOU,1154344,3259,official
2026,1,7024,2026_01_BUF_HOU,1154345,3285,official
2026,1,7024,2026_01_BUF_HOU,1154346,3300,official
2026,1,7024,2026_01_BUF_HOU,1154347,3340,official
2026,1,7024,2026_01_BUF_HOU,1154348,3363,official
2026,1,7024,2026_01_BUF_HOU,1154349,3388,official
2026,1,7024,2026_01_BUF_HOU,1154350,3413,official
2026,1,7024,2026_01_BUF_HOU,1154351,3435,official
2026,1,7024,2026_01_BUF_HOU,1154352,3465,official
2026,1,7024,2026_01_BUF_HOU,1154353,3488,official
2026,1,7024,2026_01_BUF_HOU,1154354,3508,official
2026,1,7024,2026_01_BUF_HOU,1154355,3538,official
2026,1,7024,2026_01_BUF_HOU,1154356,3561,official
2026,1,7024,2026_01_BUF_HOU,1154357,3595,official
2026,1,7024,2026_01_BUF_HOU,1154358,3617,official
2026,1,7024,2026_01_BUF_HOU,1154359,3647,official
2026,1,7024,2026_01_BUF_HOU,1154360,3669,official
2026,1,7024,2026_01_BUF_HOU,1154361,3694,official
2026,1,7024,2026_01_BUF_HOU,1154362,3724,official
2026,1,7024,2026_01_BUF_HOU,1154363,3744,official
2026,1,7024,2026_01_BUF_HOU,1154364,3768,official
2026,1,7024,2026_01_BUF_HOU,1154365,3797,official
2026,1,7024,2026_01_BUF_HOU,1154366,3826,official
2026,1,7024,2026_01_BUF_HOU,1154367,3849,official
2026,1,7024,2026_01_BUF_HOU,1154368,3869,official
2026,1,7024,2026_01_BUF_HOU,1154369,3891,official
2026,1,7024,2026_01_BUF_HOU,1154370,3915,official
2026,1,7024,2026_01_BUF_HOU,1154371,3940,official
2026,1,7024,2026_01_BUF_HOU,1154372,3960,official
2026,1,7024,2026_01_BUF_HOU,1154373,3998,official
2026,1,7024,2026_01_BUF_HOU,1154374,4026,official
2026,1,7024,2026_01_BUF_HOU,1154375,4063,official
2026,1,7024,2026_01_BUF_HOU,1154376,4100,official
2026,1,7024,2026_01_BUF_HOU,1154377,4134,official
2026,1,7024,2026_01_BUF_HOU,1154378,4122,official
2026,1,7024,2026_01_BUF_HOU,1154379,4152,official
2026,1,7024,2026_01_BUF_HOU,1154380,4178,official
2026,1,7024,2026_01_BUF_HOU,1154381,4191,official
2026,1,7024,2026_01_BUF_HOU,1154382,4214,official
2026,1,7024,2026_01_BUF_HOU,1154383,4239,official
2026,1,7024,2026_01_BUF_HOU,1154384,4264,official
2026,1,7024,2026_01_BUF_HOU,1154385,4287,official
2026,1,7024,2026_01_BUF_HOU,1154386,4320,official
2026,1,7024,2026_01_BUF_HOU,1154387,4344,official
2026,1,7024,2026_01_BUF_HOU,1154388,4367,official
2026,1,7024,2026_01_BUF_HOU,1154389,4404,official
2026,1,7024,2026_01_BUF_HOU,1154390,4411,official
2026,1,7024,2026_01_BUF_HOU,1154391,4392,official
2026,1,7024,2026_01_BUF_HOU,1154392,4436,official
2026,1,7024,2026_01_BUF_HOU,1154393,4468,official
2026,1,7024,2026_01_BUF_HOU,1154394,4456,official
2026,1,7024,2026_01_BUF_HOU,1154395,4486,official
2026,1,7024,2026_01_BUF_HOU,1154396,4516,official
2026,1,7025,2026_01_BAL_IND,1154397,40,official
2026,1,7025,2026_01_BAL_IND,1154398,57,official
2026,1,7025,2026_01_BAL_IND,1154399,80,official
2026,1,7025,2026_01_BAL_IND,1154400,105,official
2026,1,7025,2026_01_BAL_IND,1154401,130,official
2026,1,7025,2026_01_BAL_IND,1154402,162,official
2026,1,7025,2026_01_BAL_IND,1154403,185,official
2026,1,7025,2026_01_BAL_IND,1154404,210,official
2026,1,7025,2026_01_BAL_IND,1154405,235,official
2026,1,7025,2026_01_BAL_IND,1154406,257,official
2026,1,7025,2026_01_BAL_IND,1154407,280,official
2026,1,7025,2026_01_BAL_IND,1154408,295,official
2026,1,7025,2026_01_BAL_IND,1154409,325,official
2026,1,7025,2026_01_BAL_IND,1154410,350,official
2026,1,7025,2026_01_BAL_IND,1154411,374,official
2026,1,7025,2026_01_BAL_IND,1154412,396,official
2026,1,7025,2026_01_BAL_IND,1154413,419,official
2026,1,7025,2026_01_BAL_IND,1154414,434,official
2026,1,7025,2026_01_BAL_IND,1154415,464,official
2026,1,7025,2026_01_BAL_IND,1154416,486,official
2026,1,7025,2026_01_BAL_IND,1154417,513,official
2026,1,7025,2026_01_BAL_IND,1154418,535,official
2026,1,7025,2026_01_BAL_IND,1154419,557,official
2026,1,7025,2026_01_BAL_IND,1154420,590,official
2026,1,7025,2026_01_BAL_IND,1154421,617,official
2026,1,7025,2026_01_BAL_IND,1154422,669,official
2026,1,7025,2026_01_BAL_IND,1154423,694,official
2026,1,7025,2026_01_BAL_IND,1154424,717,official
2026,1,7025,2026_01_BAL_IND,1154425,732,official
2026,1,7025,2026_01_BAL_IND,1154426,773,official
2026,1,7025,2026_01_BAL_IND,1154427,793,official
2026,1,7025,2026_01_BAL_IND,1154428,818,official
2026,1,7025,2026_01_BAL_IND,1154429,851,official
2026,1,7025,2026_01_BAL_IND,1154430,877,official
2026,1,7025,2026_01_BAL_IND,1154431,914,official
2026,1,7025,2026_01_BAL_IND,1154432,936,official
2026,1,7025,2026_01_BAL_IND,1154433,960,official
2026,1,7025,2026_01_BAL_IND,1154434,983,official
2026,1,7025,2026_01_BAL_IND,1154435,1028,official
2026,1,7025,2026_01_BAL_IND,1154436,1052,official
2026,1,7025,2026_01_BAL_IND,1154437,1077,official
2026,1,7025,2026_01_BAL_IND,1154438,1099,official
2026,1,7025,2026_01_BAL_IND,1154439,1148,official
2026,1,7025,2026_01_BAL_IND,1154440,1136,official
2026,1,7025,2026_01_BAL_IND,1154441,1166,official
2026,1,7025,2026_01_BAL_IND,1154442,1191,official
2026,1,7025,2026_01_BAL_IND,1154443,1214,official
2026,1,7025,2026_01_BAL_IND,1154444,1243,official
2026,1,7025,2026_01_BAL_IND,1154445,1265,official
2026,1,7025,2026_01_BAL_IND,1154446,1298,official
2026,1,7025,2026_01_BAL_IND,1154447,1323,official
2026,1,7025,2026_01_BAL_IND,1154448,1346,official
2026,1,7025,2026_01_BAL_IND,1154449,1372,official
2026,1,7025,2026_01_BAL_IND,1154450,1401,official
2026,1,7025,2026_01_BAL_IND,1154451,1434,official
2026,1,7025,2026_01_BAL_IND,1154452,1447,official
2026,1,7025,2026_01_BAL_IND,1154453,1460,official
2026,1,7025,2026_01_BAL_IND,1154454,1515,official
2026,1,7025,2026_01_BAL_IND,1154455,1530,official
2026,1,7025,2026_01_BAL_IND,1154456,1560,official
2026,1,7025,2026_01_BAL_IND,1154457,1601,official
2026,1,7025,2026_01_BAL_IND,1154458,1623,official
2026,1,7025,2026_01_BAL_IND,1154459,1648,official
2026,1,7025,2026_01_BAL_IND,1154460,1671,official
2026,1,7025,2026_01_BAL_IND,1154461,1686,official
2026,1,7025,2026_01_BAL_IND,1154462,1732,official
2026,1,7025,2026_01_BAL_IND,1154463,1755,official
2026,1,7025,2026_01_BAL_IND,1154464,1778,official
2026,1,7025,2026_01_BAL_IND,1154465,1801,official
2026,1,7025,2026_01_BAL_IND,1154466,1821,official
2026,1,7025,2026_01_BAL_IND,1154467,1858,official
2026,1,7025,2026_01_BAL_IND,1154468,1880,official
2026,1,7025,2026_01_BAL_IND,1154469,1902,official
2026,1,7025,2026_01_BAL_IND,1154470,1927,official
2026,1,7025,2026_01_BAL_IND,1154471,1950,official
2026,1,7025,2026_01_BAL_IND,1154472,1965,official
2026,1,7025,2026_01_BAL_IND,1154473,1988,official
2026,1,7025,2026_01_BAL_IND,1154474,2010,official
2026,1,7025,2026_01_BAL_IND,1154475,2040,official
2026,1,7025,2026_01_BAL_IND,1154476,2076,official
2026,1,7025,2026_01_BAL_IND,1154477,2099,official
2026,1,7025,2026_01_BAL_IND,1154478,2119,official
2026,1,7025,2026_01_BAL_IND,1154479,2144,official
2026,1,7025,2026_01_BAL_IND,1154480,2172,official
2026,1,7025,2026_01_BAL_IND,1154481,2206,official
2026,1,7025,2026_01_BAL_IND,1154482,2194,official
2026,1,7025,2026_01_BAL_IND,1154483,2221,official
2026,1,7025,2026_01_BAL_IND,1154484,2246,official
2026,1,7025,2026_01_BAL_IND,1154485,2273,official
2026,1,7025,2026_01_BAL_IND,1154486,2310,official
2026,1,7025,2026_01_BAL_IND,1154487,2317,official
2026,1,7025,2026_01_BAL_IND,1154488,2298,official
2026,1,7025,2026_01_BAL_IND,1154489,2334,official
2026,1,7025,2026_01_BAL_IND,1154490,2366,official
2026,1,7025,2026_01_BAL_IND,1154491,2404,official
2026,1,7025,2026_01_BAL_IND,1154492,2427,official
2026,1,7025,2026_01_BAL_IND,1154493,2449,official
2026,1,7025,2026_01_BAL_IND,1154494,2472,official
2026,1,7025,2026_01_BAL_IND,1154495,2508,official
2026,1,7025,2026_01_BAL_IND,1154496,2533,official
2026,1,7025,2026_01_BAL_IND,1154497,2552,official
2026,1,7025,2026_01_BAL_IND,1154498,2581,official
2026,1,7025,2026_01_BAL_IND,1154499,2603,official
2026,1,7025,2026_01_BAL_IND,1154500,2633,official
2026,1,7025,2026_01_BAL_IND,1154501,2660,official
2026,1,7025,2026_01_BAL_IND,1154502,2684,official
2026,1,7025,2026_01_BAL_IND,1154503,2706,official
2026,1,7025,2026_01_BAL_IND,1154504,2729,official
2026,1,7025,2026_01_BAL_IND,1154505,2754,official
2026,1,7025,2026_01_BAL_IND,1154506,2774,official
2026,1,7025,2026_01_BAL_IND,1154507,2820,official
2026,1,7025,2026_01_BAL_IND,1154508,2842,official
2026,1,7025,2026_01_BAL_IND,1154509,2864,official
2026,1,7025,2026_01_BAL_IND,1154510,2884,official
2026,1,7025,2026_01_BAL_IND,1154511,2909,official
2026,1,7025,2026_01_BAL_IND,1154512,2933,official
2026,1,7025,2026_01_BAL_IND,1154513,2967,official
2026,1,7025,2026_01_BAL_IND,1154514,2998,official
2026,1,7025,2026_01_BAL_IND,1154515,3027,official
2026,1,7025,2026_01_BAL_IND,1154516,3049,official
2026,1,7025,2026_01_BAL_IND,1154517,3071,official
2026,1,7025,2026_01_BAL_IND,1154518,3093,official
2026,1,7025,2026_01_BAL_IND,1154519,3116,official
2026,1,7025,2026_01_BAL_IND,1154520,3147,official
2026,1,7025,2026_01_BAL_IND,1154521,3176,official
2026,1,7025,2026_01_BAL_IND,1154522,3218,official
2026,1,7025,2026_01_BAL_IND,1154523,3248,official
2026,1,7025,2026_01_BAL_IND,1154524,3281,official
2026,1,7025,2026_01_BAL_IND,1154525,3303,official
2026,1,7025,2026_01_BAL_IND,1154526,3326,official
2026,1,7025,2026_01_BAL_IND,1154527,3341,official
2026,1,7025,2026_01_BAL_IND,1154528,3371,official
2026,1,7025,2026_01_BAL_IND,1154529,3405,official
2026,1,7025,2026_01_BAL_IND,1154530,3430,official
2026,1,7025,2026_01_BAL_IND,1154531,3455,official
2026,1,7025,2026_01_BAL_IND,1154532,3485,official
2026,1,7025,2026_01_BAL_IND,1154533,3510,official
2026,1,7025,2026_01_BAL_IND,1154534,3535,official
2026,1,7025,2026_01_BAL_IND,1154535,3564,official
2026,1,7025,2026_01_BAL_IND,1154536,3579,official
2026,1,7025,2026_01_BAL_IND,1154537,3609,official
2026,1,7025,2026_01_BAL_IND,1154538,3631,official
2026,1,7025,2026_01_BAL_IND,1154539,3653,official
2026,1,7025,2026_01_BAL_IND,1154540,3677,official
2026,1,7025,2026_01_BAL_IND,1154541,3708,official
2026,1,7025,2026_01_BAL_IND,1154542,3730,official
2026,1,7025,2026_01_BAL_IND,1154543,3760,official
2026,1,7025,2026_01_BAL_IND,1154544,3782,official
2026,1,7025,2026_01_BAL_IND,1154545,3806,official
2026,1,7025,2026_01_BAL_IND,1154546,3840,official
2026,1,7025,2026_01_BAL_IND,1154547,3828,official
2026,1,7025,2026_01_BAL_IND,1154548,3857,official
2026,1,7025,2026_01_BAL_IND,1154549,3885,official
2026,1,7025,2026_01_BAL_IND,1154550,3908,official
2026,1,7025,2026_01_BAL_IND,1154551,3933,official
2026,1,7025,2026_01_BAL_IND,1154552,3956,official
2026,1,7025,2026_01_BAL_IND,1154553,3983,official
2026,1,7025,2026_01_BAL_IND,1154554,4008,official
2026,1,7025,2026_01_BAL_IND,1154555,4032,official
2026,1,7025,2026_01_BAL_IND,1154556,4054,official
2026,1,7025,2026_01_BAL_IND,1154557,4083,official
2026,1,7025,2026_01_BAL_IND,1154558,4105,official
2026,1,7026,2026_01_CLE_JAX,1154559,40,official
2026,1,7026,2026_01_CLE_JAX,1154560,63,official
2026,1,7026,2026_01_CLE_JAX,1154561,88,official
2026,1,7026,2026_01_CLE_JAX,1154562,110,official
2026,1,7026,2026_01_CLE_JAX,1154563,135,official
2026,1,7026,2026_01_CLE_JAX,1154564,157,official
2026,1,7026,2026_01_CLE_JAX,1154565,184,official
2026,1,7026,2026_01_CLE_JAX,1154566,213,official
2026,1,7026,2026_01_CLE_JAX,1154567,235,official
2026,1,7026,2026_01_CLE_JAX,1154568,257,official
2026,1,7026,2026_01_CLE_JAX,1154569,279,official
2026,1,7026,2026_01_CLE_JAX,1154570,304,official
2026,1,7026,2026_01_CLE_JAX,1154571,326,official
2026,1,7026,2026_01_CLE_JAX,1154572,349,official
2026,1,7026,2026_01_CLE_JAX,1154573,375,official
2026,1,7026,2026_01_CLE_JAX,1154574,390,official
2026,1,7026,2026_01_CLE_JAX,1154575,431,official
2026,1,7026,2026_01_CLE_JAX,1154576,453,official
2026,1,7026,2026_01_CLE_JAX,1154577,475,official
2026,1,7026,2026_01_CLE_JAX,1154578,498,official
2026,1,7026,2026_01_CLE_JAX,1154579,524,official
2026,1,7026,2026_01_CLE_JAX,1154580,554,official
2026,1,7026,2026_01_CLE_JAX,1154581,584,official
2026,1,7026,2026_01_CLE_JAX,1154582,619,official
2026,1,7026,2026_01_CLE_JAX,1154583,643,official
2026,1,7026,2026_01_CLE_JAX,1154584,684,official
2026,1,7026,2026_01_CLE_JAX,1154585,708,official
2026,1,7026,2026_01_CLE_JAX,1154586,751,official
2026,1,7026,2026_01_CLE_JAX,1154587,791,official
2026,1,7026,2026_01_CLE_JAX,1154588,816,official
2026,1,7026,2026_01_CLE_JAX,1154589,838,official
2026,1,7026,2026_01_CLE_JAX,1154590,864,official
2026,1,7026,2026_01_CLE_JAX,1154591,879,official
2026,1,7026,2026_01_CLE_JAX,1154592,912,official
2026,1,7026,2026_01_CLE_JAX,1154593,932,official
2026,1,7026,2026_01_CLE_JAX,1154594,962,official
2026,1,7026,2026_01_CLE_JAX,1154595,1017,official
2026,1,7026,2026_01_CLE_JAX,1154596,1037,official
2026,1,7026,2026_01_CLE_JAX,1154597,1067,official
2026,1,7026,2026_01_CLE_JAX,1154598,1090,official
2026,1,7026,2026_01_CLE_JAX,1154599,1116,official
2026,1,7026,2026_01_CLE_JAX,1154600,1138,official
2026,1,7026,2026_01_CLE_JAX,1154601,1163,official
2026,1,7026,2026_01_CLE_JAX,1154602,1185,official
2026,1,7026,2026_01_CLE_JAX,1154603,1207,official
2026,1,7026,2026_01_CLE_JAX,1154604,1230,official
2026,1,7026,2026_01_CLE_JAX,1154605,1255,official
2026,1,7026,2026_01_CLE_JAX,1154606,1277,official
2026,1,7026,2026_01_CLE_JAX,1154607,1297,official
2026,1,7026,2026_01_CLE_JAX,1154608,1327,official
2026,1,7026,2026_01_CLE_JAX,1154609,1352,official
2026,1,7026,2026_01_CLE_JAX,1154610,1405,official
2026,1,7026,2026_01_CLE_JAX,1154611,1427,official
2026,1,7026,2026_01_CLE_JAX,1154612,1449,official
2026,1,7026,2026_01_CLE_JAX,1154613,1472,official
2026,1,7026,2026_01_CLE_JAX,1154614,1502,official
2026,1,7026,2026_01_CLE_JAX,1154615,1528,official
2026,1,7026,2026_01_CLE_JAX,1154616,1543,official
2026,1,7026,2026_01_CLE_JAX,1154617,1573,official
2026,1,7026,2026_01_CLE_JAX,1154618,1595,official
2026,1,7026,2026_01_CLE_JAX,1154619,1620,official
2026,1,7026,2026_01_CLE_JAX,1154620,1655,official
2026,1,7026,2026_01_CLE_JAX,1154621,1643,official
2026,1,7026,2026_01_CLE_JAX,1154622,1673,official
2026,1,7026,2026_01_CLE_JAX,1154623,1695,official
2026,1,7026,2026_01_CLE_JAX,1154624,1715,official
2026,1,7026,2026_01_CLE_JAX,1154625,1744,official
2026,1,7026,2026_01_CLE_JAX,1154626,1766,official
2026,1,7026,2026_01_CLE_JAX,1154627,1788,official
2026,1,7026,2026_01_CLE_JAX,1154628,1827,official
2026,1,7026,2026_01_CLE_JAX,1154629,1815,official
2026,1,7026,2026_01_CLE_JAX,1154630,1851,official
2026,1,7026,2026_01_CLE_JAX,1154631,1876,official
2026,1,7026,2026_01_CLE_JAX,1154632,1901,official
2026,1,7026,2026_01_CLE_JAX,1154633,1935,official
2026,1,7026,2026_01_CLE_JAX,1154634,1959,official
2026,1,7026,2026_01_CLE_JAX,1154635,1983,official
2026,1,7026,2026_01_CLE_JAX,1154636,2013,official
2026,1,7026,2026_01_CLE_JAX,1154637,2046,official
2026,1,7026,2026_01_CLE_JAX,1154638,2071,official
2026,1,7026,2026_01_CLE_JAX,1154639,2114,official
2026,1,7026,2026_01_CLE_JAX,1154640,2142,official
2026,1,7026,2026_01_CLE_JAX,1154641,2164,official
2026,1,7026,2026_01_CLE_JAX,1154642,2188,official
2026,1,7026,2026_01_CLE_JAX,1154643,2223,official
2026,1,7026,2026_01_CLE_JAX,1154644,2245,official
2026,1,7026,2026_01_CLE_JAX,1154645,2269,official
2026,1,7026,2026_01_CLE_JAX,1154646,2295,official
2026,1,7026,2026_01_CLE_JAX,1154647,2310,official
2026,1,7026,2026_01_CLE_JAX,1154648,2340,official
2026,1,7026,2026_01_CLE_JAX,1154649,2362,official
2026,1,7026,2026_01_CLE_JAX,1154650,2387,official
2026,1,7026,2026_01_CLE_JAX,1154651,2419,official
2026,1,7026,2026_01_CLE_JAX,1154652,2441,official
2026,1,7026,2026_01_CLE_JAX,1154653,2463,official
2026,1,7026,2026_01_CLE_JAX,1154654,2487,official
2026,1,7026,2026_01_CLE_JAX,1154655,2510,official
2026,1,7026,2026_01_CLE_JAX,1154656,2530,official
2026,1,7026,2026_01_CLE_JAX,1154657,2560,official
2026,1,7026,2026_01_CLE_JAX,1154658,2585,official
2026,1,7026,2026_01_CLE_JAX,1154659,2607,official
2026,1,7026,2026_01_CLE_JAX,1154660,2631,official
2026,1,7026,2026_01_CLE_JAX,1154661,2653,official
2026,1,7026,2026_01_CLE_JAX,1154662,2683,official
2026,1,7026,2026_01_CLE_JAX,1154663,2705,official
2026,1,7026,2026_01_CLE_JAX,1154664,2727,official
2026,1,7026,2026_01_CLE_JAX,1154665,2760,official
2026,1,7026,2026_01_CLE_JAX,1154666,2785,official
2026,1,7026,2026_01_CLE_JAX,1154667,2807,official
2026,1,7026,2026_01_CLE_JAX,1154668,2827,official
2026,1,7026,2026_01_CLE_JAX,1154669,2868,official
2026,1,7026,2026_01_CLE_JAX,1154670,2905,official
2026,1,7026,2026_01_CLE_JAX,1154671,2893,official
2026,1,7026,2026_01_CLE_JAX,1154672,2925,official
2026,1,7026,2026_01_CLE_JAX,1154673,2965,official
2026,1,7026,2026_01_CLE_JAX,1154674,2990,official
2026,1,7026,2026_01_CLE_JAX,1154675,3012,official
2026,1,7026,2026_01_CLE_JAX,1154676,3037,official
2026,1,7026,2026_01_CLE_JAX,1154677,3059,official
2026,1,7026,2026_01_CLE_JAX,1154678,3084,official
2026,1,7026,2026_01_CLE_JAX,1154679,3106,official
2026,1,7026,2026_01_CLE_JAX,1154680,3130,official
2026,1,7026,2026_01_CLE_JAX,1154681,3168,official
2026,1,7026,2026_01_CLE_JAX,1154682,3240,official
2026,1,7026,2026_01_CLE_JAX,1154683,3262,official
2026,1,7026,2026_01_CLE_JAX,1154684,3282,official
2026,1,7026,2026_01_CLE_JAX,1154685,3302,official
2026,1,7026,2026_01_CLE_JAX,1154686,3331,official
2026,1,7026,2026_01_CLE_JAX,1154687,3355,official
2026,1,7026,2026_01_CLE_JAX,1154688,3377,official
2026,1,7026,2026_01_CLE_JAX,1154689,3399,official
2026,1,7026,2026_01_CLE_JAX,1154690,3421,official
2026,1,7026,2026_01_CLE_JAX,1154691,3441,official
2026,1,7026,2026_01_CLE_JAX,1154692,3470,official
2026,1,7026,2026_01_CLE_JAX,1154693,3492,official
2026,1,7026,2026_01_CLE_JAX,1154694,3514,official
2026,1,7026,2026_01_CLE_JAX,1154695,3544,official
2026,1,7026,2026_01_CLE_JAX,1154696,3566,official
2026,1,7026,2026_01_CLE_JAX,1154697,3599,official
2026,1,7026,2026_01_CLE_JAX,1154698,3614,official
2026,1,7026,2026_01_CLE_JAX,1154699,3637,official
2026,1,7026,2026_01_CLE_JAX,1154700,3659,official
2026,1,7026,2026_01_CLE_JAX,1154701,3681,official
2026,1,7027,2026_01_ATL_PIT,1154702,40,official
2026,1,7027,2026_01_ATL_PIT,1154703,68,official
2026,1,7027,2026_01_ATL_PIT,1154704,100,official
2026,1,7027,2026_01_ATL_PIT,1154705,122,official
2026,1,7027,2026_01_ATL_PIT,1154706,145,official
2026,1,7027,2026_01_ATL_PIT,1154707,164,official
2026,1,7027,2026_01_ATL_PIT,1154708,186,official
2026,1,7027,2026_01_ATL_PIT,1154709,211,official
2026,1,7027,2026_01_ATL_PIT,1154710,242,official
2026,1,7027,2026_01_ATL_PIT,1154711,268,official
2026,1,7027,2026_01_ATL_PIT,1154712,298,official
2026,1,7027,2026_01_ATL_PIT,1154713,323,official
2026,1,7027,2026_01_ATL_PIT,1154714,348,official
2026,1,7027,2026_01_ATL_PIT,1154715,373,official
2026,1,7027,2026_01_ATL_PIT,1154716,395,official
2026,1,7027,2026_01_ATL_PIT,1154717,418,official
2026,1,7027,2026_01_ATL_PIT,1154718,441,official
2026,1,7027,2026_01_ATL_PIT,1154719,461,official
2026,1,7027,2026_01_ATL_PIT,1154720,491,official
2026,1,7027,2026_01_ATL_PIT,1154721,516,official
2026,1,7027,2026_01_ATL_PIT,1154722,543,official
2026,1,7027,2026_01_ATL_PIT,1154723,571,official
2026,1,7027,2026_01_ATL_PIT,1154724,600,official
2026,1,7027,2026_01_ATL_PIT,1154725,622,official
2026,1,7027,2026_01_ATL_PIT,1154726,655,official
2026,1,7027,2026_01_ATL_PIT,1154727,678,official
2026,1,7027,2026_01_ATL_PIT,1154728,701,official
2026,1,7027,2026_01_ATL_PIT,1154729,721,official
2026,1,7027,2026_01_ATL_PIT,1154730,758,official
2026,1,7027,2026_01_ATL_PIT,1154731,783,official
2026,1,7027,2026_01_ATL_PIT,1154732,805,official
2026,1,7027,2026_01_ATL_PIT,1154733,851,official
2026,1,7027,2026_01_ATL_PIT,1154734,873,official
2026,1,7027,2026_01_ATL_PIT,1154735,895,official
2026,1,7027,2026_01_ATL_PIT,1154736,921,official
2026,1,7027,2026_01_ATL_PIT,1154737,936,official
2026,1,7027,2026_01_ATL_PIT,1154738,969,official
2026,1,7027,2026_01_ATL_PIT,1154739,1000,official
2026,1,7027,2026_01_ATL_PIT,1154740,1042,official
2026,1,7027,2026_01_ATL_PIT,1154741,1076,official
2026,1,7027,2026_01_ATL_PIT,1154742,1064,official
2026,1,7027,2026_01_ATL_PIT,1154743,1105,official
2026,1,7027,2026_01_ATL_PIT,1154744,1128,official
2026,1,7027,2026_01_ATL_PIT,1154745,1153,official
2026,1,7027,2026_01_ATL_PIT,1154746,1175,official
2026,1,7027,2026_01_ATL_PIT,1154747,1200,official
2026,1,7027,2026_01_ATL_PIT,1154748,1223,official
2026,1,7027,2026_01_ATL_PIT,1154749,1243,official
2026,1,7027,2026_01_ATL_PIT,1154750,1294,official
2026,1,7027,2026_01_ATL_PIT,1154751,1326,official
2026,1,7027,2026_01_ATL_PIT,1154752,1351,official
2026,1,7027,2026_01_ATL_PIT,1154753,1376,official
2026,1,7027,2026_01_ATL_PIT,1154754,1399,official
2026,1,7027,2026_01_ATL_PIT,1154755,1425,official
2026,1,7027,2026_01_ATL_PIT,1154756,1440,official
2026,1,7027,2026_01_ATL_PIT,1154757,1469,official
2026,1,7027,2026_01_ATL_PIT,1154758,1491,official
2026,1,7027,2026_01_ATL_PIT,1154759,1513,official
2026,1,7027,2026_01_ATL_PIT,1154760,1544,official
2026,1,7027,2026_01_ATL_PIT,1154761,1569,official
2026,1,7027,2026_01_ATL_PIT,1154762,1607,official
2026,1,7027,2026_01_ATL_PIT,1154763,1633,official
2026,1,7027,2026_01_ATL_PIT,1154764,1662,official
2026,1,7027,2026_01_ATL_PIT,1154765,1696,official
2026,1,7027,2026_01_ATL_PIT,1154766,1719,official
2026,1,7027,2026_01_ATL_PIT,1154767,1743,official
2026,1,7027,2026_01_ATL_PIT,1154768,1777,official
2026,1,7027,2026_01_ATL_PIT,1154769,1803,official
2026,1,7027,2026_01_ATL_PIT,1154770,1828,official
2026,1,7027,2026_01_ATL_PIT,1154771,1850,official
2026,1,7027,2026_01_ATL_PIT,1154772,1872,official
2026,1,7027,2026_01_ATL_PIT,1154773,1908,official
2026,1,7027,2026_01_ATL_PIT,1154774,1931,official
2026,1,7027,2026_01_ATL_PIT,1154775,1968,official
2026,1,7027,2026_01_ATL_PIT,1154776,1956,official
2026,1,7027,2026_01_ATL_PIT,1154777,1984,official
2026,1,7027,2026_01_ATL_PIT,1154778,2016,official
2026,1,7027,2026_01_ATL_PIT,1154779,2046,official
2026,1,7027,2026_01_ATL_PIT,1154780,2094,official
2026,1,7027,2026_01_ATL_PIT,1154781,2119,official
2026,1,7027,2026_01_ATL_PIT,1154782,2142,official
2026,1,7027,2026_01_ATL_PIT,1154783,2176,official
2026,1,7027,2026_01_ATL_PIT,1154784,2164,official
2026,1,7027,2026_01_ATL_PIT,1154785,2194,official
2026,1,7027,2026_01_ATL_PIT,1154786,2223,official
2026,1,7027,2026_01_ATL_PIT,1154787,2257,official
2026,1,7027,2026_01_ATL_PIT,1154788,2280,official
2026,1,7027,2026_01_ATL_PIT,1154789,2317,official
2026,1,7027,2026_01_ATL_PIT,1154790,2305,official
2026,1,7027,2026_01_ATL_PIT,1154791,2342,official
2026,1,7027,2026_01_ATL_PIT,1154792,2379,official
2026,1,7027,2026_01_ATL_PIT,1154793,2397,official
2026,1,7027,2026_01_ATL_PIT,1154794,2420,official
2026,1,7027,2026_01_ATL_PIT,1154795,2457,official
2026,1,7027,2026_01_ATL_PIT,1154796,2445,official
2026,1,7027,2026_01_ATL_PIT,1154797,2492,official
2026,1,7027,2026_01_ATL_PIT,1154798,2515,official
2026,1,7027,2026_01_ATL_PIT,1154799,2537,official
2026,1,7027,2026_01_ATL_PIT,1154800,2561,official
2026,1,7027,2026_01_ATL_PIT,1154801,2583,official
2026,1,7027,2026_01_ATL_PIT,1154802,2605,official
2026,1,7027,2026_01_ATL_PIT,1154803,2638,official
2026,1,7027,2026_01_ATL_PIT,1154804,2660,official
2026,1,7027,2026_01_ATL_PIT,1154805,2683,official
2026,1,7027,2026_01_ATL_PIT,1154806,2706,official
2026,1,7027,2026_01_ATL_PIT,1154807,2727,official
2026,1,7027,2026_01_ATL_PIT,1154808,2756,official
2026,1,7027,2026_01_ATL_PIT,1154809,2778,official
2026,1,7027,2026_01_ATL_PIT,1154810,2804,official
2026,1,7027,2026_01_ATL_PIT,1154811,2848,official
2026,1,7027,2026_01_ATL_PIT,1154812,2881,official
2026,1,7027,2026_01_ATL_PIT,1154813,2903,official
2026,1,7027,2026_01_ATL_PIT,1154814,2939,official
2026,1,7027,2026_01_ATL_PIT,1154815,2961,official
2026,1,7027,2026_01_ATL_PIT,1154816,2984,official
2026,1,7027,2026_01_ATL_PIT,1154817,3012,official
2026,1,7027,2026_01_ATL_PIT,1154818,3030,official
2026,1,7027,2026_01_ATL_PIT,1154819,3067,official
2026,1,7027,2026_01_ATL_PIT,1154820,3091,official
2026,1,7027,2026_01_ATL_PIT,1154821,3116,official
2026,1,7027,2026_01_ATL_PIT,1154822,3146,official
2026,1,7027,2026_01_ATL_PIT,1154823,3169,official
2026,1,7027,2026_01_ATL_PIT,1154824,3192,official
2026,1,7027,2026_01_ATL_PIT,1154825,3240,official
2026,1,7027,2026_01_ATL_PIT,1154826,3262,official
2026,1,7027,2026_01_ATL_PIT,1154827,3282,official
2026,1,7027,2026_01_ATL_PIT,1154828,3304,official
2026,1,7027,2026_01_ATL_PIT,1154829,3324,official
2026,1,7027,2026_01_ATL_PIT,1154830,3354,official
2026,1,7027,2026_01_ATL_PIT,1154831,3379,official
2026,1,7027,2026_01_ATL_PIT,1154832,3404,official
2026,1,7027,2026_01_ATL_PIT,1154833,3430,official
2026,1,7027,2026_01_ATL_PIT,1154834,3456,official
2026,1,7027,2026_01_ATL_PIT,1154835,3498,official
2026,1,7027,2026_01_ATL_PIT,1154836,3537,official
2026,1,7027,2026_01_ATL_PIT,1154837,3525,official
2026,1,7027,2026_01_ATL_PIT,1154838,3560,official
2026,1,7027,2026_01_ATL_PIT,1154839,3575,official
2026,1,7027,2026_01_ATL_PIT,1154840,3598,official
2026,1,7027,2026_01_ATL_PIT,1154841,3620,official
2026,1,7027,2026_01_ATL_PIT,1154842,3645,official
2026,1,7027,2026_01_ATL_PIT,1154843,3667,official
2026,1,7027,2026_01_ATL_PIT,1154844,3689,official
2026,1,7027,2026_01_ATL_PIT,1154845,3713,official
2026,1,7027,2026_01_ATL_PIT,1154846,3733,official
2026,1,7027,2026_01_ATL_PIT,1154847,3769,official
2026,1,7027,2026_01_ATL_PIT,1154848,3791,official
2026,1,7027,2026_01_ATL_PIT,1154849,3816,official
2026,1,7027,2026_01_ATL_PIT,1154850,3853,official
2026,1,7027,2026_01_ATL_PIT,1154851,3841,official
2026,1,7027,2026_01_ATL_PIT,1154852,3873,official
2026,1,7027,2026_01_ATL_PIT,1154853,3893,official
2026,1,7027,2026_01_ATL_PIT,1154854,3914,official
2026,1,7027,2026_01_ATL_PIT,1154855,3951,official
2026,1,7027,2026_01_ATL_PIT,1154856,3978,official
2026,1,7027,2026_01_ATL_PIT,1154857,4000,official
2026,1,7027,2026_01_ATL_PIT,1154858,4020,official
2026,1,7027,2026_01_ATL_PIT,1154859,4040,official
2026,1,7027,2026_01_ATL_PIT,1154860,4062,official
2026,1,7027,2026_01_ATL_PIT,1154861,4092,official
2026,1,7027,2026_01_ATL_PIT,1154862,4126,official
2026,1,7027,2026_01_ATL_PIT,1154863,4114,official
2026,1,7027,2026_01_ATL_PIT,1154864,4158,official
2026,1,7027,2026_01_ATL_PIT,1154865,4146,official
2026,1,7027,2026_01_ATL_PIT,1154866,4178,official
2026,1,7027,2026_01_ATL_PIT,1154867,4217,official
2026,1,7027,2026_01_ATL_PIT,1154868,4205,official
2026,1,7027,2026_01_ATL_PIT,1154869,4234,official
2026,1,7027,2026_01_ATL_PIT,1154870,4263,official
2026,1,7027,2026_01_ATL_PIT,1154871,4285,official
2026,1,7028,2026_01_NYJ_TEN,1154872,40,official
2026,1,7028,2026_01_NYJ_TEN,1154873,67,official
2026,1,7028,2026_01_NYJ_TEN,1154874,89,official
2026,1,7028,2026_01_NYJ_TEN,1154875,123,official
2026,1,7028,2026_01_NYJ_TEN,1154876,148,official
2026,1,7028,2026_01_NYJ_TEN,1154877,170,official
2026,1,7028,2026_01_NYJ_TEN,1154878,205,official
2026,1,7028,2026_01_NYJ_TEN,1154879,229,official
2026,1,7028,2026_01_NYJ_TEN,1154880,251,official
2026,1,7028,2026_01_NYJ_TEN,1154881,276,official
2026,1,7028,2026_01_NYJ_TEN,1154882,310,official
2026,1,7028,2026_01_NYJ_TEN,1154883,298,official
2026,1,7028,2026_01_NYJ_TEN,1154884,328,official
2026,1,7028,2026_01_NYJ_TEN,1154885,343,official
2026,1,7028,2026_01_NYJ_TEN,1154886,367,official
2026,1,7028,2026_01_NYJ_TEN,1154887,389,official
2026,1,7028,2026_01_NYJ_TEN,1154888,411,official
2026,1,7028,2026_01_NYJ_TEN,1154889,438,official
2026,1,7028,2026_01_NYJ_TEN,1154890,468,official
2026,1,7028,2026_01_NYJ_TEN,1154891,491,official
2026,1,7028,2026_01_NYJ_TEN,1154892,513,official
2026,1,7028,2026_01_NYJ_TEN,1154893,549,official
2026,1,7028,2026_01_NYJ_TEN,1154894,583,official
2026,1,7028,2026_01_NYJ_TEN,1154895,613,official
2026,1,7028,2026_01_NYJ_TEN,1154896,637,official
2026,1,7028,2026_01_NYJ_TEN,1154897,666,official
2026,1,7028,2026_01_NYJ_TEN,1154898,694,official
2026,1,7028,2026_01_NYJ_TEN,1154899,737,official
2026,1,7028,2026_01_NYJ_TEN,1154900,757,official
2026,1,7028,2026_01_NYJ_TEN,1154901,790,official
2026,1,7028,2026_01_NYJ_TEN,1154902,886,official
2026,1,7028,2026_01_NYJ_TEN,1154903,918,official
2026,1,7028,2026_01_NYJ_TEN,1154904,945,official
2026,1,7028,2026_01_NYJ_TEN,1154905,974,official
2026,1,7028,2026_01_NYJ_TEN,1154906,1006,official
2026,1,7028,2026_01_NYJ_TEN,1154907,1029,official
2026,1,7028,2026_01_NYJ_TEN,1154908,1054,official
2026,1,7028,2026_01_NYJ_TEN,1154909,1074,official
2026,1,7028,2026_01_NYJ_TEN,1154910,1096,official
2026,1,7028,2026_01_NYJ_TEN,1154911,1118,official
2026,1,7028,2026_01_NYJ_TEN,1154912,1160,official
2026,1,7028,2026_01_NYJ_TEN,1154913,1182,official
2026,1,7028,2026_01_NYJ_TEN,1154914,1204,official
2026,1,7028,2026_01_NYJ_TEN,1154915,1226,official
2026,1,7028,2026_01_NYJ_TEN,1154916,1248,official
2026,1,7028,2026_01_NYJ_TEN,1154917,1270,official
2026,1,7028,2026_01_NYJ_TEN,1154918,1292,official
2026,1,7028,2026_01_NYJ_TEN,1154919,1331,official
2026,1,7028,2026_01_NYJ_TEN,1154920,1319,official
2026,1,7028,2026_01_NYJ_TEN,1154921,1351,official
2026,1,7028,2026_01_NYJ_TEN,1154922,1376,official
2026,1,7028,2026_01_NYJ_TEN,1154923,1398,official
2026,1,7028,2026_01_NYJ_TEN,1154924,1420,official
2026,1,7028,2026_01_NYJ_TEN,1154925,1442,official
2026,1,7028,2026_01_NYJ_TEN,1154926,1464,official
2026,1,7028,2026_01_NYJ_TEN,1154927,1486,official
2026,1,7028,2026_01_NYJ_TEN,1154928,1510,official
2026,1,7028,2026_01_NYJ_TEN,1154929,1533,official
2026,1,7028,2026_01_NYJ_TEN,1154930,1553,official
2026,1,7028,2026_01_NYJ_TEN,1154931,1599,official
2026,1,7028,2026_01_NYJ_TEN,1154932,1621,official
2026,1,7028,2026_01_NYJ_TEN,1154933,1649,official
2026,1,7028,2026_01_NYJ_TEN,1154934,1674,official
2026,1,7028,2026_01_NYJ_TEN,1154935,1695,official
2026,1,7028,2026_01_NYJ_TEN,1154936,1724,official
2026,1,7028,2026_01_NYJ_TEN,1154937,1766,official
2026,1,7028,2026_01_NYJ_TEN,1154938,1789,official
2026,1,7028,2026_01_NYJ_TEN,1154939,1807,official
2026,1,7028,2026_01_NYJ_TEN,1154940,1837,official
2026,1,7028,2026_01_NYJ_TEN,1154941,1874,official
2026,1,7028,2026_01_NYJ_TEN,1154942,1862,official
2026,1,7028,2026_01_NYJ_TEN,1154943,1892,official
2026,1,7028,2026_01_NYJ_TEN,1154944,1979,official
2026,1,7028,2026_01_NYJ_TEN,1154945,1922,official
2026,1,7028,2026_01_NYJ_TEN,1154946,1999,official
2026,1,7028,2026_01_NYJ_TEN,1154947,2045,official
2026,1,7028,2026_01_NYJ_TEN,1154948,2071,official
2026,1,7028,2026_01_NYJ_TEN,1154949,2111,official
2026,1,7028,2026_01_NYJ_TEN,1154950,2136,official
2026,1,7028,2026_01_NYJ_TEN,1154951,2166,official
2026,1,7028,2026_01_NYJ_TEN,1154952,2191,official
2026,1,7028,2026_01_NYJ_TEN,1154953,2214,official
2026,1,7028,2026_01_NYJ_TEN,1154954,2232,official
2026,1,7028,2026_01_NYJ_TEN,1154955,2264,official
2026,1,7028,2026_01_NYJ_TEN,1154956,2294,official
2026,1,7028,2026_01_NYJ_TEN,1154957,2327,official
2026,1,7028,2026_01_NYJ_TEN,1154958,2352,official
2026,1,7028,2026_01_NYJ_TEN,1154959,2374,official
2026,1,7028,2026_01_NYJ_TEN,1154960,2408,official
2026,1,7028,2026_01_NYJ_TEN,1154961,2423,official
2026,1,7028,2026_01_NYJ_TEN,1154962,2463,official
2026,1,7028,2026_01_NYJ_TEN,1154963,2486,official
2026,1,7028,2026_01_NYJ_TEN,1154964,2516,official
2026,1,7028,2026_01_NYJ_TEN,1154965,2539,official
2026,1,7028,2026_01_NYJ_TEN,1154966,2565,official
2026,1,7028,2026_01_NYJ_TEN,1154967,2599,official
2026,1,7028,2026_01_NYJ_TEN,1154968,2621,official
2026,1,7028,2026_01_NYJ_TEN,1154969,2651,official
2026,1,7028,2026_01_NYJ_TEN,1154970,2687,official
2026,1,7028,2026_01_NYJ_TEN,1154971,2710,official
2026,1,7028,2026_01_NYJ_TEN,1154972,2735,official
2026,1,7028,2026_01_NYJ_TEN,1154973,2770,official
2026,1,7028,2026_01_NYJ_TEN,1154974,2804,official
2026,1,7028,2026_01_NYJ_TEN,1154975,2824,official
2026,1,7028,2026_01_NYJ_TEN,1154976,2859,official
2026,1,7028,2026_01_NYJ_TEN,1154977,2881,official
2026,1,7028,2026_01_NYJ_TEN,1154978,2904,official
2026,1,7028,2026_01_NYJ_TEN,1154979,2929,official
2026,1,7028,2026_01_NYJ_TEN,1154980,2956,official
2026,1,7028,2026_01_NYJ_TEN,1154981,2990,official
2026,1,7028,2026_01_NYJ_TEN,1154982,2978,official
2026,1,7028,2026_01_NYJ_TEN,1154983,3008,official
2026,1,7028,2026_01_NYJ_TEN,1154984,3028,official
2026,1,7028,2026_01_NYJ_TEN,1154985,3046,official
2026,1,7028,2026_01_NYJ_TEN,1154986,3071,official
2026,1,7028,2026_01_NYJ_TEN,1154987,3113,official
2026,1,7028,2026_01_NYJ_TEN,1154988,3135,official
2026,1,7028,2026_01_NYJ_TEN,1154989,3161,official
2026,1,7028,2026_01_NYJ_TEN,1154990,3183,official
2026,1,7028,2026_01_NYJ_TEN,1154991,3207,official
2026,1,7028,2026_01_NYJ_TEN,1154992,3227,official
2026,1,7028,2026_01_NYJ_TEN,1154993,3252,official
2026,1,7028,2026_01_NYJ_TEN,1154994,3271,official
2026,1,7028,2026_01_NYJ_TEN,1154995,3300,official
2026,1,7028,2026_01_NYJ_TEN,1154996,3322,official
2026,1,7028,2026_01_NYJ_TEN,1154997,3347,official
2026,1,7028,2026_01_NYJ_TEN,1154998,3371,official
2026,1,7028,2026_01_NYJ_TEN,1154999,3391,official
2026,1,7028,2026_01_NYJ_TEN,1155000,3434,official
2026,1,7028,2026_01_NYJ_TEN,1155001,3459,official
2026,1,7028,2026_01_NYJ_TEN,1155002,3484,official
2026,1,7028,2026_01_NYJ_TEN,1155003,3507,official
2026,1,7028,2026_01_NYJ_TEN,1155004,3530,official
2026,1,7028,2026_01_NYJ_TEN,1155005,3556,official
2026,1,7028,2026_01_NYJ_TEN,1155006,3583,official
2026,1,7028,2026_01_NYJ_TEN,1155007,3615,official
2026,1,7028,2026_01_NYJ_TEN,1155008,3637,official
2026,1,7028,2026_01_NYJ_TEN,1155009,3671,official
2026,1,7028,2026_01_NYJ_TEN,1155010,3659,official
2026,1,7028,2026_01_NYJ_TEN,1155011,3686,official
2026,1,7028,2026_01_NYJ_TEN,1155012,3712,official
2026,1,7028,2026_01_NYJ_TEN,1155013,3737,official
2026,1,7028,2026_01_NYJ_TEN,1155014,3762,official
2026,1,7028,2026_01_NYJ_TEN,1155015,3787,official
2026,1,7028,2026_01_NYJ_TEN,1155016,3817,official
2026,1,7028,2026_01_NYJ_TEN,1155017,3842,official
2026,1,7028,2026_01_NYJ_TEN,1155018,3864,official
2026,1,7028,2026_01_NYJ_TEN,1155019,3887,official
2026,1,7028,2026_01_NYJ_TEN,1155020,3910,official
2026,1,7028,2026_01_NYJ_TEN,1155021,3936,official
2026,1,7028,2026_01_NYJ_TEN,1155022,3951,official
2026,1,7028,2026_01_NYJ_TEN,1155023,3974,official
2026,1,7028,2026_01_NYJ_TEN,1155024,4008,official
2026,1,7028,2026_01_NYJ_TEN,1155025,3996,official
2026,1,7028,2026_01_NYJ_TEN,1155026,4028,official
2026,1,7028,2026_01_NYJ_TEN,1155027,4060,official
2026,1,7028,2026_01_NYJ_TEN,1155028,4082,official
2026,1,7029,2026_01_ARI_LAC,1155029,39,official
2026,1,7029,2026_01_ARI_LAC,1155030,62,official
2026,1,7029,2026_01_ARI_LAC,1155031,87,official
2026,1,7029,2026_01_ARI_LAC,1155032,109,official
2026,1,7029,2026_01_ARI_LAC,1155033,132,official
2026,1,7029,2026_01_ARI_LAC,1155034,154,official
2026,1,7029,2026_01_ARI_LAC,1155035,181,official
2026,1,7029,2026_01_ARI_LAC,1155036,203,official
2026,1,7029,2026_01_ARI_LAC,1155037,225,official
2026,1,7029,2026_01_ARI_LAC,1155038,247,official
2026,1,7029,2026_01_ARI_LAC,1155039,284,official
2026,1,7029,2026_01_ARI_LAC,1155040,272,official
2026,1,7029,2026_01_ARI_LAC,1155041,301,official
2026,1,7029,2026_01_ARI_LAC,1155042,319,official
2026,1,7029,2026_01_ARI_LAC,1155043,334,official
2026,1,7029,2026_01_ARI_LAC,1155044,364,official
2026,1,7029,2026_01_ARI_LAC,1155045,386,official
2026,1,7029,2026_01_ARI_LAC,1155046,411,official
2026,1,7029,2026_01_ARI_LAC,1155047,433,official
2026,1,7029,2026_01_ARI_LAC,1155048,458,official
2026,1,7029,2026_01_ARI_LAC,1155049,483,official
2026,1,7029,2026_01_ARI_LAC,1155050,505,official
2026,1,7029,2026_01_ARI_LAC,1155051,527,official
2026,1,7029,2026_01_ARI_LAC,1155052,545,official
2026,1,7029,2026_01_ARI_LAC,1155053,560,official
2026,1,7029,2026_01_ARI_LAC,1155054,590,official
2026,1,7029,2026_01_ARI_LAC,1155055,612,official
2026,1,7029,2026_01_ARI_LAC,1155056,637,official
2026,1,7029,2026_01_ARI_LAC,1155057,678,official
2026,1,7029,2026_01_ARI_LAC,1155058,703,official
2026,1,7029,2026_01_ARI_LAC,1155059,728,official
2026,1,7029,2026_01_ARI_LAC,1155060,753,official
2026,1,7029,2026_01_ARI_LAC,1155061,798,official
2026,1,7029,2026_01_ARI_LAC,1155062,821,official
2026,1,7029,2026_01_ARI_LAC,1155063,842,official
2026,1,7029,2026_01_ARI_LAC,1155064,871,official
2026,1,7029,2026_01_ARI_LAC,1155065,901,official
2026,1,7029,2026_01_ARI_LAC,1155066,924,official
2026,1,7029,2026_01_ARI_LAC,1155067,962,official
2026,1,7029,2026_01_ARI_LAC,1155068,994,official
2026,1,7029,2026_01_ARI_LAC,1155069,1018,official
2026,1,7029,2026_01_ARI_LAC,1155070,1045,official
2026,1,7029,2026_01_ARI_LAC,1155071,1072,official
2026,1,7029,2026_01_ARI_LAC,1155072,1094,official
2026,1,7029,2026_01_ARI_LAC,1155073,1116,official
2026,1,7029,2026_01_ARI_LAC,1155074,1150,official
2026,1,7029,2026_01_ARI_LAC,1155075,1172,official
2026,1,7029,2026_01_ARI_LAC,1155076,1197,official
2026,1,7029,2026_01_ARI_LAC,1155077,1222,official
2026,1,7029,2026_01_ARI_LAC,1155078,1244,official
2026,1,7029,2026_01_ARI_LAC,1155079,1269,official
2026,1,7029,2026_01_ARI_LAC,1155080,1299,official
2026,1,7029,2026_01_ARI_LAC,1155081,1322,official
2026,1,7029,2026_01_ARI_LAC,1155082,1363,official
2026,1,7029,2026_01_ARI_LAC,1155083,1399,official
2026,1,7029,2026_01_ARI_LAC,1155084,1433,official
2026,1,7029,2026_01_ARI_LAC,1155085,1455,official
2026,1,7029,2026_01_ARI_LAC,1155086,1480,official
2026,1,7029,2026_01_ARI_LAC,1155087,1502,official
2026,1,7029,2026_01_ARI_LAC,1155088,1527,official
2026,1,7029,2026_01_ARI_LAC,1155089,1549,official
2026,1,7029,2026_01_ARI_LAC,1155090,1574,official
2026,1,7029,2026_01_ARI_LAC,1155091,1596,official
2026,1,7029,2026_01_ARI_LAC,1155092,1619,official
2026,1,7029,2026_01_ARI_LAC,1155093,1641,official
2026,1,7029,2026_01_ARI_LAC,1155094,1668,official
2026,1,7029,2026_01_ARI_LAC,1155095,1697,official
2026,1,7029,2026_01_ARI_LAC,1155096,1722,official
2026,1,7029,2026_01_ARI_LAC,1155097,1747,official
2026,1,7029,2026_01_ARI_LAC,1155098,1781,official
2026,1,7029,2026_01_ARI_LAC,1155099,1818,official
2026,1,7029,2026_01_ARI_LAC,1155100,1806,official
2026,1,7029,2026_01_ARI_LAC,1155101,1836,official
2026,1,7029,2026_01_ARI_LAC,1155102,1873,official
2026,1,7029,2026_01_ARI_LAC,1155103,1861,official
2026,1,7029,2026_01_ARI_LAC,1155104,1903,official
2026,1,7029,2026_01_ARI_LAC,1155105,1891,official
2026,1,7029,2026_01_ARI_LAC,1155106,1932,official
2026,1,7029,2026_01_ARI_LAC,1155107,1970,official
2026,1,7029,2026_01_ARI_LAC,1155108,1993,official
2026,1,7029,2026_01_ARI_LAC,1155109,2018,official
2026,1,7029,2026_01_ARI_LAC,1155110,2063,official
2026,1,7029,2026_01_ARI_LAC,1155111,2040,official
2026,1,7029,2026_01_ARI_LAC,1155112,2080,official
2026,1,7029,2026_01_ARI_LAC,1155113,2109,official
2026,1,7029,2026_01_ARI_LAC,1155114,2131,official
2026,1,7029,2026_01_ARI_LAC,1155115,2154,official
2026,1,7029,2026_01_ARI_LAC,1155116,2174,official
2026,1,7029,2026_01_ARI_LAC,1155117,2203,official
2026,1,7029,2026_01_ARI_LAC,1155118,2228,official
2026,1,7029,2026_01_ARI_LAC,1155119,2252,official
2026,1,7029,2026_01_ARI_LAC,1155120,2277,official
2026,1,7029,2026_01_ARI_LAC,1155121,2302,official
2026,1,7029,2026_01_ARI_LAC,1155122,2324,official
2026,1,7029,2026_01_ARI_LAC,1155123,2346,official
2026,1,7029,2026_01_ARI_LAC,1155124,2369,official
2026,1,7029,2026_01_ARI_LAC,1155125,2392,official
2026,1,7029,2026_01_ARI_LAC,1155126,2412,official
2026,1,7029,2026_01_ARI_LAC,1155127,2435,official
2026,1,7029,2026_01_ARI_LAC,1155128,2481,official
2026,1,7029,2026_01_ARI_LAC,1155129,2503,official
2026,1,7029,2026_01_ARI_LAC,1155130,2530,official
2026,1,7029,2026_01_ARI_LAC,1155131,2551,official
2026,1,7029,2026_01_ARI_LAC,1155132,2566,official
2026,1,7029,2026_01_ARI_LAC,1155133,2596,official
2026,1,7029,2026_01_ARI_LAC,1155134,2619,official
2026,1,7029,2026_01_ARI_LAC,1155135,2644,official
2026,1,7029,2026_01_ARI_LAC,1155136,2680,official
2026,1,7029,2026_01_ARI_LAC,1155137,2702,official
2026,1,7029,2026_01_ARI_LAC,1155138,2727,official
2026,1,7029,2026_01_ARI_LAC,1155139,2751,official
2026,1,7029,2026_01_ARI_LAC,1155140,2781,official
2026,1,7029,2026_01_ARI_LAC,1155141,2804,official
2026,1,7029,2026_01_ARI_LAC,1155142,2829,official
2026,1,7029,2026_01_ARI_LAC,1155143,2849,official
2026,1,7029,2026_01_ARI_LAC,1155144,2886,official
2026,1,7029,2026_01_ARI_LAC,1155145,2908,official
2026,1,7029,2026_01_ARI_LAC,1155146,2932,official
2026,1,7029,2026_01_ARI_LAC,1155147,2955,official
2026,1,7029,2026_01_ARI_LAC,1155148,2977,official
2026,1,7029,2026_01_ARI_LAC,1155149,3000,official
2026,1,7029,2026_01_ARI_LAC,1155150,3035,official
2026,1,7029,2026_01_ARI_LAC,1155151,3077,official
2026,1,7029,2026_01_ARI_LAC,1155152,3102,official
2026,1,7029,2026_01_ARI_LAC,1155153,3127,official
2026,1,7029,2026_01_ARI_LAC,1155154,3155,official
2026,1,7029,2026_01_ARI_LAC,1155155,3175,official
2026,1,7029,2026_01_ARI_LAC,1155156,3200,official
2026,1,7029,2026_01_ARI_LAC,1155157,3223,official
2026,1,7029,2026_01_ARI_LAC,1155158,3261,official
2026,1,7029,2026_01_ARI_LAC,1155159,3285,official
2026,1,7029,2026_01_ARI_LAC,1155160,3309,official
2026,1,7029,2026_01_ARI_LAC,1155161,3324,official
2026,1,7029,2026_01_ARI_LAC,1155162,3347,official
2026,1,7029,2026_01_ARI_LAC,1155163,3372,official
2026,1,7029,2026_01_ARI_LAC,1155164,3394,official
2026,1,7029,2026_01_ARI_LAC,1155165,3419,official
2026,1,7029,2026_01_ARI_LAC,1155166,3467,official
2026,1,7029,2026_01_ARI_LAC,1155167,3496,official
2026,1,7029,2026_01_ARI_LAC,1155168,3518,official
2026,1,7029,2026_01_ARI_LAC,1155169,3543,official
2026,1,7029,2026_01_ARI_LAC,1155170,3565,official
2026,1,7029,2026_01_ARI_LAC,1155171,3587,official
2026,1,7029,2026_01_ARI_LAC,1155172,3609,official
2026,1,7029,2026_01_ARI_LAC,1155173,3631,official
2026,1,7029,2026_01_ARI_LAC,1155174,3660,official
2026,1,7029,2026_01_ARI_LAC,1155175,3686,official
2026,1,7029,2026_01_ARI_LAC,1155176,3713,official
2026,1,7029,2026_01_ARI_LAC,1155177,3736,official
2026,1,7029,2026_01_ARI_LAC,1155178,3760,official
2026,1,7029,2026_01_ARI_LAC,1155179,3784,official
2026,1,7029,2026_01_ARI_LAC,1155180,3821,official
2026,1,7029,2026_01_ARI_LAC,1155181,3861,official
2026,1,7029,2026_01_ARI_LAC,1155182,3849,official
2026,1,7029,2026_01_ARI_LAC,1155183,3881,official
2026,1,7029,2026_01_ARI_LAC,1155184,3917,official
2026,1,7029,2026_01_ARI_LAC,1155185,3951,official
2026,1,7029,2026_01_ARI_LAC,1155186,3939,official
2026,1,7029,2026_01_ARI_LAC,1155187,3968,official
2026,1,7029,2026_01_ARI_LAC,1155188,3990,official
2026,1,7029,2026_01_ARI_LAC,1155189,4010,official
2026,1,7029,2026_01_ARI_LAC,1155190,4027,official
2026,1,7029,2026_01_ARI_LAC,1155191,4047,official
2026,1,7029,2026_01_ARI_LAC,1155192,4070,official
2026,1,7029,2026_01_ARI_LAC,1155193,4095,official
2026,1,7029,2026_01_ARI_LAC,1155194,4127,official
2026,1,7029,2026_01_ARI_LAC,1155195,4149,official
2026,1,7029,2026_01_ARI_LAC,1155196,4171,official
2026,1,7030,2026_01_MIA_LV,1155197,39,official
2026,1,7030,2026_01_MIA_LV,1155198,62,official
2026,1,7030,2026_01_MIA_LV,1155199,84,official
2026,1,7030,2026_01_MIA_LV,1155200,111,official
2026,1,7030,2026_01_MIA_LV,1155201,133,official
2026,1,7030,2026_01_MIA_LV,1155202,158,official
2026,1,7030,2026_01_MIA_LV,1155203,183,official
2026,1,7030,2026_01_MIA_LV,1155204,205,official
2026,1,7030,2026_01_MIA_LV,1155205,228,official
2026,1,7030,2026_01_MIA_LV,1155206,252,official
2026,1,7030,2026_01_MIA_LV,1155207,295,official
2026,1,7030,2026_01_MIA_LV,1155208,315,official
2026,1,7030,2026_01_MIA_LV,1155209,337,official
2026,1,7030,2026_01_MIA_LV,1155210,359,official
2026,1,7030,2026_01_MIA_LV,1155211,381,official
2026,1,7030,2026_01_MIA_LV,1155212,411,official
2026,1,7030,2026_01_MIA_LV,1155213,436,official
2026,1,7030,2026_01_MIA_LV,1155214,461,official
2026,1,7030,2026_01_MIA_LV,1155215,486,official
2026,1,7030,2026_01_MIA_LV,1155216,516,official
2026,1,7030,2026_01_MIA_LV,1155217,546,official
2026,1,7030,2026_01_MIA_LV,1155218,568,official
2026,1,7030,2026_01_MIA_LV,1155219,590,official
2026,1,7030,2026_01_MIA_LV,1155220,647,official
2026,1,7030,2026_01_MIA_LV,1155221,669,official
2026,1,7030,2026_01_MIA_LV,1155222,696,official
2026,1,7030,2026_01_MIA_LV,1155223,721,official
2026,1,7030,2026_01_MIA_LV,1155224,747,official
2026,1,7030,2026_01_MIA_LV,1155225,762,official
2026,1,7030,2026_01_MIA_LV,1155226,792,official
2026,1,7030,2026_01_MIA_LV,1155227,814,official
2026,1,7030,2026_01_MIA_LV,1155228,854,official
2026,1,7030,2026_01_MIA_LV,1155229,879,official
2026,1,7030,2026_01_MIA_LV,1155230,905,official
2026,1,7030,2026_01_MIA_LV,1155231,934,official
2026,1,7030,2026_01_MIA_LV,1155232,959,official
2026,1,7030,2026_01_MIA_LV,1155233,998,official
2026,1,7030,2026_01_MIA_LV,1155234,1020,official
2026,1,7030,2026_01_MIA_LV,1155235,1042,official
2026,1,7030,2026_01_MIA_LV,1155236,1064,official
2026,1,7030,2026_01_MIA_LV,1155237,1087,official
2026,1,7030,2026_01_MIA_LV,1155238,1173,official
2026,1,7030,2026_01_MIA_LV,1155239,1193,official
2026,1,7030,2026_01_MIA_LV,1155240,1217,official
2026,1,7030,2026_01_MIA_LV,1155241,1240,official
2026,1,7030,2026_01_MIA_LV,1155242,1262,official
2026,1,7030,2026_01_MIA_LV,1155243,1287,official
2026,1,7030,2026_01_MIA_LV,1155244,1309,official
2026,1,7030,2026_01_MIA_LV,1155245,1331,official
2026,1,7030,2026_01_MIA_LV,1155246,1367,official
2026,1,7030,2026_01_MIA_LV,1155247,1391,official
2026,1,7030,2026_01_MIA_LV,1155248,1424,official
2026,1,7030,2026_01_MIA_LV,1155249,1457,official
2026,1,7030,2026_01_MIA_LV,1155250,1489,official
2026,1,7030,2026_01_MIA_LV,1155251,1519,official
2026,1,7030,2026_01_MIA_LV,1155252,1543,official
2026,1,7030,2026_01_MIA_LV,1155253,1563,official
2026,1,7030,2026_01_MIA_LV,1155254,1606,official
2026,1,7030,2026_01_MIA_LV,1155255,1628,official
2026,1,7030,2026_01_MIA_LV,1155256,1650,official
2026,1,7030,2026_01_MIA_LV,1155257,1672,official
2026,1,7030,2026_01_MIA_LV,1155258,1704,official
2026,1,7030,2026_01_MIA_LV,1155259,1727,official
2026,1,7030,2026_01_MIA_LV,1155260,1764,official
2026,1,7030,2026_01_MIA_LV,1155261,1752,official
2026,1,7030,2026_01_MIA_LV,1155262,1785,official
2026,1,7030,2026_01_MIA_LV,1155263,1800,official
2026,1,7030,2026_01_MIA_LV,1155264,1830,official
2026,1,7030,2026_01_MIA_LV,1155265,1853,official
2026,1,7030,2026_01_MIA_LV,1155266,1887,official
2026,1,7030,2026_01_MIA_LV,1155267,1875,official
2026,1,7030,2026_01_MIA_LV,1155268,1912,official
2026,1,7030,2026_01_MIA_LV,1155269,1947,official
2026,1,7030,2026_01_MIA_LV,1155270,1935,official
2026,1,7030,2026_01_MIA_LV,1155271,1979,official
2026,1,7030,2026_01_MIA_LV,1155272,1967,official
2026,1,7030,2026_01_MIA_LV,1155273,2012,official
2026,1,7030,2026_01_MIA_LV,1155274,2029,official
2026,1,7030,2026_01_MIA_LV,1155275,2051,official
2026,1,7030,2026_01_MIA_LV,1155276,2078,official
2026,1,7030,2026_01_MIA_LV,1155277,2108,official
2026,1,7030,2026_01_MIA_LV,1155278,2131,official
2026,1,7030,2026_01_MIA_LV,1155279,2205,official
2026,1,7030,2026_01_MIA_LV,1155280,2227,official
2026,1,7030,2026_01_MIA_LV,1155281,2250,official
2026,1,7030,2026_01_MIA_LV,1155282,2265,official
2026,1,7030,2026_01_MIA_LV,1155283,2310,official
2026,1,7030,2026_01_MIA_LV,1155284,2332,official
2026,1,7030,2026_01_MIA_LV,1155285,2357,official
2026,1,7030,2026_01_MIA_LV,1155286,2384,official
2026,1,7030,2026_01_MIA_LV,1155287,2406,official
2026,1,7030,2026_01_MIA_LV,1155288,2432,official
2026,1,7030,2026_01_MIA_LV,1155289,2447,official
2026,1,7030,2026_01_MIA_LV,1155290,2477,official
2026,1,7030,2026_01_MIA_LV,1155291,2500,official
2026,1,7030,2026_01_MIA_LV,1155292,2527,official
2026,1,7030,2026_01_MIA_LV,1155293,2556,official
2026,1,7030,2026_01_MIA_LV,1155294,2578,official
2026,1,7030,2026_01_MIA_LV,1155295,2601,official
2026,1,7030,2026_01_MIA_LV,1155296,2623,official
2026,1,7030,2026_01_MIA_LV,1155297,2645,official
2026,1,7030,2026_01_MIA_LV,1155298,2670,official
2026,1,7030,2026_01_MIA_LV,1155299,2692,official
2026,1,7030,2026_01_MIA_LV,1155300,2714,official
2026,1,7030,2026_01_MIA_LV,1155301,2736,official
2026,1,7030,2026_01_MIA_LV,1155302,2759,official
2026,1,7030,2026_01_MIA_LV,1155303,2781,official
2026,1,7030,2026_01_MIA_LV,1155304,2806,official
2026,1,7030,2026_01_MIA_LV,1155305,2842,official
2026,1,7030,2026_01_MIA_LV,1155306,2862,official
2026,1,7030,2026_01_MIA_LV,1155307,2897,official
2026,1,7030,2026_01_MIA_LV,1155308,2919,official
2026,1,7030,2026_01_MIA_LV,1155309,2941,official
2026,1,7030,2026_01_MIA_LV,1155310,2961,official
2026,1,7030,2026_01_MIA_LV,1155311,2982,official
2026,1,7030,2026_01_MIA_LV,1155312,3032,official
2026,1,7030,2026_01_MIA_LV,1155313,3055,official
2026,1,7030,2026_01_MIA_LV,1155314,3080,official
2026,1,7030,2026_01_MIA_LV,1155315,3098,official
2026,1,7030,2026_01_MIA_LV,1155316,3123,official
2026,1,7030,2026_01_MIA_LV,1155317,3146,official
2026,1,7030,2026_01_MIA_LV,1155318,3166,official
2026,1,7030,2026_01_MIA_LV,1155319,3192,official
2026,1,7030,2026_01_MIA_LV,1155320,3223,official
2026,1,7030,2026_01_MIA_LV,1155321,3257,official
2026,1,7030,2026_01_MIA_LV,1155322,3291,official
2026,1,7030,2026_01_MIA_LV,1155323,3279,official
2026,1,7030,2026_01_MIA_LV,1155324,3318,official
2026,1,7030,2026_01_MIA_LV,1155325,3348,official
2026,1,7030,2026_01_MIA_LV,1155326,3371,official
2026,1,7030,2026_01_MIA_LV,1155327,3391,official
2026,1,7030,2026_01_MIA_LV,1155328,3411,official
2026,1,7030,2026_01_MIA_LV,1155329,3440,official
2026,1,7030,2026_01_MIA_LV,1155330,3484,official
2026,1,7030,2026_01_MIA_LV,1155331,3467,official
2026,1,7030,2026_01_MIA_LV,1155332,3504,official
2026,1,7030,2026_01_MIA_LV,1155333,3526,official
2026,1,7030,2026_01_MIA_LV,1155334,3551,official
2026,1,7030,2026_01_MIA_LV,1155335,3580,official
2026,1,7030,2026_01_MIA_LV,1155336,3606,official
2026,1,7030,2026_01_MIA_LV,1155337,3645,official
2026,1,7030,2026_01_MIA_LV,1155338,3667,official
2026,1,7030,2026_01_MIA_LV,1155339,3692,official
2026,1,7030,2026_01_MIA_LV,1155340,3718,official
2026,1,7030,2026_01_MIA_LV,1155341,3740,official
2026,1,7030,2026_01_MIA_LV,1155342,3763,official
2026,1,7030,2026_01_MIA_LV,1155343,3787,official
2026,1,7030,2026_01_MIA_LV,1155344,3810,official
2026,1,7030,2026_01_MIA_LV,1155345,3844,official
2026,1,7030,2026_01_MIA_LV,1155346,3832,official
2026,1,7030,2026_01_MIA_LV,1155347,3873,official
2026,1,7030,2026_01_MIA_LV,1155348,3861,official
2026,1,7030,2026_01_MIA_LV,1155349,3907,official
2026,1,7030,2026_01_MIA_LV,1155350,3895,official
2026,1,7030,2026_01_MIA_LV,1155351,3930,official
2026,1,7030,2026_01_MIA_LV,1155352,3950,official
2026,1,7030,2026_01_MIA_LV,1155353,3975,official
2026,1,7030,2026_01_MIA_LV,1155354,4009,official
2026,1,7030,2026_01_MIA_LV,1155355,4050,official
2026,1,7030,2026_01_MIA_LV,1155356,4070,official
2026,1,7030,2026_01_MIA_LV,1155357,4097,official
2026,1,7030,2026_01_MIA_LV,1155358,4148,official
2026,1,7030,2026_01_MIA_LV,1155359,4170,official
2026,1,7030,2026_01_MIA_LV,1155360,4192,official
2026,1,7031,2026_01_GB_MIN,1155361,39,official
2026,1,7031,2026_01_GB_MIN,1155362,56,official
2026,1,7031,2026_01_GB_MIN,1155363,78,official
2026,1,7031,2026_01_GB_MIN,1155364,105,official
2026,1,7031,2026_01_GB_MIN,1155365,128,official
2026,1,7031,2026_01_GB_MIN,1155366,150,official
2026,1,7031,2026_01_GB_MIN,1155367,174,official
2026,1,7031,2026_01_GB_MIN,1155368,196,official
2026,1,7031,2026_01_GB_MIN,1155369,219,official
2026,1,7031,2026_01_GB_MIN,1155370,242,official
2026,1,7031,2026_01_GB_MIN,1155371,262,official
2026,1,7031,2026_01_GB_MIN,1155372,292,official
2026,1,7031,2026_01_GB_MIN,1155373,315,official
2026,1,7031,2026_01_GB_MIN,1155374,337,official
2026,1,7031,2026_01_GB_MIN,1155375,362,official
2026,1,7031,2026_01_GB_MIN,1155376,384,official
2026,1,7031,2026_01_GB_MIN,1155377,406,official
2026,1,7031,2026_01_GB_MIN,1155378,430,official
2026,1,7031,2026_01_GB_MIN,1155379,454,official
2026,1,7031,2026_01_GB_MIN,1155380,479,official
2026,1,7031,2026_01_GB_MIN,1155381,499,official
2026,1,7031,2026_01_GB_MIN,1155382,531,official
2026,1,7031,2026_01_GB_MIN,1155383,613,official
2026,1,7031,2026_01_GB_MIN,1155384,628,official
2026,1,7031,2026_01_GB_MIN,1155385,658,official
2026,1,7031,2026_01_GB_MIN,1155386,680,official
2026,1,7031,2026_01_GB_MIN,1155387,705,official
2026,1,7031,2026_01_GB_MIN,1155388,741,official
2026,1,7031,2026_01_GB_MIN,1155389,770,official
2026,1,7031,2026_01_GB_MIN,1155390,793,official
2026,1,7031,2026_01_GB_MIN,1155391,818,official
2026,1,7031,2026_01_GB_MIN,1155392,845,official
2026,1,7031,2026_01_GB_MIN,1155393,867,official
2026,1,7031,2026_01_GB_MIN,1155394,889,official
2026,1,7031,2026_01_GB_MIN,1155395,911,official
2026,1,7031,2026_01_GB_MIN,1155396,934,official
2026,1,7031,2026_01_GB_MIN,1155397,954,official
2026,1,7031,2026_01_GB_MIN,1155398,977,official
2026,1,7031,2026_01_GB_MIN,1155399,1001,official
2026,1,7031,2026_01_GB_MIN,1155400,1026,official
2026,1,7031,2026_01_GB_MIN,1155401,1051,official
2026,1,7031,2026_01_GB_MIN,1155402,1074,official
2026,1,7031,2026_01_GB_MIN,1155403,1116,official
2026,1,7031,2026_01_GB_MIN,1155404,1141,official
2026,1,7031,2026_01_GB_MIN,1155405,1170,official
2026,1,7031,2026_01_GB_MIN,1155406,1190,official
2026,1,7031,2026_01_GB_MIN,1155407,1213,official
2026,1,7031,2026_01_GB_MIN,1155408,1235,official
2026,1,7031,2026_01_GB_MIN,1155409,1257,official
2026,1,7031,2026_01_GB_MIN,1155410,1279,official
2026,1,7031,2026_01_GB_MIN,1155411,1301,official
2026,1,7031,2026_01_GB_MIN,1155412,1324,official
2026,1,7031,2026_01_GB_MIN,1155413,1349,official
2026,1,7031,2026_01_GB_MIN,1155414,1369,official
2026,1,7031,2026_01_GB_MIN,1155415,1401,official
2026,1,7031,2026_01_GB_MIN,1155416,1423,official
2026,1,7031,2026_01_GB_MIN,1155417,1446,official
2026,1,7031,2026_01_GB_MIN,1155418,1471,official
2026,1,7031,2026_01_GB_MIN,1155419,1491,official
2026,1,7031,2026_01_GB_MIN,1155420,1522,official
2026,1,7031,2026_01_GB_MIN,1155421,1544,official
2026,1,7031,2026_01_GB_MIN,1155422,1564,official
2026,1,7031,2026_01_GB_MIN,1155423,1590,official
2026,1,7031,2026_01_GB_MIN,1155424,1618,official
2026,1,7031,2026_01_GB_MIN,1155425,1641,official
2026,1,7031,2026_01_GB_MIN,1155426,1674,official
2026,1,7031,2026_01_GB_MIN,1155427,1697,official
2026,1,7031,2026_01_GB_MIN,1155428,1720,official
2026,1,7031,2026_01_GB_MIN,1155429,1751,official
2026,1,7031,2026_01_GB_MIN,1155430,1778,official
2026,1,7031,2026_01_GB_MIN,1155431,1802,official
2026,1,7031,2026_01_GB_MIN,1155432,1827,official
2026,1,7031,2026_01_GB_MIN,1155433,1863,official
2026,1,7031,2026_01_GB_MIN,1155434,1885,official
2026,1,7031,2026_01_GB_MIN,1155435,1908,official
2026,1,7031,2026_01_GB_MIN,1155436,1933,official
2026,1,7031,2026_01_GB_MIN,1155437,1976,official
2026,1,7031,2026_01_GB_MIN,1155438,1991,official
2026,1,7031,2026_01_GB_MIN,1155439,2026,official
2026,1,7031,2026_01_GB_MIN,1155440,2048,official
2026,1,7031,2026_01_GB_MIN,1155441,2073,official
2026,1,7031,2026_01_GB_MIN,1155442,2096,official
2026,1,7031,2026_01_GB_MIN,1155443,2121,official
2026,1,7031,2026_01_GB_MIN,1155444,2162,official
2026,1,7031,2026_01_GB_MIN,1155445,2196,official
2026,1,7031,2026_01_GB_MIN,1155446,2184,official
2026,1,7031,2026_01_GB_MIN,1155447,2212,official
2026,1,7031,2026_01_GB_MIN,1155448,2227,official
2026,1,7031,2026_01_GB_MIN,1155449,2250,official
2026,1,7031,2026_01_GB_MIN,1155450,2292,official
2026,1,7031,2026_01_GB_MIN,1155451,2326,official
2026,1,7031,2026_01_GB_MIN,1155452,2348,official
2026,1,7031,2026_01_GB_MIN,1155453,2373,official
2026,1,7031,2026_01_GB_MIN,1155454,2395,official
2026,1,7031,2026_01_GB_MIN,1155455,2418,official
2026,1,7031,2026_01_GB_MIN,1155456,2440,official
2026,1,7031,2026_01_GB_MIN,1155457,2459,official
2026,1,7031,2026_01_GB_MIN,1155458,2499,official
2026,1,7031,2026_01_GB_MIN,1155459,2521,official
2026,1,7031,2026_01_GB_MIN,1155460,2544,official
2026,1,7031,2026_01_GB_MIN,1155461,2570,official
2026,1,7031,2026_01_GB_MIN,1155462,2607,official
2026,1,7031,2026_01_GB_MIN,1155463,2629,official
2026,1,7031,2026_01_GB_MIN,1155464,2651,official
2026,1,7031,2026_01_GB_MIN,1155465,2673,official
2026,1,7031,2026_01_GB_MIN,1155466,2695,official
2026,1,7031,2026_01_GB_MIN,1155467,2720,official
2026,1,7031,2026_01_GB_MIN,1155468,2742,official
2026,1,7031,2026_01_GB_MIN,1155469,2767,official
2026,1,7031,2026_01_GB_MIN,1155470,2789,official
2026,1,7031,2026_01_GB_MIN,1155471,2824,official
2026,1,7031,2026_01_GB_MIN,1155472,2812,official
2026,1,7031,2026_01_GB_MIN,1155473,2842,official
2026,1,7031,2026_01_GB_MIN,1155474,2862,official
2026,1,7031,2026_01_GB_MIN,1155475,2892,official
2026,1,7031,2026_01_GB_MIN,1155476,2917,official
2026,1,7031,2026_01_GB_MIN,1155477,2939,official
2026,1,7031,2026_01_GB_MIN,1155478,2961,official
2026,1,7031,2026_01_GB_MIN,1155479,2984,official
2026,1,7031,2026_01_GB_MIN,1155480,3006,official
2026,1,7031,2026_01_GB_MIN,1155481,3027,official
2026,1,7031,2026_01_GB_MIN,1155482,3042,official
2026,1,7031,2026_01_GB_MIN,1155483,3072,official
2026,1,7031,2026_01_GB_MIN,1155484,3094,official
2026,1,7031,2026_01_GB_MIN,1155485,3119,official
2026,1,7031,2026_01_GB_MIN,1155486,3164,official
2026,1,7031,2026_01_GB_MIN,1155487,3189,official
2026,1,7031,2026_01_GB_MIN,1155488,3213,official
2026,1,7031,2026_01_GB_MIN,1155489,3236,official
2026,1,7031,2026_01_GB_MIN,1155490,3259,official
2026,1,7031,2026_01_GB_MIN,1155491,3290,official
2026,1,7031,2026_01_GB_MIN,1155492,3313,official
2026,1,7031,2026_01_GB_MIN,1155493,3344,official
2026,1,7031,2026_01_GB_MIN,1155494,3369,official
2026,1,7031,2026_01_GB_MIN,1155495,3391,official
2026,1,7031,2026_01_GB_MIN,1155496,3411,official
2026,1,7031,2026_01_GB_MIN,1155497,3442,official
2026,1,7031,2026_01_GB_MIN,1155498,3464,official
2026,1,7031,2026_01_GB_MIN,1155499,3489,official
2026,1,7031,2026_01_GB_MIN,1155500,3523,official
2026,1,7031,2026_01_GB_MIN,1155501,3545,official
2026,1,7031,2026_01_GB_MIN,1155502,3570,official
2026,1,7031,2026_01_GB_MIN,1155503,3592,official
2026,1,7031,2026_01_GB_MIN,1155504,3630,official
2026,1,7031,2026_01_GB_MIN,1155505,3648,official
2026,1,7031,2026_01_GB_MIN,1155506,3667,official
2026,1,7031,2026_01_GB_MIN,1155507,3697,official
2026,1,7031,2026_01_GB_MIN,1155508,3724,official
2026,1,7031,2026_01_GB_MIN,1155509,3754,official
2026,1,7031,2026_01_GB_MIN,1155510,3784,official
2026,1,7031,2026_01_GB_MIN,1155511,3813,official
2026,1,7031,2026_01_GB_MIN,1155512,3828,official
2026,1,7031,2026_01_GB_MIN,1155513,3852,official
2026,1,7031,2026_01_GB_MIN,1155514,3877,official
2026,1,7031,2026_01_GB_MIN,1155515,3909,official
2026,1,7031,2026_01_GB_MIN,1155516,3946,official
2026,1,7031,2026_01_GB_MIN,1155517,3934,official
2026,1,7031,2026_01_GB_MIN,1155518,3975,official
2026,1,7031,2026_01_GB_MIN,1155519,3963,official
2026,1,7031,2026_01_GB_MIN,1155520,3991,official
2026,1,7031,2026_01_GB_MIN,1155521,4006,official
2026,1,7031,2026_01_GB_MIN,1155522,4023,official
2026,1,7031,2026_01_GB_MIN,1155523,4046,official
2026,1,7031,2026_01_GB_MIN,1155524,4071,official
2026,1,7031,2026_01_GB_MIN,1155525,4110,official
2026,1,7031,2026_01_GB_MIN,1155526,4135,official
2026,1,7031,2026_01_GB_MIN,1155527,4158,official
2026,1,7031,2026_01_GB_MIN,1155528,4183,official
2026,1,7031,2026_01_GB_MIN,1155529,4208,official
2026,1,7031,2026_01_GB_MIN,1155530,4238,official
2026,1,7031,2026_01_GB_MIN,1155531,4263,official
2026,1,7031,2026_01_GB_MIN,1155532,4286,official
2026,1,7031,2026_01_GB_MIN,1155533,4309,official
2026,1,7031,2026_01_GB_MIN,1155534,4331,official
2026,1,7031,2026_01_GB_MIN,1155535,4353,official
2026,1,7032,2026_01_WAS_PHI,1155536,39,official
2026,1,7032,2026_01_WAS_PHI,1155537,62,official
2026,1,7032,2026_01_WAS_PHI,1155538,84,official
2026,1,7032,2026_01_WAS_PHI,1155539,106,official
2026,1,7032,2026_01_WAS_PHI,1155540,131,official
2026,1,7032,2026_01_WAS_PHI,1155541,180,official
2026,1,7032,2026_01_WAS_PHI,1155542,203,official
2026,1,7032,2026_01_WAS_PHI,1155543,225,official
2026,1,7032,2026_01_WAS_PHI,1155544,247,official
2026,1,7032,2026_01_WAS_PHI,1155545,267,official
2026,1,7032,2026_01_WAS_PHI,1155546,286,official
2026,1,7032,2026_01_WAS_PHI,1155547,309,official
2026,1,7032,2026_01_WAS_PHI,1155548,331,official
2026,1,7032,2026_01_WAS_PHI,1155549,358,official
2026,1,7032,2026_01_WAS_PHI,1155550,380,official
2026,1,7032,2026_01_WAS_PHI,1155551,410,official
2026,1,7032,2026_01_WAS_PHI,1155552,433,official
2026,1,7032,2026_01_WAS_PHI,1155553,452,official
2026,1,7032,2026_01_WAS_PHI,1155554,474,official
2026,1,7032,2026_01_WAS_PHI,1155555,497,official
2026,1,7032,2026_01_WAS_PHI,1155556,520,official
2026,1,7032,2026_01_WAS_PHI,1155557,546,official
2026,1,7032,2026_01_WAS_PHI,1155558,579,official
2026,1,7032,2026_01_WAS_PHI,1155559,604,official
2026,1,7032,2026_01_WAS_PHI,1155560,629,official
2026,1,7032,2026_01_WAS_PHI,1155561,649,official
2026,1,7032,2026_01_WAS_PHI,1155562,675,official
2026,1,7032,2026_01_WAS_PHI,1155563,697,official
2026,1,7032,2026_01_WAS_PHI,1155564,722,official
2026,1,7032,2026_01_WAS_PHI,1155565,746,official
2026,1,7032,2026_01_WAS_PHI,1155566,772,official
2026,1,7032,2026_01_WAS_PHI,1155567,801,official
2026,1,7032,2026_01_WAS_PHI,1155568,838,official
2026,1,7032,2026_01_WAS_PHI,1155569,826,official
2026,1,7032,2026_01_WAS_PHI,1155570,866,official
2026,1,7032,2026_01_WAS_PHI,1155571,908,official
2026,1,7032,2026_01_WAS_PHI,1155572,930,official
2026,1,7032,2026_01_WAS_PHI,1155573,956,official
2026,1,7032,2026_01_WAS_PHI,1155574,971,official
2026,1,7032,2026_01_WAS_PHI,1155575,1001,official
2026,1,7032,2026_01_WAS_PHI,1155576,1026,official
2026,1,7032,2026_01_WAS_PHI,1155577,1049,official
2026,1,7032,2026_01_WAS_PHI,1155578,1081,official
2026,1,7032,2026_01_WAS_PHI,1155579,1112,official
2026,1,7032,2026_01_WAS_PHI,1155580,1141,official
2026,1,7032,2026_01_WAS_PHI,1155581,1164,official
2026,1,7032,2026_01_WAS_PHI,1155582,1187,official
2026,1,7032,2026_01_WAS_PHI,1155583,1222,official
2026,1,7032,2026_01_WAS_PHI,1155584,1256,official
2026,1,7032,2026_01_WAS_PHI,1155585,1278,official
2026,1,7032,2026_01_WAS_PHI,1155586,1311,official
2026,1,7032,2026_01_WAS_PHI,1155587,1334,official
2026,1,7032,2026_01_WAS_PHI,1155588,1359,official
2026,1,7032,2026_01_WAS_PHI,1155589,1381,official
2026,1,7032,2026_01_WAS_PHI,1155590,1407,official
2026,1,7032,2026_01_WAS_PHI,1155591,1437,official
2026,1,7032,2026_01_WAS_PHI,1155592,1466,official
2026,1,7032,2026_01_WAS_PHI,1155593,1488,official
2026,1,7032,2026_01_WAS_PHI,1155594,1510,official
2026,1,7032,2026_01_WAS_PHI,1155595,1536,official
2026,1,7032,2026_01_WAS_PHI,1155596,1551,official
2026,1,7032,2026_01_WAS_PHI,1155597,1581,official
2026,1,7032,2026_01_WAS_PHI,1155598,1603,official
2026,1,7032,2026_01_WAS_PHI,1155599,1628,official
2026,1,7032,2026_01_WAS_PHI,1155600,1651,official
2026,1,7032,2026_01_WAS_PHI,1155601,1675,official
2026,1,7032,2026_01_WAS_PHI,1155602,1698,official
2026,1,7032,2026_01_WAS_PHI,1155603,1725,official
2026,1,7032,2026_01_WAS_PHI,1155604,1747,official
2026,1,7032,2026_01_WAS_PHI,1155605,1769,official
2026,1,7032,2026_01_WAS_PHI,1155606,1791,official
2026,1,7032,2026_01_WAS_PHI,1155607,1813,official
2026,1,7032,2026_01_WAS_PHI,1155608,1836,official
2026,1,7032,2026_01_WAS_PHI,1155609,1861,official
2026,1,7032,2026_01_WAS_PHI,1155610,1891,official
2026,1,7032,2026_01_WAS_PHI,1155611,1906,official
2026,1,7032,2026_01_WAS_PHI,1155612,1941,official
2026,1,7032,2026_01_WAS_PHI,1155613,1963,official
2026,1,7032,2026_01_WAS_PHI,1155614,1988,official
2026,1,7032,2026_01_WAS_PHI,1155615,2018,official
2026,1,7032,2026_01_WAS_PHI,1155616,2041,official
2026,1,7032,2026_01_WAS_PHI,1155617,2064,official
2026,1,7032,2026_01_WAS_PHI,1155618,2096,official
2026,1,7032,2026_01_WAS_PHI,1155619,2084,official
2026,1,7032,2026_01_WAS_PHI,1155620,2133,official
2026,1,7032,2026_01_WAS_PHI,1155621,2161,official
2026,1,7032,2026_01_WAS_PHI,1155622,2188,official
2026,1,7032,2026_01_WAS_PHI,1155623,2213,official
2026,1,7032,2026_01_WAS_PHI,1155624,2243,official
2026,1,7032,2026_01_WAS_PHI,1155625,2269,official
2026,1,7032,2026_01_WAS_PHI,1155626,2298,official
2026,1,7032,2026_01_WAS_PHI,1155627,2321,official
2026,1,7032,2026_01_WAS_PHI,1155628,2346,official
2026,1,7032,2026_01_WAS_PHI,1155629,2364,official
2026,1,7032,2026_01_WAS_PHI,1155630,2391,official
2026,1,7032,2026_01_WAS_PHI,1155631,2428,official
2026,1,7032,2026_01_WAS_PHI,1155632,2416,official
2026,1,7032,2026_01_WAS_PHI,1155633,2446,official
2026,1,7032,2026_01_WAS_PHI,1155634,2472,official
2026,1,7032,2026_01_WAS_PHI,1155635,2503,official
2026,1,7032,2026_01_WAS_PHI,1155636,2525,official
2026,1,7032,2026_01_WAS_PHI,1155637,2550,official
2026,1,7032,2026_01_WAS_PHI,1155638,2572,official
2026,1,7032,2026_01_WAS_PHI,1155639,2606,official
2026,1,7032,2026_01_WAS_PHI,1155640,2628,official
2026,1,7032,2026_01_WAS_PHI,1155641,2651,official
2026,1,7032,2026_01_WAS_PHI,1155642,2674,official
2026,1,7032,2026_01_WAS_PHI,1155643,2695,official
2026,1,7032,2026_01_WAS_PHI,1155644,2724,official
2026,1,7032,2026_01_WAS_PHI,1155645,2755,official
2026,1,7032,2026_01_WAS_PHI,1155646,2786,official
2026,1,7032,2026_01_WAS_PHI,1155647,2817,official
2026,1,7032,2026_01_WAS_PHI,1155648,2846,official
2026,1,7032,2026_01_WAS_PHI,1155649,2869,official
2026,1,7032,2026_01_WAS_PHI,1155650,2893,official
2026,1,7032,2026_01_WAS_PHI,1155651,2921,official
2026,1,7032,2026_01_WAS_PHI,1155652,2950,official
2026,1,7032,2026_01_WAS_PHI,1155653,2986,official
2026,1,7032,2026_01_WAS_PHI,1155654,3008,official
2026,1,7032,2026_01_WAS_PHI,1155655,3030,official
2026,1,7032,2026_01_WAS_PHI,1155656,3060,official
2026,1,7032,2026_01_WAS_PHI,1155657,3083,official
2026,1,7032,2026_01_WAS_PHI,1155658,3105,official
2026,1,7032,2026_01_WAS_PHI,1155659,3128,official
2026,1,7032,2026_01_WAS_PHI,1155660,3148,official
2026,1,7032,2026_01_WAS_PHI,1155661,3179,official
2026,1,7032,2026_01_WAS_PHI,1155662,3228,official
2026,1,7032,2026_01_WAS_PHI,1155663,3253,official
2026,1,7032,2026_01_WAS_PHI,1155664,3275,official
2026,1,7032,2026_01_WAS_PHI,1155665,3302,official
2026,1,7032,2026_01_WAS_PHI,1155666,3322,official
2026,1,7032,2026_01_WAS_PHI,1155667,3346,official
2026,1,7032,2026_01_WAS_PHI,1155668,3376,official
2026,1,7032,2026_01_WAS_PHI,1155669,3398,official
2026,1,7032,2026_01_WAS_PHI,1155670,3423,official
2026,1,7032,2026_01_WAS_PHI,1155671,3460,official
2026,1,7032,2026_01_WAS_PHI,1155672,3475,official
2026,1,7032,2026_01_WAS_PHI,1155673,3505,official
2026,1,7032,2026_01_WAS_PHI,1155674,3527,official
2026,1,7032,2026_01_WAS_PHI,1155675,3549,official
2026,1,7032,2026_01_WAS_PHI,1155676,3571,official
2026,1,7032,2026_01_WAS_PHI,1155677,3597,official
2026,1,7032,2026_01_WAS_PHI,1155678,3620,official
2026,1,7032,2026_01_WAS_PHI,1155679,3642,official
2026,1,7032,2026_01_WAS_PHI,1155680,3672,official
2026,1,7032,2026_01_WAS_PHI,1155681,3694,official
2026,1,7032,2026_01_WAS_PHI,1155682,3720,official
2026,1,7032,2026_01_WAS_PHI,1155683,3735,official
2026,1,7032,2026_01_WAS_PHI,1155684,3765,official
2026,1,7032,2026_01_WAS_PHI,1155685,3795,official
2026,1,7032,2026_01_WAS_PHI,1155686,3817,official
2026,1,7032,2026_01_WAS_PHI,1155687,3847,official
2026,1,7032,2026_01_WAS_PHI,1155688,3872,official
2026,1,7032,2026_01_WAS_PHI,1155689,3910,official
2026,1,7032,2026_01_WAS_PHI,1155690,3932,official
2026,1,7032,2026_01_WAS_PHI,1155691,3954,official
2026,1,7032,2026_01_WAS_PHI,1155692,3999,official
2026,1,7032,2026_01_WAS_PHI,1155693,3977,official
2026,1,7032,2026_01_WAS_PHI,1155694,4019,official
2026,1,7032,2026_01_WAS_PHI,1155695,4048,official
2026,1,7032,2026_01_WAS_PHI,1155696,4071,official
2026,1,7032,2026_01_WAS_PHI,1155697,4132,official
2026,1,7032,2026_01_WAS_PHI,1155698,4158,official
2026,1,7032,2026_01_WAS_PHI,1155699,4145,official
2026,1,7032,2026_01_WAS_PHI,1155700,4175,official
2026,1,7032,2026_01_WAS_PHI,1155701,4197,official
2026,1,7033,2026_01_DAL_NYG,1155702,39,official
2026,1,7033,2026_01_DAL_NYG,1155703,62,official
2026,1,7033,2026_01_DAL_NYG,1155704,84,official
2026,1,7033,2026_01_DAL_NYG,1155705,107,official
2026,1,7033,2026_01_DAL_NYG,1155706,132,official
2026,1,7033,2026_01_DAL_NYG,1155707,160,official
2026,1,7033,2026_01_DAL_NYG,1155708,180,official
2026,1,7033,2026_01_DAL_NYG,1155709,202,official
2026,1,7033,2026_01_DAL_NYG,1155710,224,official
2026,1,7033,2026_01_DAL_NYG,1155711,246,official
2026,1,7033,2026_01_DAL_NYG,1155712,271,official
2026,1,7033,2026_01_DAL_NYG,1155713,304,official
2026,1,7033,2026_01_DAL_NYG,1155714,327,official
2026,1,7033,2026_01_DAL_NYG,1155715,370,official
2026,1,7033,2026_01_DAL_NYG,1155716,392,official
2026,1,7033,2026_01_DAL_NYG,1155717,426,official
2026,1,7033,2026_01_DAL_NYG,1155718,414,official
2026,1,7033,2026_01_DAL_NYG,1155719,446,official
2026,1,7033,2026_01_DAL_NYG,1155720,469,official
2026,1,7033,2026_01_DAL_NYG,1155721,484,official
2026,1,7033,2026_01_DAL_NYG,1155722,525,official
2026,1,7033,2026_01_DAL_NYG,1155723,547,official
2026,1,7033,2026_01_DAL_NYG,1155724,571,official
2026,1,7033,2026_01_DAL_NYG,1155725,596,official
2026,1,7033,2026_01_DAL_NYG,1155726,626,official
2026,1,7033,2026_01_DAL_NYG,1155727,648,official
2026,1,7033,2026_01_DAL_NYG,1155728,670,official
2026,1,7033,2026_01_DAL_NYG,1155729,693,official
2026,1,7033,2026_01_DAL_NYG,1155730,718,official
2026,1,7033,2026_01_DAL_NYG,1155731,752,official
2026,1,7033,2026_01_DAL_NYG,1155732,772,official
2026,1,7033,2026_01_DAL_NYG,1155733,801,official
2026,1,7033,2026_01_DAL_NYG,1155734,823,official
2026,1,7033,2026_01_DAL_NYG,1155735,846,official
2026,1,7033,2026_01_DAL_NYG,1155736,907,official
2026,1,7033,2026_01_DAL_NYG,1155737,931,official
2026,1,7033,2026_01_DAL_NYG,1155738,953,official
2026,1,7033,2026_01_DAL_NYG,1155739,978,official
2026,1,7033,2026_01_DAL_NYG,1155740,1000,official
2026,1,7033,2026_01_DAL_NYG,1155741,1024,official
2026,1,7033,2026_01_DAL_NYG,1155742,1044,official
2026,1,7033,2026_01_DAL_NYG,1155743,1073,official
2026,1,7033,2026_01_DAL_NYG,1155744,1097,official
2026,1,7033,2026_01_DAL_NYG,1155745,1119,official
2026,1,7033,2026_01_DAL_NYG,1155746,1152,official
2026,1,7033,2026_01_DAL_NYG,1155747,1186,official
2026,1,7033,2026_01_DAL_NYG,1155748,1208,official
2026,1,7033,2026_01_DAL_NYG,1155749,1233,official
2026,1,7033,2026_01_DAL_NYG,1155750,1255,official
2026,1,7033,2026_01_DAL_NYG,1155751,1291,official
2026,1,7033,2026_01_DAL_NYG,1155752,1316,official
2026,1,7033,2026_01_DAL_NYG,1155753,1350,official
2026,1,7033,2026_01_DAL_NYG,1155754,1372,official
2026,1,7033,2026_01_DAL_NYG,1155755,1422,official
2026,1,7033,2026_01_DAL_NYG,1155756,1448,official
2026,1,7033,2026_01_DAL_NYG,1155757,1463,official
2026,1,7033,2026_01_DAL_NYG,1155758,1504,official
2026,1,7033,2026_01_DAL_NYG,1155759,1531,official
2026,1,7033,2026_01_DAL_NYG,1155760,1553,official
2026,1,7033,2026_01_DAL_NYG,1155761,1576,official
2026,1,7033,2026_01_DAL_NYG,1155762,1606,official
2026,1,7033,2026_01_DAL_NYG,1155763,1628,official
2026,1,7033,2026_01_DAL_NYG,1155764,1658,official
2026,1,7033,2026_01_DAL_NYG,1155765,1688,official
2026,1,7033,2026_01_DAL_NYG,1155766,1733,official
2026,1,7033,2026_01_DAL_NYG,1155767,1769,official
2026,1,7033,2026_01_DAL_NYG,1155768,1793,official
2026,1,7033,2026_01_DAL_NYG,1155769,1823,official
2026,1,7033,2026_01_DAL_NYG,1155770,1846,official
2026,1,7033,2026_01_DAL_NYG,1155771,1883,official
2026,1,7033,2026_01_DAL_NYG,1155772,1871,official
2026,1,7033,2026_01_DAL_NYG,1155773,1910,official
2026,1,7033,2026_01_DAL_NYG,1155774,1940,official
2026,1,7033,2026_01_DAL_NYG,1155775,1977,official
2026,1,7033,2026_01_DAL_NYG,1155776,1965,official
2026,1,7033,2026_01_DAL_NYG,1155777,1996,official
2026,1,7033,2026_01_DAL_NYG,1155778,2026,official
2026,1,7033,2026_01_DAL_NYG,1155779,2056,official
2026,1,7033,2026_01_DAL_NYG,1155780,2086,official
2026,1,7033,2026_01_DAL_NYG,1155781,2112,official
2026,1,7033,2026_01_DAL_NYG,1155782,2127,official
2026,1,7033,2026_01_DAL_NYG,1155783,2162,official
2026,1,7033,2026_01_DAL_NYG,1155784,2150,official
2026,1,7033,2026_01_DAL_NYG,1155785,2195,official
2026,1,7033,2026_01_DAL_NYG,1155786,2183,official
2026,1,7033,2026_01_DAL_NYG,1155787,2213,official
2026,1,7033,2026_01_DAL_NYG,1155788,2255,official
2026,1,7033,2026_01_DAL_NYG,1155789,2278,official
2026,1,7033,2026_01_DAL_NYG,1155790,2300,official
2026,1,7033,2026_01_DAL_NYG,1155791,2335,official
2026,1,7033,2026_01_DAL_NYG,1155792,2361,official
2026,1,7033,2026_01_DAL_NYG,1155793,2383,official
2026,1,7033,2026_01_DAL_NYG,1155794,2405,official
2026,1,7033,2026_01_DAL_NYG,1155795,2430,official
2026,1,7033,2026_01_DAL_NYG,1155796,2452,official
2026,1,7033,2026_01_DAL_NYG,1155797,2489,official
2026,1,7033,2026_01_DAL_NYG,1155798,2477,official
2026,1,7033,2026_01_DAL_NYG,1155799,2506,official
2026,1,7033,2026_01_DAL_NYG,1155800,2531,official
2026,1,7033,2026_01_DAL_NYG,1155801,2553,official
2026,1,7033,2026_01_DAL_NYG,1155802,2579,official
2026,1,7033,2026_01_DAL_NYG,1155803,2594,official
2026,1,7033,2026_01_DAL_NYG,1155804,2624,official
2026,1,7033,2026_01_DAL_NYG,1155805,2647,official
2026,1,7033,2026_01_DAL_NYG,1155806,2672,official
2026,1,7033,2026_01_DAL_NYG,1155807,2695,official
2026,1,7033,2026_01_DAL_NYG,1155808,2720,official
2026,1,7033,2026_01_DAL_NYG,1155809,2742,official
2026,1,7033,2026_01_DAL_NYG,1155810,2767,official
2026,1,7033,2026_01_DAL_NYG,1155811,2789,official
2026,1,7033,2026_01_DAL_NYG,1155812,2823,official
2026,1,7033,2026_01_DAL_NYG,1155813,2847,official
2026,1,7033,2026_01_DAL_NYG,1155814,2872,official
2026,1,7033,2026_01_DAL_NYG,1155815,2897,official
2026,1,7033,2026_01_DAL_NYG,1155816,2931,official
2026,1,7033,2026_01_DAL_NYG,1155817,2956,official
2026,1,7033,2026_01_DAL_NYG,1155818,2979,official
2026,1,7033,2026_01_DAL_NYG,1155819,2994,official
2026,1,7033,2026_01_DAL_NYG,1155820,3018,official
2026,1,7033,2026_01_DAL_NYG,1155821,3089,official
2026,1,7033,2026_01_DAL_NYG,1155822,3111,official
2026,1,7033,2026_01_DAL_NYG,1155823,3133,official
2026,1,7033,2026_01_DAL_NYG,1155824,3155,official
2026,1,7033,2026_01_DAL_NYG,1155825,3177,official
2026,1,7033,2026_01_DAL_NYG,1155826,3200,official
2026,1,7033,2026_01_DAL_NYG,1155827,3241,official
2026,1,7033,2026_01_DAL_NYG,1155828,3273,official
2026,1,7033,2026_01_DAL_NYG,1155829,3298,official
2026,1,7033,2026_01_DAL_NYG,1155830,3328,official
2026,1,7033,2026_01_DAL_NYG,1155831,3352,official
2026,1,7033,2026_01_DAL_NYG,1155832,3374,official
2026,1,7033,2026_01_DAL_NYG,1155833,3399,official
2026,1,7033,2026_01_DAL_NYG,1155834,3425,official
2026,1,7033,2026_01_DAL_NYG,1155835,3440,official
2026,1,7033,2026_01_DAL_NYG,1155836,3475,official
2026,1,7033,2026_01_DAL_NYG,1155837,3498,official
2026,1,7033,2026_01_DAL_NYG,1155838,3531,official
2026,1,7033,2026_01_DAL_NYG,1155839,3578,official
2026,1,7033,2026_01_DAL_NYG,1155840,3603,official
2026,1,7033,2026_01_DAL_NYG,1155841,3633,official
2026,1,7033,2026_01_DAL_NYG,1155842,3656,official
2026,1,7033,2026_01_DAL_NYG,1155843,3679,official
2026,1,7033,2026_01_DAL_NYG,1155844,3720,official
2026,1,7033,2026_01_DAL_NYG,1155845,3762,official
2026,1,7033,2026_01_DAL_NYG,1155846,3780,official
2026,1,7033,2026_01_DAL_NYG,1155847,3810,official
2026,1,7033,2026_01_DAL_NYG,1155848,3832,official
2026,1,7033,2026_01_DAL_NYG,1155849,3855,official
2026,1,7033,2026_01_DAL_NYG,1155850,3880,official
2026,1,7033,2026_01_DAL_NYG,1155851,3902,official
2026,1,7033,2026_01_DAL_NYG,1155852,3926,official
2026,1,7033,2026_01_DAL_NYG,1155853,3948,official
2026,1,7033,2026_01_DAL_NYG,1155854,3985,official
2026,1,7033,2026_01_DAL_NYG,1155855,3973,official
2026,1,7033,2026_01_DAL_NYG,1155856,4015,official
2026,1,7033,2026_01_DAL_NYG,1155857,4037,official
2026,1,7033,2026_01_DAL_NYG,1155858,4078,official
2026,1,7033,2026_01_DAL_NYG,1155859,4066,official
2026,1,7033,2026_01_DAL_NYG,1155860,4095,official
2026,1,7033,2026_01_DAL_NYG,1155861,4117,official
2026,1,7034,2026_01_DEN_KC,1155862,40,official
2026,1,7034,2026_01_DEN_KC,1155863,57,official
2026,1,7034,2026_01_DEN_KC,1155864,77,official
2026,1,7034,2026_01_DEN_KC,1155865,99,official
2026,1,7034,2026_01_DEN_KC,1155866,126,official
2026,1,7034,2026_01_DEN_KC,1155867,148,official
2026,1,7034,2026_01_DEN_KC,1155868,170,official
2026,1,7034,2026_01_DEN_KC,1155869,192,official
2026,1,7034,2026_01_DEN_KC,1155870,220,official
2026,1,7034,2026_01_DEN_KC,1155871,243,official
2026,1,7034,2026_01_DEN_KC,1155872,273,official
2026,1,7034,2026_01_DEN_KC,1155873,301,official
2026,1,7034,2026_01_DEN_KC,1155874,323,official
2026,1,7034,2026_01_DEN_KC,1155875,345,official
2026,1,7034,2026_01_DEN_KC,1155876,379,official
2026,1,7034,2026_01_DEN_KC,1155877,402,official
2026,1,7034,2026_01_DEN_KC,1155878,417,official
2026,1,7034,2026_01_DEN_KC,1155879,451,official
2026,1,7034,2026_01_DEN_KC,1155880,480,official
2026,1,7034,2026_01_DEN_KC,1155881,516,official
2026,1,7034,2026_01_DEN_KC,1155882,541,official
2026,1,7034,2026_01_DEN_KC,1155883,563,official
2026,1,7034,2026_01_DEN_KC,1155884,593,official
2026,1,7034,2026_01_DEN_KC,1155885,618,official
2026,1,7034,2026_01_DEN_KC,1155886,648,official
2026,1,7034,2026_01_DEN_KC,1155887,674,official
2026,1,7034,2026_01_DEN_KC,1155888,689,official
2026,1,7034,2026_01_DEN_KC,1155889,719,official
2026,1,7034,2026_01_DEN_KC,1155890,742,official
2026,1,7034,2026_01_DEN_KC,1155891,764,official
2026,1,7034,2026_01_DEN_KC,1155892,787,official
2026,1,7034,2026_01_DEN_KC,1155893,807,official
2026,1,7034,2026_01_DEN_KC,1155894,837,official
2026,1,7034,2026_01_DEN_KC,1155895,874,official
2026,1,7034,2026_01_DEN_KC,1155896,896,official
2026,1,7034,2026_01_DEN_KC,1155897,929,official
2026,1,7034,2026_01_DEN_KC,1155898,974,official
2026,1,7034,2026_01_DEN_KC,1155899,996,official
2026,1,7034,2026_01_DEN_KC,1155900,1021,official
2026,1,7034,2026_01_DEN_KC,1155901,1047,official
2026,1,7034,2026_01_DEN_KC,1155902,1069,official
2026,1,7034,2026_01_DEN_KC,1155903,1092,official
2026,1,7034,2026_01_DEN_KC,1155904,1118,official
2026,1,7034,2026_01_DEN_KC,1155905,1143,official
2026,1,7034,2026_01_DEN_KC,1155906,1187,official
2026,1,7034,2026_01_DEN_KC,1155907,1210,official
2026,1,7034,2026_01_DEN_KC,1155908,1230,official
2026,1,7034,2026_01_DEN_KC,1155909,1262,official
2026,1,7034,2026_01_DEN_KC,1155910,1301,official
2026,1,7034,2026_01_DEN_KC,1155911,1326,official
2026,1,7034,2026_01_DEN_KC,1155912,1346,official
2026,1,7034,2026_01_DEN_KC,1155913,1375,official
2026,1,7034,2026_01_DEN_KC,1155914,1398,official
2026,1,7034,2026_01_DEN_KC,1155915,1420,official
2026,1,7034,2026_01_DEN_KC,1155916,1442,official
2026,1,7034,2026_01_DEN_KC,1155917,1467,official
2026,1,7034,2026_01_DEN_KC,1155918,1490,official
2026,1,7034,2026_01_DEN_KC,1155919,1521,official
2026,1,7034,2026_01_DEN_KC,1155920,1547,official
2026,1,7034,2026_01_DEN_KC,1155921,1576,official
2026,1,7034,2026_01_DEN_KC,1155922,1601,official
2026,1,7034,2026_01_DEN_KC,1155923,1624,official
2026,1,7034,2026_01_DEN_KC,1155924,1642,official
2026,1,7034,2026_01_DEN_KC,1155925,1665,official
2026,1,7034,2026_01_DEN_KC,1155926,1688,official
2026,1,7034,2026_01_DEN_KC,1155927,1725,official
2026,1,7034,2026_01_DEN_KC,1155928,1752,official
2026,1,7034,2026_01_DEN_KC,1155929,1774,official
2026,1,7034,2026_01_DEN_KC,1155930,1799,official
2026,1,7034,2026_01_DEN_KC,1155931,1821,official
2026,1,7034,2026_01_DEN_KC,1155932,1877,official
2026,1,7034,2026_01_DEN_KC,1155933,1865,official
2026,1,7034,2026_01_DEN_KC,1155934,1909,official
2026,1,7034,2026_01_DEN_KC,1155935,1897,official
2026,1,7034,2026_01_DEN_KC,1155936,1930,official
2026,1,7034,2026_01_DEN_KC,1155937,1945,official
2026,1,7034,2026_01_DEN_KC,1155938,1978,official
2026,1,7034,2026_01_DEN_KC,1155939,2010,official
2026,1,7034,2026_01_DEN_KC,1155940,1998,official
2026,1,7034,2026_01_DEN_KC,1155941,2030,official
2026,1,7034,2026_01_DEN_KC,1155942,2053,official
2026,1,7034,2026_01_DEN_KC,1155943,2084,official
2026,1,7034,2026_01_DEN_KC,1155944,2113,official
2026,1,7034,2026_01_DEN_KC,1155945,2155,official
2026,1,7034,2026_01_DEN_KC,1155946,2183,official
2026,1,7034,2026_01_DEN_KC,1155947,2205,official
2026,1,7034,2026_01_DEN_KC,1155948,2227,official
2026,1,7034,2026_01_DEN_KC,1155949,2252,official
2026,1,7034,2026_01_DEN_KC,1155950,2281,official
2026,1,7034,2026_01_DEN_KC,1155951,2296,official
2026,1,7034,2026_01_DEN_KC,1155952,2326,official
2026,1,7034,2026_01_DEN_KC,1155953,2353,official
2026,1,7034,2026_01_DEN_KC,1155954,2375,official
2026,1,7034,2026_01_DEN_KC,1155955,2397,official
2026,1,7034,2026_01_DEN_KC,1155956,2430,official
2026,1,7034,2026_01_DEN_KC,1155957,2453,official
2026,1,7034,2026_01_DEN_KC,1155958,2481,official
2026,1,7034,2026_01_DEN_KC,1155959,2511,official
2026,1,7034,2026_01_DEN_KC,1155960,2531,official
2026,1,7034,2026_01_DEN_KC,1155961,2565,official
2026,1,7034,2026_01_DEN_KC,1155962,2603,official
2026,1,7034,2026_01_DEN_KC,1155963,2628,official
2026,1,7034,2026_01_DEN_KC,1155964,2673,official
2026,1,7034,2026_01_DEN_KC,1155965,2700,official
2026,1,7034,2026_01_DEN_KC,1155966,2720,official
2026,1,7034,2026_01_DEN_KC,1155967,2750,official
2026,1,7034,2026_01_DEN_KC,1155968,2772,official
2026,1,7034,2026_01_DEN_KC,1155969,2794,official
2026,1,7034,2026_01_DEN_KC,1155970,2819,official
2026,1,7034,2026_01_DEN_KC,1155971,2841,official
2026,1,7034,2026_01_DEN_KC,1155972,2870,official
2026,1,7034,2026_01_DEN_KC,1155973,2895,official
2026,1,7034,2026_01_DEN_KC,1155974,2915,official
2026,1,7034,2026_01_DEN_KC,1155975,2945,official
2026,1,7034,2026_01_DEN_KC,1155976,2967,official
2026,1,7034,2026_01_DEN_KC,1155977,2997,official
2026,1,7034,2026_01_DEN_KC,1155978,3019,official
2026,1,7034,2026_01_DEN_KC,1155979,3055,official
2026,1,7034,2026_01_DEN_KC,1155980,3078,official
2026,1,7034,2026_01_DEN_KC,1155981,3115,official
2026,1,7034,2026_01_DEN_KC,1155982,3138,official
2026,1,7034,2026_01_DEN_KC,1155983,3183,official
2026,1,7034,2026_01_DEN_KC,1155984,3219,official
2026,1,7034,2026_01_DEN_KC,1155985,3245,official
2026,1,7034,2026_01_DEN_KC,1155986,3260,official
2026,1,7034,2026_01_DEN_KC,1155987,3290,official
2026,1,7034,2026_01_DEN_KC,1155988,3313,official
2026,1,7034,2026_01_DEN_KC,1155989,3350,official
2026,1,7034,2026_01_DEN_KC,1155990,3338,official
2026,1,7034,2026_01_DEN_KC,1155991,3368,official
2026,1,7034,2026_01_DEN_KC,1155992,3405,official
2026,1,7034,2026_01_DEN_KC,1155993,3434,official
2026,1,7034,2026_01_DEN_KC,1155994,3456,official
2026,1,7034,2026_01_DEN_KC,1155995,3478,official
2026,1,7034,2026_01_DEN_KC,1155996,3500,official
2026,1,7034,2026_01_DEN_KC,1155997,3525,official
2026,1,7034,2026_01_DEN_KC,1155998,3558,official
2026,1,7034,2026_01_DEN_KC,1155999,3583,official
2026,1,7034,2026_01_DEN_KC,1156000,3605,official
2026,1,7034,2026_01_DEN_KC,1156001,3625,official
2026,1,7034,2026_01_DEN_KC,1156002,3667,official
2026,1,7034,2026_01_DEN_KC,1156003,3696,official
2026,1,7034,2026_01_DEN_KC,1156004,3721,official
2026,1,7034,2026_01_DEN_KC,1156005,3748,official
2026,1,7034,2026_01_DEN_KC,1156006,3815,official
2026,1,7034,2026_01_DEN_KC,1156007,3901,official
2026,1,7034,2026_01_DEN_KC,1156008,3845,official
2026,1,7034,2026_01_DEN_KC,1156009,3920,official
2026,1,7034,2026_01_DEN_KC,1156010,3942,official
2026,1,7034,2026_01_DEN_KC,1156011,3964,official
2026,1,7034,2026_01_DEN_KC,1156012,3992,official
2026,1,7034,2026_01_DEN_KC,1156013,4014,official
2026,1,7034,2026_01_DEN_KC,1156014,4053,official
2026,1,7034,2026_01_DEN_KC,1156015,4075,official
2026,1,7034,2026_01_DEN_KC,1156016,4097,official
