nflverse_game_id,week,posteam,defteam,p_245,p_344,p_434,p_335,p_524,p_236,p_146,p_254,p_155,p_425,p_416,p_137,p_326,p_443,p_452,p_641,p_632,p_533,p_424,p_334,p_325,p_235,p_056,p_047,p_551,p_623,p_515,p_227,p_145,p_614,p_353,p_317,p_542,p_164,p_461,p_046,p_038,p_044,p_415,p_065,p_218,p_316,p_154,p_244,p_343,p_506,p_042,p_136,p_037,p_433,p_731,p_034,p_514,p_532,p_043,p_560,p_130,p_123,p_233,p_045
2025_01_DAL_PHI,1,DAL,PHI,4.091553636001147,1.758803589589661,-4.4691507234820165,2.4394237909582444,0.6215357806358952,-0.2838823012425564,2.0896457889466546,0,0,0,0,0,0,0,0,0,0,0,0,0,0,0,0,0,0,0,0,0,0,0,0,0,0,0,0,0,0,0,0,0,0,0,0,0,0,0,0,0,0,0,0,0,0,0,0,0,0,0,0,0
2025_01_DAL_PHI,1,PHI,DAL,-0.9545109675407142,3.0472950850380585,-1.2367895888746716,9.157386373903137,0,0,0,-0.5468222908675671,0,0,0,0,0,0,0,0,0,0,0,0,0,0,0,0,0,0,0,0,0,0,0,0,0,0,0,0,0,0,0,0,0,0,0,0,0,0,0,0,0,0,0,0,0,0,0,0,0,0,0,0
2025_01_KC_LAC,1,KC,LAC,3.18624282533722,-0.7409351349342614,4.594753774115816,-0.5322848532814533,0,-1.0101464404724538,6.472473033496336,0,-2.002191406209022,0,0,0.3973836235195929,0,0,0,0,0,0,0,0,0,0,0,0,0,0,0,0,0,0,0,0,0,0,0,0,0,0,0,0,0,0,0,0,0,0,0,0,0,0,0,0,0,0,0,0,0,0,0,0
2025_01_KC_LAC,1,LAC,KC,3.4211977147497237,3.9762448549154215,2.242739577195607,6.563578748606417,0,0,0,0,0,-3.4044700347003527,0.18792767791564735,0,3.9788295832113363,0.5390934753813781,0,0,0,0,0,0,0,0,0,0,0,0,0,0,0,0,0,0,0,0,0,0,0,0,0,0,0,0,0,0,0,0,0,0,0,0,0,0,0,0,0,0,0,0,0,0
2025_01_TB_ATL,1,ATL,TB,7.4877120642597,-0.09320004360051826,0,-2.0410553046967834,0,0,0,0,0,0,0,0,0,0,0.28505041016614996,0,0,0,0,0,0,0,0,0,0,0,0,0,0,0,0,0,0,0,0,0,0,0,0,0,0,0,0,0,0,0,0,0,0,0,0,0,0,0,0,0,0,0,0,0
2025_01_TB_ATL,1,TB,ATL,7.246272365213372,-1.2799350363202393,-0.7243211274035275,2.1890944953220295,1.1097874789265916,0,0,0,0,-0.5847082472755574,0,0,0,0,0,0,0,0,0,0,0,0,0,0,0,0,0,0,0,0,0,0,0,0,0,0,0,0,0,0,0,0,0,0,0,0,0,0,0,0,0,0,0,0,0,0,0,0,0,0
2025_01_CIN_CLE,1,CIN,CLE,0,0,-2.4877183000789955,0,0,0,0,0,0,1.106212197628338,-0.8933989833430012,0,0,0,0,0,1.432382985309232,-2.965284411155153,0,0,0,0,0,0,0,0,0,0,0,0,0,0,0,0,0,0,0,0,0,0,0,0,0,0,0,0,0,0,0,0,0,0,0,0,0,0,0,0,0,0
2025_01_CIN_CLE,1,CLE,CIN,0,3.003484802728053,1.302119123225566,-9.301360616697897,0,2.3852472725557163,0,0,0,-1.2451475271955132,0,0,0.21827561006648466,0,0,1.2024385108961724,0,0,0,0,0,0,0,0,0,0,0,0,0,0,0,0,0,0,0,0,0,0,0,0,0,0,0,0,0,0,0,0,0,0,0,0,0,0,0,0,0,0,0,0
2025_01_MIA_IND,1,IND,MIA,10.22061391794652,4.939481504527103,0,0,0,0,0,-1.5135660123778507,1.8052192589384504,0,0,0,0,0,0,0,0,0,0,0,0,0,0,0,0,0,0,0,0,0,0,0,0,0,0,0,0,0,0,0,0,0,0,0,0,0,0,0,0,0,0,0,0,0,0,0,0,0,0,0
2025_01_MIA_IND,1,MIA,IND,0,0,0,0,0.4464220929075964,0,0,0,0,-7.949112638554536,-4.568040647194721,0,0,0,0,0,0,0,0,0,0,0,0,0,0,0,0,0,0,0,0,0,0,0,0,0,0,0,0,0,0,0,0,0,0,0,0,0,0,0,0,0,0,0,0,0,0,0,0,0
2025_01_CAR_JAX,1,JAX,CAR,-9.282658142047453,5.171719404344913,2.4702181000338483,1.174918660253752,0,0,6.9581650366917245,0,0,0,0,0,0,0,0,0,0,0,0,0,0,0,0,0,0,0,0,0,0,0,0,0,0,0,0,0,0,0,0,0,0,0,0,0,0,0,0,0,0,0,0,0,0,0,0,0,0,0,0,0
2025_01_CAR_JAX,1,CAR,JAX,0,0,-2.7689799208310433,0,0,0,0,0,0,-11.217332600290662,0.3926955626811832,0,2.493133405398112,0,0,0,0,0,0,0,0,0,0,0,0,0,0,0,0,0,0,0,0,0,0,0,0,0,0,0,0,0,0,0,0,0,0,0,0,0,0,0,0,0,0,0,0,0,0,0
2025_01_LV_NE,1,LV,NE,8.58775667815762,-4.232155317123082,6.108415698166937,-2.1437657746719196,0,-2.348765995615395,0,0,0,0,0,0.13818278460530564,0.034745469893096015,0,0,0,0,0,0,0,0,0,0,0,0,0,0,0,0,0,0,0,0,0,0,0,0,0,0,0,0,0,0,0,0,0,0,0,0,0,0,0,0,0,0,0,0,0,0,0
2025_01_LV_NE,1,NE,LV,0,0,-0.5300632526050322,0,0,0,0,0,0,-3.1399572279503793,2.961166662280448,0,0,0,0,0,0,0,-0.9962766894605011,-0.9150150035857223,-0.6298593786652886,0,0,0,0,0,0,0,0,0,0,0,0,0,0,0,0,0,0,0,0,0,0,0,0,0,0,0,0,0,0,0,0,0,0,0,0,0,0,0
2025_01_ARI_NO,1,ARI,NO,4.4992706857738085,1.7325416080420837,-1.8913258319953457,-5.185487918404106,0.8706224636407569,2.247559305280447,0,0,0,1.8038214568514377,0,0,0,0,0,0,0,0,0,0,0,0,0,0,0,0,0,0,0,0,0,0,0,0,0,0,0,0,0,0,0,0,0,0,0,0,0,0,0,0,0,0,0,0,0,0,0,0,0,0
2025_01_ARI_NO,1,NO,ARI,-0.3755070921324659,-3.6041606056678575,0,-1.1287844841135666,0,-1.1999307568992927,0,0,3.744714795378968,0,0,0,0,0,0,0,0,0,0,0,0,1.3710729678859934,-2.9786054981523193,0,0,0,0,0,0,0,0,0,0,0,0,0,0,0,0,0,0,0,0,0,0,0,0,0,0,0,0,0,0,0,0,0,0,0,0,0
2025_01_PIT_NYJ,1,NYJ,PIT,6.431943230589663,5.947660253892653,0,0.5912472026394681,0,0,0,0,0,0,0,0,0,0.595556536805816,0,0,0,0,0,0,0,0,0,0,0,0,0,0,0,0,0,0,0,0,0,0,0,0,0,0,0,0,0,0,0,0,0,0,0,0,0,0,0,0,0,0,0,0,0,0
2025_01_PIT_NYJ,1,PIT,NYJ,0,0,0.795479021006031,0,0,0,0,0,0,10.221279536195754,0,0,0,0,0,0,0,0,0,0,0,0,0,0,0,0,0,0,0,0,0,0,0,0,0,0,0,0,0,0,0,0,0,0,0,0,0,0,0,0,0,0,0,0,0,0,0,0,0,0
2025_01_NYG_WAS,1,WAS,NYG,4.178829951328225,0.8514983109780587,0.9277759725227952,6.880031867825892,0,-6.851757459982764,2.2029948520066682,0,0,0,0,0,2.216585086862324,0,0,0,0,0,0,0,0,0,0,0,0,0,0,0,0,0,0,0,0,0,0,0,0,0,0,0,0,0,0,0,0,0,0,0,0,0,0,0,0,0,0,0,0,0,0,0
2025_01_NYG_WAS,1,NYG,WAS,0,0,0,-4.363946099008899,-5.472304081001319,-3.269620792143241,0,0,0,5.079957630805438,0,0,0,0,0,0,-1.377263731585117,0,0,0,0,0,0,0,0,0,0,0,0,0,0,0,0,0,0,0,0,0,0,0,0,0,0,0,0,0,0,0,0,0,0,0,0,0,0,0,0,0,0,0
2025_01_TEN_DEN,1,TEN,DEN,-7.673856855079066,-12.973789476642652,0,-2.374574937065013,0,-1.45873081773522,0,0,0,0,0,0,0,0,0,0,0,0,0,0,0,0,0,0,0,0,0,0,0,0,0,0,0,0,0,0,0,0,0,0,0,0,0,0,0,0,0,0,0,0,0,0,0,0,0,0,0,0,0,0
2025_01_TEN_DEN,1,DEN,TEN,1.9276911476626992,0,-2.6407645131112076,-2.6032207978423685,-5.99874458782142,0,0,0,0,-6.376327384670731,0,0,4.858852913768574,0,0,0,0,0,0,0,0,0,0,0,0,0,0,0,0,0,0,0,0,0,0,0,0,0,0,0,0,0,0,0,0,0,0,0,0,0,0,0,0,0,0,0,0,0,0,0
2025_01_SF_SEA,1,SEA,SF,0,0,-2.4883962924941443,0,0,0,0,0,0,-7.89071617976577,0,0,0.7487687214265977,0,0,0,0,0.543488016090123,0,0,0,0,0,0,0,0,0,0,0,0,0,0,0,0,0,0,0,0,0,0,0,0,0,0,0,0,0,0,0,0,0,0,0,0,0,0,0,0,0,0
2025_01_SF_SEA,1,SF,SEA,4.301899657985759,0,-4.9445134189445525,4.223065204511333,0,1.8001800202773666,0,0,0,0,0,0,3.8915725991828367,0,0,0,0,0,0,0,0,0,0,0,0,0,0,0,0,0,0,0,0,0,0,0,0,0,0,0,0,0,0,0,0,0,0,0,0,0,0,0,0,0,0,0,0,0,0,0
2025_01_DET_GB,1,GB,DET,0.3055126399267465,-1.088634854881093,1.8929293606268365,2.6329218947418283,0,0,0,0,0,6.904966572765261,0,0,0,0,0,0,0,0,0,0,0,0,0,0,0,0,0,0,0,0,0,0,0,0,0,0,0,0,0,0,0,0,0,0,0,0,0,0,0,0,0,0,0,0,0,0,0,0,0,0
2025_01_DET_GB,1,DET,GB,-3.762945452818439,0.9202186083421111,0,0.7572735308203846,0,0,0,2.73001462360844,-4.789239375155535,0,0,0,0,0,0,0,0,0,0,0,0,0,0,0,0,0,0,0,0,0,0,0,0,0,0,0,0,0,0,0,0,0,0,0,0,0,0,0,0,0,0,0,0,0,0,0,0,0,0,0
2025_01_HOU_LA,1,HOU,LA,2.011266019777395,1.3872724517714232,-0.7973979666130617,-7.753352502768394,0,0,0,0,0,0,0,0,-3.9643187661013695,0,0,0,0,0,0,0,0,0,0,0,0,0,0,0,0,0,0,0,0,0,0,0,0,0,0,0,0,0,0,0,0,0,0,0,0,0,0,0,0,0,0,0,0,0,0,0
2025_01_HOU_LA,1,LA,HOU,0,0,0.9992961229290813,0,0,0,0,0,0,-5.15759156603599,0,0,0,0,0,0,0,0,0,0,0,0,0,0,0,0,0,0,0,0,0,0,0,0,0,0,0,0,0,0,0,0,0,0,0,0,0,0,0,0,0,0,0,0,0,0,0,0,0,0
2025_01_BAL_BUF,1,BUF,BAL,-2.973992229084164,5.617935950518586,0,-0.5996549194678664,0,15.792605055961758,0,0,0,0,0,0,0,0,0,0,0,0,0,0,0,0,0,1.8717722288448355,1.0540653692441992,0,0,0,0,0,0,0,0,0,0,0,0,0,0,0,0,0,0,0,0,0,0,0,0,0,0,0,0,0,0,0,0,0,0,0
2025_01_BAL_BUF,1,BAL,BUF,6.408236289513297,1.4709345055161975,0,4.967034022207372,0,0.39211110597181076,0,1.1285711623495445,0,0,0,0,5.749310918595305,0,0,0,0,0,0,0,0,0,0,0,0,0,0,0,0,0,0,0,0,0,0,0,0,0,0,0,0,0,0,0,0,0,0,0,0,0,0,0,0,0,0,0,0,0,0,0
2025_01_MIN_CHI,1,MIN,CHI,0,0,2.736224876018241,0,1.0632557385251857,0,0,0,0,-0.23753212593220896,0,0,-9.228883221283004,0,0,0,0,-0.7351802595076151,0,0,0,0,0,0,0,-0.947,2.723166892887093,0,0,0,0,0,0,0,0,0,0,0,0,0,0,0,0,0,0,0,0,0,0,0,0,0,0,0,0,0,0,0,0,0
2025_01_MIN_CHI,1,CHI,MIN,-1.9857662104186602,-4.966544836192043,-1.3963677455321886,-7.074623665057769,0,9.510243790264141,0,2.3543258095160127,0,0,0,0,0,0,0,0,0,0,0,0,0,0,0,-0.01821305076009594,0,0,0,0,0,0,0,0,0,0,0,0,0,0,0,0,0,0,0,0,0,0,0,0,0,0,0,0,0,0,0,0,0,0,0,0
2025_02_WAS_GB,2,GB,WAS,0,0,4.617700627422892,-1.9158029617913255,3.590096859319601,2.4088167077861726,-2.9623159333132207,0,0,1.7145443328190595,0,0,0,0,0,0,0,0,0,0,0,0,0,0,0,0,0,0,0,0,0,0,0,0,0,0,0,0,0,0,0,0,0,0,0,0,0,0,0,0,0,0,0,0,0,0,0,0,0,0
2025_02_WAS_GB,2,WAS,GB,-9.80265218787052,0,0,4.541003881822806,0,0,0,1.0079178139567375,-2.6976807166694945,0,0,0,0,0,0,0,0,0,0,0,0,0,0,0,0,0,0,0,0,0,0,0,0,0,0,0,0,0,0,0,0,0,0,0,0,0,0,0,0,0,0,0,0,0,0,0,0,0,0,0
2025_02_CLE_BAL,2,CLE,BAL,-13.479013010789803,0,0,0,0,-6.99991162493825,0,0,0,0,0,0,0,0.7308576975483447,0,0,0,0,0,0,0,0,0,0,0,0,0,0,0,0,0,0,0,0,0,0,0,0,0,0,0,0,0,0,0,0,0,0,0,0,0,0,0,0,0,0,0,0,0,0
2025_02_CLE_BAL,2,BAL,CLE,0,0,-1.5647828981163912,0,3.9937466795672663,0,0,0,0,3.4265833942830115,-0.6719003062364379,0,0,-0.08844686829252169,0,0,-0.21710452280240133,0.29323983407812193,0,0,0,0,0,0,0,0,0.04758973541902378,0,0,0,0,0,0,0,0,0,0,0,0,0,0,0,0,0,0,0,0,0,0,0,0,0,0,0,0,0,0,0,0,0
2025_02_JAX_CIN,2,JAX,CIN,0,3.325769038288854,0,-2.723487046497627,0,-0.2287951585603878,0,0,0,2.3404581897775643,0,0,3.3574908387875833,0,0,0,0,0,0.43012283445568755,0,0,0,0,0,0,0,0,0,0,0,0,0,0,0,0,0,0,0,0,0,0,0,0,0,0,0,0,0,0,0,0,0,0,0,0,0,0,0,0,0
2025_02_JAX_CIN,2,CIN,JAX,0,0,0.9060516343452036,0,0,0,0,0,0,2.1524235090224155,-0.48333412923966534,0,-1.3513130963547155,0,0,0,0,0,0,0,0,0,0,0,0,0,0,0,0,0,0,0,0,0,0,0,0,0,0,0,0,0,0,0,0,0,0,0,0,0,0,0,0,0,0,0,0,0,0,0
2025_02_NYG_DAL,2,NYG,DAL,-0.028379478317219764,5.350804390036501,0.5486820857040584,9.91460884839957,0,0,0,-0.7407687436789274,0,0,0,0,0,0,0,0,0,0,0,0,0,0,0,0,0,0,0,0,0,0,0,0,0,0,0,0,0,0,0,0,0,0,0,0,0,0,0,0,0,0,0,0,0,0,0,0,0,0,0,0
2025_02_NYG_DAL,2,DAL,NYG,1.4882424063855675,-2.402911091892747,4.640670219261665,-3.33891898219008,0,2.624361957219662,8.707665387920311,0,0,0,0,0,0,0,0,0,0,0,0,0,0,0,0,-0.2770105695235543,0,0,0,3.2868063845089637,0,0,0,0,0,0,0,0,0,0,0,0,0,0,0,0,0,0,0,0,0,0,0,0,0,0,0,0,0,0,0,0
2025_02_CHI_DET,2,DET,CHI,0,0,9.510969531227602,0,0,0,0,0,0,12.360183890007795,2.3085748631856404,0,1.3845881628803909,0,0,0,0,0,0,0,0,0,0,0,0,-1.8153810335788876,0,0,0,0,0,0,0,0,0,0,0,0,0,0,0,0,0,0,0,0,0,0,0,0,0,0,0,0,0,0,0,0,0,0
2025_02_CHI_DET,2,CHI,DET,-1.2861576941795647,-1.0463649953599088,-0.9237569946271833,-3.276094290049514,0,0,0,0,0,-5.193306885194033,0,0,0,0,0,0,0,0,0,0,0,0,0,0,0,0,0,0,0,0,0,0,0,0,0,0,0,0,0,0,0,0,0,0,0,0,0,0,0,0,0,0,0,0,0,0,0,0,0,0
2025_02_NE_MIA,2,NE,MIA,13.647776377768112,2.979322128579952,0,0,0,0,0,0.5068674493813887,-0.679934199899435,0,0,0,0,0,0,0,0,0,0,0,0,0,0,0,0,0,0,0,0,0,0,0,0,0,0,0,0,0,0,0,0,0,0,0,0,0,0,0,0,0,0,0,0,0,0,0,0,0,0,0
2025_02_NE_MIA,2,MIA,NE,7.355656341118825,0,0,0,0,-2.9744973003398627,0,0,0,0,0,0,0,0,0,0,0,0,0,0,0,0,0,0,0,0,0,0,1.1951402299455367,0,0,0,0,0,0,0,0,0,0,0,0,0,0,0,0,0,0,0,0,0,0,0,0,0,0,0,0,0,0,0
2025_02_SF_NO,2,NO,SF,0,0,0,0,0,0,0,0,0,-5.641204229881186,0,0,0,0,0,0,0,0,0,0,0,0,0,0,0,0,0,0,0,1.9607728574774228,0,0,0,0,0,0,0,0,0,0,0,0,0,0,0,0,0,0,0,0,0,0,0,0,0,0,0,0,0,0
2025_02_SF_NO,2,SF,NO,0.3430605074390769,2.845087776891887,-3.5394751397543587,11.531186718863905,-1.1273587157484144,0,0,0,0,0.06744685105513781,0,0,-4.055371151305735,0,0,0,0,0,0,0,0,0,0,0,0,0,0,0,0,0,0,0,0,0,0,0,0,0,0,0,0,0,0,0,0,0,0,0,0,0,0,0,0,0,0,0,0,0,0,0
2025_02_BUF_NYJ,2,NYJ,BUF,0.14733849488896267,-5.69303702225443,0,-7.1148917832178995,0,-1.0664911470375955,-0.9191832444630563,0.7659722606185824,0,0,0,0,0,0,0,0,0,0,0,0,0,0,0,0,0,0,0,0,0,0,0,0,0,0,0,0,0,0,0,0,0,0,0,0,0,0,0,0,0,0,0,0,0,0,0,0,0,0,0,0
2025_02_BUF_NYJ,2,BUF,NYJ,0,0,6.398517340116719,0,0,0,0,0,0,9.982099731193566,0,0,0,0,0,0,0,0,0,0,-0.4236639125738293,0,0,0,0,0,0,0,0,0,0,0,0,0,0,0,0,0,0,0,0,0,0,0,0,0,0,0,0,0,0,0,0,0,0,0,0,0,0,0
2025_02_SEA_PIT,2,SEA,PIT,7.8718734666734695,-2.040378136676736,0,0,0,0,0,0,4.305276671773754,0,0,0,0,1.736983742506709,0,0,0,0,0,0,0,0,0,0,0,0,0,0,0,0,-7.821159911924042,0,0,0,0,0,0,0,0,0,0,0,0,0,0,0,0,0,0,0,0,0,0,0,0,0,0,0,0,0
2025_02_SEA_PIT,2,PIT,SEA,2.884392484847922,-0.16940360667649657,-0.3621321840910241,-10.596388653326294,0,1.5954670247156173,0,0,0,-1.6659323223866522,0,0,-2.3962544750287593,0,0,0,0,0,0,0,0,0,0,0,0,0,0,0,0,0,0,0,0,0,0,0,0,0,0,0,0,0,0,0,0,0,0,0,0,0,0,0,0,0,0,0,0,0,0,0
2025_02_LA_TEN,2,TEN,LA,-9.49891080148518,-0.2292800871655345,4.24707397154998,-2.479935762414243,0,1.702835702983807,0,0,0,0,0,0,-1.3926525328192159,0,0,0,0,0,0,0,0,0,0,0,0,0,0,0,0,0,0,0,0,0,0,0,0,0,0,0,0,0,0,0,0,0,0,0,0,0,0,0,0,0,0,0,0,0,0,0
2025_02_LA_TEN,2,LA,TEN,1.4955959152430296,0,5.745412837975891,13.518084611054427,0,0,0,0,0,0,0,0,-0.24071415414800867,0,0,0,0,0,0,0,0,0,0,0,0,0,0,0,0,0,0,0,0,0,0,0,0,0,0,0,0,0,0,0,0,0,0,0,0,0,0,0,0,0,0,0,0,0,0,0
2025_02_CAR_ARI,2,CAR,ARI,-5.288077434894381,1.5661647425731644,0,2.1015133039909415,0,11.433068150188774,0,0,-5.773615391924977,0,0,0,0,-0.947,0,0,0,0,0,0,0,0,0,0,0,0,0,0,0,0,0,0,0,0,0,0,0,0,0,0,0,0,0,0,0,0,0,0,0,0,0,0,0,0,0,0,0,0,0,0
2025_02_CAR_ARI,2,ARI,CAR,-2.6816833636257797,2.380015160830226,0,0,0,0,-0.45397048127392337,0,3.74914110644022,0,0,0,0,0,0,0,0,0,0,0,0,0,0,0,0,1.6470317634521052,0,0,0,0,0,0,0,0,0,0,0,0,0,0,0,0,0,0,0,0,0,0,0,0,0,0,0,0,0,0,0,0,0,0
2025_02_DEN_IND,2,IND,DEN,7.255690121584726,-2.510605349962134,0,4.592081576556666,0,-0.41159561111049525,0,0,0,0,0,0,0,0.4635682557418477,0,0,0,0,0,0,0,0,0,0,0,0,0,0,0,0,0,0,0,0,0,0,0,0,0,0,0,0,0,0,0,0,0,0,0,0,0,0,0,0,0,0,0,0,0,0
2025_02_DEN_IND,2,DEN,IND,0,0,0,0,0.6226484892540611,0,0,0,0,10.269675884454045,-0.7583143194206059,0,2.8373980387315227,0,0,0.5171892014914192,0,0,0,0,0,0,0,0,0,0,0,0,0,0,0,0,0,0,0,0,0,0,0,0,0,0,0,0,0,0,0,0,0,0,0,0,0,0,0,0,0,0,0,0
2025_02_PHI_KC,2,PHI,KC,0,-1.8936270885169506,4.306515512813348,-4.655725473411071,0,0,0,0,0,1.690908131247852,-0.5316978313494474,0,0,0,0,0,0,2.7522369027137756,0,0,0,0,0,0,0,0,0,0,0,0,0,-0.7537077511660755,0,0,0,0,0,0,0,0,0,0,0,0,0,0,0,0,0,0,0,0,0,0,0,0,0,0,0,0
2025_02_PHI_KC,2,KC,PHI,-2.6161035794066265,-5.083547070273198,0.2705609875265509,2.6279396026476,0,1.2071478964644484,0,0,0,0,0,0,-2.825637910381645,0,0,0,0,0,0,0,0,0,0,0,0,0,0,0,0,0,0,0,0,0,0,0,0,0,0,0,0,0,0,0,0,0,0,0,0,0,0,0,0,0,0,0,0,0,0,0
2025_02_ATL_MIN,2,ATL,MIN,1.6157673803390935,-2.0233110410679913,0,0.363243124098517,0,-1.9713709153760746,0,-0.21463035303168,0,0,0,0,0,0,0,0,0,0,0,0,0,0,0,0,0,0,0,0,0,0,0,0,0,0,0,0,0,0,0,0,0,0,0,0,0,0,0,0,0,0,0,0,0,0,0,0,0,0,0,0
2025_02_ATL_MIN,2,MIN,ATL,1.625783797353506,-0.4686964952852577,-0.42388433404266834,-18.76548487679515,0,0,0,0,0,-5.05511995940941,0,0,0,0,0,0,0,0,0,0,0,1.5517639311146922,0,0,0,0,0,0,0,0,0,0,0,0,0,0,0,0,0,0,0,0,0,0,0,0,0,0,0,0,0,0,0,0,0,0,0,0,0,0
2025_02_LAC_LV,2,LV,LAC,-14.549198766879272,-1.5431991895893589,0,3.3904119773651473,0,-5.801554559380747,-9.929610725852974,0,4.130548995919526,0,0,0,0.08505635126493871,0,0,0,0,0,0,0,0,0,0,0,0,0,0,0,0,0,0,0,0,0,0,0,0,0,0,0,0,0,0,0,0,0,0,0,0,0,0,0,0,0,0,0,0,0,0,0
2025_02_LAC_LV,2,LAC,LV,0,0,-6.1042886782379355,0,0,0,0,0,0,6.500928318429553,-0.21526695229113102,0,0,0,0,0,0,0.46206769335549325,0,0,0,0,0,0,0,0,0,0,0,0,0,0,-2.8942789974162006,0,0,0,0,0,0,0,0,0,0,0,0,0,0,0,0,0,0,0,0,0,0,0,0,0,0,0
2025_02_TB_HOU,2,HOU,TB,2.2716556097564236,-4.5969211283372715,0,-1.6202873159199953,0,0,0,0,0,0,0,0,0,0,0,0,0,0,0,0,0,0,0,0,0,0,0,0,0,0,0,0,0,0,0,0,0,0,0,0,0,0,0,0,0,0,0,0,0,0,0,0,0,0,0,0,0,0,0,0
2025_02_TB_HOU,2,TB,HOU,0,0,5.044041124871001,0,0.6686438302276656,0,0,0,0,6.456258509549957,0,0,0,0,0,0,0,0,0,0,0,0,0,0,0,0,0,0,0,0,0,0,0,0,0,0,0,0,0,0,0,0,0,0,0,0,0,0,0,0,0,0,0,0,0,0,0,0,0,0
2025_03_MIA_BUF,3,MIA,BUF,-1.7680658692261204,-3.0630160983419046,0,-3.153431070735678,0,0,0,0.7058980979491025,0,0,0,0,9.344893385190517,0,0,0,0,0,0,0,0,0,0,0,0,0,0,0,0,0,0,0,0,0,0,0,0,0,0,0,0,0,0,0,0,0,0,0,0,0,0,0,0,0,0,0,0,0,0,0
2025_03_MIA_BUF,3,BUF,MIA,15.555926107922621,1.8822250131051987,0,0,0,0,0,3.1791719981857582,-3.257441508350894,0,0,0,0,-1.7012507479521446,0,0,0,0,0,0,0,0,0,0,0,0,0,0,0,0,0,0,0,0,0,0,0,0,0,0,0,0,0,0,0,0,0,0,0,0,0,0,0,0,0,0,0,0,0,0
2025_03_ATL_CAR,3,ATL,CAR,1.1646820523310453,-0.6622445149114355,0.7731498670764267,-1.1933605843223631,0,-2.2522327239857987,-16.100200501863696,0,-4.110406107643046,0,0,0,0,0,0,0,0,0,0,0,0,0,0,0,0,0,0,0,0,0,0,0,0,0,0,0,0,0,0,0,0,0,0,0,0,0,0,0,0,0,0,0,0,0,0,0,0,0,0,0
2025_03_ATL_CAR,3,CAR,ATL,-0.13644557283259928,-2.5135004193289205,0.38757301809380706,-4.077254214335155,0,0,0,0,0,3.5810301658930257,0,0,0,0,0,0,0,0,0,0,0,0,0,0,2.425542840559501,0,0,0,0,0,0,0,0,0,0,0,0,0,0,0,0,0,0,0,0,0,0,0,0,0,0,0,0,0,0,0,0,0,0,0
2025_03_GB_CLE,3,CLE,GB,-1.709955787822794,0,0,0,0,0,0,-1.8108878895727685,-3.8902021081303246,0,0,0,0,0,0,0,0,0,0,0,0,0,0,0,0,0,0,0,0,0,0,0,0,-0.11557439528405666,-2.0261511448625242,0,0,0,0,0,0,0,0,0,0,0,0,0,0,0,0,0,0,0,0,0,0,0,0,0
2025_03_GB_CLE,3,GB,CLE,0,0,-3.2081588190048933,0,0,0,0,0,0,-0.3624966009265722,1.1345553630857168,0,0,0,0,0,0,0,0,0,0,0,0,0,0,0,0,0,0,0,0,0,0,0,0,0,0,0,0,0,0,0,0,0,0,0,0,0,0,0,0,0,0,0,0,0,0,0,0,0
2025_03_HOU_JAX,3,HOU,JAX,0,0,-5.177617200708482,0,0,0,0,0,0,-5.892495829213933,2.219438854627562,0,-3.2250194143271074,0,0,0,0,0,0,0,0,0,0,0,0,0,0,0,0,0,0,0,0,0,0,0,0,0,0,0,0,0,0,0,0,0,0,0,0,0,0,0,0,0,0,0,0,0,0,0
2025_03_HOU_JAX,3,JAX,HOU,0,0,-3.9794437410030614,0,-3.2183234381955117,0,0,0,0,-2.678834142193311,0,0,0,0,0,0,0,0,-0.05601624771952629,0,0,0,0,0,0,0,0,0,0,0,0,0,0,0,0,0,0,0,0,0,0,0,0,0,0,0,0,0,0,0,0,0,0,0,0,0,0,0,0,0
2025_03_CIN_MIN,3,MIN,CIN,0,-0.577687734272331,2.051623997511342,10.064692055095703,0,0.26330744209736534,0,0,0,-3.792698656092398,0,0,-2.6087258607149124,0,0,0,0,0,0,0,0,0,0,0,0,0,0,0,0,0,0,0,0,0,0,0,0,0,0,0,0,0,0,0,0,0,0,0,0,0,0,0,0,0,0,0,0,0,0,0
2025_03_CIN_MIN,3,CIN,MIN,-16.709338339220267,-16.023805830744095,2.0923666961025447,1.8590934399981052,0,-9.38593215130129,0,0,0,0,0,0,0,0,0,0,0,0,0,0,0,0,0,0,0,0,0,0,0,0,0,0,0,0,0,0,0,0,0,0,0,0,0,0,0,0,0,0,0,0,0,0,0,0,0,0,0,0,0,0
2025_03_PIT_NE,3,NE,PIT,-7.758024224865949,-3.585504032613244,0.06325221323641017,1.4682893111603335,0,0,0,0,0,0,0,0,0,-0.6561377875041217,0,0,0,2.3288446329534054,0,0,0,0,0,0,0,0,0,0,0,0,0,0,0,0,0,0,0,0,0,0,0,0,0,0,0,0,0,0,0,0,0,0,0,0,0,0,0,0,0,0
2025_03_PIT_NE,3,PIT,NE,2.8388891525682993,0.4247559661453124,1.2049854534270708,-1.996890342910774,0,0,0,0,0,0,0,0,0,0,0,0,0,0,0,0,0,0,0,0,0,0,0,0,0,0,0,0,0,0,0,0,0,0,0,0,0,0,0,0,0,0,0,0,0,0,0,0,0,0,0,0,0,0,0,0
2025_03_LA_PHI,3,LA,PHI,-1.075148364661069,-7.119049961096607,0,8.29525687308943,0,0.18842928193043917,0,0,0,0,0,0,-0.15223460411652923,0,0,0,0,0,0,0,0,0,0,0,0,0,0,0,0,0,0,0,0,0,0,0,0,0,0,0,0,0,0,0,0,0,0,0,0,0,0,0,0,0,0,0,0,0,0,0
2025_03_LA_PHI,3,PHI,LA,0.22365568071836606,0,2.7744251465192065,-12.02164837306179,2.5339698424795642,0,0,0,0,0,0,0,7.115825504937675,0,0,0,0,0,0,0,0,0,0,0,0.12257118022534996,0,0,0,0,0,0,0,0,0,0,0,0,0,0,0,0,0,0,0,0,0,0,0,0,0,0,0,0,0,0,0,0,0,0,0
2025_03_NYJ_TB,3,NYJ,TB,-5.161320462985446,-3.5045664528151974,0,0,0,0,0,0,0,0,0,0,0,0,0,0,0,0,0,0,0,0,0,0,0,0,0,0,0,0,0,0,0,0,0,0,0,0,0,0,0,0,0,0,0,0,0,0,0,0,0,0,0,0,0,0,0,0,0,0
2025_03_NYJ_TB,3,TB,NYJ,0,0,2.197098003467545,0,0,0,0,0,0,-3.130715950042372,0,0,0,0,0,0,0,0,0,0,0,0,0,0,0,0,0,0,0,0,0,0,0,0,0,0,0,0,0,0,0,0,0,0,0,0,0,0,0,0,0,0,0,0,0,0,0,0,0,0
2025_03_IND_TEN,3,TEN,IND,0,0,0,0,0.13593039102852345,0,0,0,0,-7.578867361051299,-2.8070783241028203,0,0.7782472220715135,0,0,0.7241390402778052,0,0,0,0,0,0,0,0,0,0,0,0,0,0,0,0,0,0,0,0,0,0,0,0,0,0,0,0,0,0,0,0,0,0,0,0,0,0,0,0,0,0,0,0
2025_03_IND_TEN,3,IND,TEN,3.67151343455771,0,10.317296162131242,8.515882653173438,1.1087868110043928,0,0,0,0,-0.5439431589911692,0,0,-0.14832681792274283,0,0,0,0,0,0,0,0,0,0,0,0,0,0,0,0,0,0,0,0,0,0,0,0,0,0,0,0,0,0,0,0,0,0,0,0,0,0,0,0,0,0,0,0,0,0,0
2025_03_LV_WAS,3,WAS,LV,0,0,7.744743768475018,0,0,0,0,0,0,5.6022078767308106,-1.3811599823438772,0,0,0,0,0,0,0,0,0,0,0,0,0,0,0,0,0,0,0,0,0.5492768658820495,0,0,0,0,0,0,0,0,0,0,0,0,0,0,0,0,0,0,0,0,0,0,0,0,0,0,0,0
2025_03_LV_WAS,3,LV,WAS,0,0,0,0.20401049223449075,4.009431233862415,-1.5378459955682047,0,0,0,-1.0982320448528045,0,0,0,0,0,0,0,0,0,0,0,0,0,0,0,0,0,0,0,0,0,0,0,0,0,0,0,0,0,0,0,0,0,0,0,0,0,0,0,0,0,0,0,0,0,0,0,0,0,0
2025_03_DEN_LAC,3,LAC,DEN,8.151508047439101,-2.2894680635654368,0,0.8955233419546857,0,-9.617085791586721,0,0,0,0,0,0,0,2.242295174750413,0,0,0,0,0,0,0,0,0,0,0,0,0,0,0,0,0,0,0,0,0,0,0,0,0,0,0,0,0,0,0,0,0,0,0,0,0,0,0,0,0,0,0,0,0,0
2025_03_DEN_LAC,3,DEN,LAC,3.9921492608846165,0,1.7826717902789824,0,0,-5.436453231726773,-6.5895984527801374,0,0,0,0,0,0,0,0,0,0,0,0,0,0,0,0,0,0,0,0,0,0,0,0,0,0,0,0,0,0,0,0,0,0,0,0,0,0,0,0,0,0,0,0,0,0,0,0,0,0,0,0,0
2025_03_NO_SEA,3,NO,SEA,-0.4111477767000906,-2.032448633108288,0,-5.268454783184284,0,0,0,0,-0.26628497103229165,0,0,0,0,0,0,0,0,0,0,0,0,0,0,0,0,0,0,0,0,0,0,0,0,0,0,0,0,0,0,0,0,0,0,0,0,0,0,0,0,0,0,0,0,0,0,0,0,0,0,0
2025_03_NO_SEA,3,SEA,NO,-0.40650097926845774,0,0.8492369945743121,3.2632461411005553,1.0361743817920797,-1.1834199248112363,0,0,0,2.9465161731350236,0,0,-0.8520529088564217,0,0,0,0,0.6201973793213256,0,0,0,0,0,0,0,0,0,0,0,0,0,0,0,0,0,0,0,0,0,0,0,0,0,0,0,0,0,0,0,0,0,0,0,0,0,0,0,0,0,0
2025_03_DAL_CHI,3,CHI,DAL,8.18610376084689,4.187605970713776,-0.4359989298391156,3.4089035384066113,0,0,0,0,0,-0.13902020087698475,0,0,0,0,0,0,0,0,0,0,0,0,0,0,0,0,0,0,0,0,0,0,0,0,0,0,0,0,0,0,0,0,0,0,0,0,0,0,0,0,0,0,0,0,0,0,0,0,0,0
2025_03_DAL_CHI,3,DAL,CHI,0,0,0,0,0.08676325890701264,0,0,0,0,-7.43142903956905,0,0,4.588172752468381,0,0,0,0,0,0,0,0,0,0,0,0,0,1.3019491733284667,0,0,0,0,-0.04373768894583918,0,0,0,0,0,0,0,0,0,0,0,0,0,0,0,0,0,0,0,0,0,0,0,0,0,0,0,0
2025_03_ARI_SF,3,ARI,SF,0,0,4.341523658717051,0,0,0,0,0,0,-4.522774940515324,0,0,2.448612831067294,0,0,0,0,0.7149215021927375,0,0,0,0,0,0,0,0,0,0,0,0,0,0,0,0,0,0,0,0,0,0,0,0,0,0,0,0,0,0,0,0,0,0,0,0,0,0,0,0,0,0
2025_03_ARI_SF,3,SF,ARI,-2.7498638413172,-3.5399080998031422,0,0.6578977922908962,0,1.0070828778552823,0,0,0,0,0,0,0,-1.1143408851348795,0,0,0,0,0,0,0,0,0,0,0,0,0,0,0,0,0,0,0,0,0,0,0,0,0,0,0,0,0,0,0,0,0,0,0,0,0,0,0,0,0,0,0,0,0,0
2025_03_KC_NYG,3,NYG,KC,0,0,1.4143416454899125,-2.380288446438499,0,0,0,0,0,-6.404297856165536,-3.6817217131028883,0,2.016975479782559,0,0,0,0,0,0,0,0,0,0,0,0,0,0,0,0,0,0,0,0,0,0,0,0,0,0,0,0,0,0,0,0,0,0,0,0,0,0,0,0,0,0,0,0,0,0,0
2025_03_KC_NYG,3,KC,NYG,3.6055033308803104,-3.2002535294159316,-0.04124752731877379,0,0,8.341862945642788,4.481384348272682,0,-1.3633135217241943,0,0,0,0,0,0,0,0,0,0,0,0,0,0,0,0,0,0,0,0,0,0,0,0,0,0,0,0,0,0,0,0,0,0,0,0,0,0,0,0,0,0,0,0,0,0,0,0,0,0,0
2025_03_DET_BAL,3,DET,BAL,12.155534918158082,1.3707843859156128,0,0,0,2.518298464245163,0,0,0.5586753595773817,0,0,0,0,7.099133391631767,0,0,0,0,0,0,0,0,0,0.5321635708707613,0,0,0,0,0,0,0,0,0,0,0,0,0,0,0,0,0,0,0,0,0,0,0,0,0,0,0,0,0,0,0,0,0,0,0,0
2025_03_DET_BAL,3,BAL,DET,12.241239356976301,-1.3356523644179106,-4.271027026625117,0.8938847701647319,0,0,0,0,0.721290860674344,0,0,0,0,0,0,0,0,0.10519295668927953,0,0,0,0,0,0,-2.8853042007249314,0,0,0,0,0,0,0,0,0,0,0,0,0,0,0,0,0,0,0,0,0,0,0,0,0,0,0,0,0,0,0,0,0,0,0
2025_04_SEA_ARI,4,ARI,SEA,-8.710460856673308,0,0,5.782495876267582,0,0,0,0,-0.7533981036394835,-0.29066172358579934,0,0,0,0,0,0,0,0,0,0,0,0,0,0,0,0,0,-0.06406719627557322,0,0,0,0,0,0,0,0,0,0,0,0,0,0,0,0,0,0,0,0,0,0,0,0,0,0,0,0,0,0,0,0
2025_04_SEA_ARI,4,SEA,ARI,2.0917898845893914,2.5883317114494275,0,2.3100244477391243,0,1.013114945243456,0,0,0,0,0,0,0,-0.6037836271279957,0,0,0,0,0,0,0,0,-0.372258868745464,0,0,0,0,0,0,0,0,0,0,0,0,0,0,0,0,0,0,0,0,0,0,0,0,0,0,0,0,0,0,0,0,0,0,0,0,0
2025_04_MIN_PIT,4,PIT,MIN,6.304773293901235,1.5944662347319536,2.1487951342132874,2.3372223973077824,0,-1.3576173577771136,0,0,0,0,0,0,0,0,0,0,0,0,0,0,0,0,0,0,0,0,0,0,0,0,0,0,-0.8928996817558073,0,0,0,0,0,0,0,0,0,0,0,0,0,0,0,0,0,0,0,0,0,0,0,0,0,0,0
2025_04_MIN_PIT,4,MIN,PIT,0.045415897881174505,3.7560767257236876,0,-1.1276789093390107,0,0,0,0,0,0,0,0,0,0,0,0,0,0,0,0,0,0,0,0,0,0,0,0,0,0,0,0,0,0,0,0,0,0,0,0,0,0,0,0,0,0,0,0,0,0,0,0,0,0,0,0,0,0,0,0
2025_04_WAS_ATL,4,ATL,WAS,0,0,4.474639206833672,7.832462721395215,-1.5521242912509479,4.154852908686735,0,0,0,2.328162739904804,0,0,0,0,0,0,0,0,0,0,0,0,0,0,0,0,0,0,0,0,0,0,0,0,0,0,0,0,0,0,0,0,0,0,0,0,0,0,0,0,0,0,0,0,0,0,0,0,0,0
2025_04_WAS_ATL,4,WAS,ATL,4.30528131686151,-0.6315913168946281,-1.1074203564929777,10.992313535796294,0,0,0,0,0,-5.653686139721618,0,0,0,0,0,0,0,0,0,0,0,0,0,0,0,0,0,0,0,0,0,0,0,0,0,0,0,0,0,0,0,0,0,0,0,0,0,0,0,0,0,0,0,0,0,0,0,0,0,0
2025_04_NO_BUF,4,BUF,NO,3.376550956920255,0.13142000208608806,1.501594896428287,-4.393299151444808,-2.824643197178375,0,0,0,0,9.738539317304685,0,0,1.5977988026570529,0,0,0,0,0,0,0,0,0,0,0,0,0,0,0,0,0,0,0,0,0,0,0,0,0,0,0,0,0,0,0,0,0,0,0,0,0,0,0,0,0,0,0,0,0,0,0
2025_04_NO_BUF,4,NO,BUF,8.557880706677679,-1.2385493347537704,0,-10.024051313274136,0,0,0,-0.6731745190918446,0,0,0,0,-1.3527994051692076,0,0,0,0,0,0,0,0,0,0,0,0,0,0,0,0,0,0,0,-0.947,0,0,0,0,0,0,0,0,0,0,0,0,0,0,0,0,0,0,0,0,0,0,0,0,0,0,0
2025_04_CLE_DET,4,DET,CLE,0,0,-4.915422668680549,0,1.6563020610192325,0,0,0,0,-5.874129296238662,0.49068347998979034,0,0,0,0,0,0,0,0,0,0,0,0,0,0,0,0.1711047283024527,0,0,0,0,0,0,0,0,0,0,0,0,0,0,0,0,0,0,0,0,0,0,0,0,0,0,0,0,0,0,0,0,0
2025_04_CLE_DET,4,CLE,DET,-10.191751636043449,-2.3458498801337555,-6.0885047705087345,0,0,0,0,-4.132273623547794,0,0,0,0,0,0,0,0,0,0,0,0,0,0,0,0,0.4781388364499435,0,0,0,0,0,0,0,0,0,0,0,0,0,0,0,0,0,0,0,0,0,0,0,0,0,0,0,0,0,0,0,0,0,0,0
2025_04_TEN_HOU,4,TEN,HOU,0,0,3.827408125041984,2.0189376561902463,-0.5854886608431116,0,0,0,0,-21.64502974890155,0,0,0,0,0,0,0,0,0,0,0,0,0,0,0,0,0,0,0,0,0,0,0,0,0,0,0,0,0,0,0,0,0,0,0,0,0,0,0,0,0,0,0,0,0,0,0,0,0,0
2025_04_TEN_HOU,4,HOU,TEN,1.844154048901832,0,-3.173431651899591,3.7870674148784502,-0.7080708751454949,5.073291681153933,0,0,0,-0.2717052425723523,0,0,0,0,0,0,0,0,0,0,0,0,0,0,0,0,0,0,0,0,0,0,0,0,0,0,0,0,0,0,0,0,0,0,0,0,0,0,0,0,0,0,0,0,0,0,0,0,0,0
2025_04_CAR_NE,4,CAR,NE,-15.180017607327768,1.0351516489172354,-0.1887938331346959,12.469453887431882,0,0,0,0,0,0,0,0,0,0,0,0,0,0,0,0,0,0,0,0,0,0,0,0,0,0,0,0,0,0,0,-0.23070734407519922,0,0,0,0,0,0,0,0,0,0,0,0,0,0,0,0,0,0,0,0,0,0,0,0
2025_04_CAR_NE,4,NE,CAR,2.8673527754144743,-1.9208430798025802,1.3252999066608027,11.498906617664034,0,0,4.259557213925291,0,0,-1.322659705125261,0,0,0,0,0,0,0,0,0,0,0,0,0,0,0,-0.3796227074053604,0,0,0,0,0,0,0,0,0,0,0,0,0,0,0,0,0,0,0,0,0,0,0,0,0,0,0,0,0,0,0,0,0,0
2025_04_LAC_NYG,4,LAC,NYG,-4.623131034386344,-0.42197897541336715,0,0,0,0.5864385687164031,-6.8782932006988204,0,4.194303230149671,0,0,0,0,0,0,0,0,0,0,0,0,0,0,0.018108077376382425,0,0,0,0,0,0,0,0,0,0,0,0,0,0,0,0,0,0,0,0,0,0,0,0,0,0,0,0,0,0,0,0,0,0,0,0
2025_04_LAC_NYG,4,NYG,LAC,-7.38463081777166,-2.1800076834333595,-1.6226919706678018,0,0,0.6707667865557596,4.974064689931694,0,0,0,0,0,0,0,0,0,0,0,0,0,0,0,0,0,0,0,0,0,0,0,0,0,0,0,0,0,0,0,0,0,0,0,0,0,0,0,0,0,0,0,0,0,0,0,0,0,0,0,0,0
2025_04_PHI_TB,4,TB,PHI,5.339880786254071,-0.07865976367611438,3.06350009056041,-14.969651703385086,0,0,0,0,0,0,0,0,-1.92179106263211,0,0,0,0,0,0,0,0,0,0,0,0,0,0,0,0,0,0,0,0,0,0,0,0.3007341707639236,0,0,0,0,0,0,0,0,0,0,0,0,0,0,0,0,0,0,0,0,0,0,0
2025_04_PHI_TB,4,PHI,TB,-5.247899424526818,3.5154292418737896,0,2.0516031300649047,0,0,0,0,-3.4084922580514103,0,0,0,0,0,0.7551749821286649,0,0,0,0,0,0,0,0,0,0,0,0,0,0,0,0,0,0,0,0,0,0,-1.951239154965151,0,0,0,0,0,0,0,0,0,0,0,0,0,0,0,0,0,0,0,0,0,0
2025_04_IND_LA,4,IND,LA,-2.624556647380814,-0.02643139543943107,-4.896253794315271,5.3228313462354375,2.73057502519805,0.27990492596291006,0,0,0,0,0,0,-9.16399254300903,0,0,0,0,0,0,0,0,0,0,0,0,0,0,0,0,0,0,0,0,0,0,0,0,0,0,0,0,0,0,0,0,0,0,0,0,0,0,0,0,0,0,0,0,0,0,0
2025_04_IND_LA,4,LA,IND,0,0,0,0,-2.5455800620839,0,0,0,0,0.7877876158536674,0.33201575549303897,0,-3.663534412626177,0,0,0,0,0,0,0,0,0,0,0,0,0,0,0,0,0,0,0,0,0,0,0,0,0,6.506549299927428,0,0,0,0,0,0,0,0,0,0,0,0,0,0,0,0,0,0,0,0,0
2025_04_JAX_SF,4,SF,JAX,0,0,-5.930341025232337,0,0,0,0,0,0,-4.347596194425304,6.713907961035147,0,0,0,0,0,0,0,0,0,0,0,0,0,0,0,0,0,0,0,0,0,0,0,0,0,0,0,0,0,0,0,0,0,0,0,0,0,0,0,0,0,0,0,0,0,0,0,0,0
2025_04_JAX_SF,4,JAX,SF,0,0,2.9579402009840123,0,0.3794722620369867,0,0,0,0,1.2318402871461482,0,0,0,0,0,0,0,0,0,0,0,0,0,0,0,0,0,0,0,0,0,0,0,0,0,0,0,0,0,0,0,0,0,0,0,0,0,0,0,0,0,0,0,0,0,0,0,0,0,0
2025_04_BAL_KC,4,BAL,KC,0,0,1.4410687996423803,-0.7940827364141971,0,0,0,0,0,-4.614679432532284,2.4383740288903937,0,-1.8344990919576958,0,0,0,0,0,0,0,0,0,0,0,0,0,0,-0.5827025489415973,0,0,0,0,0,0,0,0,0,0,0,0,0,0,0,0,0,0,0,0,0,0,0,0,0,0,0,0,0,0,0,0
2025_04_BAL_KC,4,KC,BAL,18.36849116947269,-0.1040049564326182,0,0,0,0,0.2869499505571862,0,-1.8631603424056546,0,0,0,0,0,0,0,0,0,0,0,0,0,0,0,0,0,0,0,0,0,0,0,0,0,0,0,0,0,0,-1.7669637312646955,0,0,0,0,0,0,0,0,0,0,0,0,0,0,0,0,0,0,0,0
2025_04_CHI_LV,4,CHI,LV,0,0,-10.405148088306188,0,0,0,0,0,0,4.335885672130932,-2.7817539445046666,0,0,0,0,0,0,0,0,0,0,0,0,0,0,0,0,0,0,0,0,0,0,0,0,0,0,0,0,0,0,0,0,0,0,0,0,0,0,0,0,0,0,0,0,0,0,0,0,0
2025_04_CHI_LV,4,LV,CHI,0,0,-0.2675974068697542,0,0,0,0,0,0,1.0077352199694225,0,0,-5.341767960751895,0,0,0,0,0,0,0,0,0,0,0,0,0,-5.2750190589902655,0,0,0,0,-0.10714765399461612,0,0,0,0,0,0,0,0,0,0,0,0,0,0,0,0,0,0,0,0,0,0,0,0,0,0,0,0
2025_04_GB_DAL,4,GB,DAL,9.564055741386255,-2.0198202558094636,0.7140141409181524,14.105855736150367,0,0,0,2.465246125939302,0,4.7131819499481935,0,0,0,0,0,0,0,0,0,0,0,0,0,0,0,0,0,0,0,0,0,0,0,0,0,0,0,0,0,0,0,0,0,0,0,0,0,0,0,0,0,0,0,0,0,0,0,0,0,0
2025_04_GB_DAL,4,DAL,GB,9.985621191912298,3.468273130711168,0,0.09391674085054547,0,0,0,1.3561759028525557,8.250665304076392,0,0,0,0,0,0,0,0,0,0,0,0,0,0,0,0,0,0,0,0,0,0,0,0,0,0,0,0,0,0,0,0,0,0,0,0,0,0,0,0,0,0,0,0,0,0,0,0,0,0,0
2025_04_NYJ_MIA,4,MIA,NYJ,0,0,1.694366875803098,0,-0.5542041267035529,0,0,0,0,2.048951262275159,3.953293072249522,0,0,0,0,0,0,0,0,0,0,0,0,0,0,0,0,0,0,0,0,0,0,0,0,0,0,0,0,0,0,0,0,0,0,0,0,0,0,0,0,0,0,0,0,0,0,0,0,0
2025_04_NYJ_MIA,4,NYJ,MIA,-1.5186836081667772,8.818062891412527,0,0,0,0,0,0,-1.6390655449358746,0,0,0,0,0.2745768316090107,0,0,0,0,0,0,0,0,0.7051510232637395,0,0,0,0,0,0,0,0,0,0,0,0,0,0,0,0,0,0,0,0,0,0,0,0,0,0,0,0,0,0,0,0,0,0,0,0,0
2025_04_CIN_DEN,4,CIN,DEN,-3.626795188873075,-0.6434336453676224,0,-1.8118512764382437,0,-3.266410299227573,0,0,0,0,0,0,0,0,0,0,0,0,0,0,0,0,0,0,0,0,0,0,0,0,0,0,0,0,0,0,0,0,0,0,0,0,0,0,0,0,0,0,0,0,0,0,0,0,0,0,0,0,0,0
2025_04_CIN_DEN,4,DEN,CIN,0,0.34241078625200316,-1.1348660610965453,6.500148809776874,0,0,0,0,0,10.754925568646286,0,0,-1.3063661904016044,0,0,0,0,0,0.9212881457060575,0,0,0,0,0,0,0,0,0,0,0,0,0,0,0,0,0,0,0,0,0,0,0,0,0,0,0,0,0,0,0,0,0,0,0,0,0,0,0,0,0
2025_05_SF_LA,5,SF,LA,-0.7695372982416302,-1.7077247416600585,4.3649084462667815,0.8289625488117136,-2.2016705598216504,6.442835796857253,0,0,0,0,0,0,3.0177936050856227,0,0,0,0,0,0,0,0,0,0,0,0.7952340191113763,0,0,0,0,0,0,0,0,0,0,0,0,0,0,0,0,0,0,0,0,0,0,0,0,0,0,0,0,0,0,0,0,0,0,0
2025_05_SF_LA,5,LA,SF,0,0,0,1.8710547650116496,0.640453671629075,0,0,0,0,3.703587382110343,0,0,0.35702438179378593,0,0,0,0,0,0,0,0,0,0,0,0,0,0,0,0,0,0,0,0,0,0,0,0,0,0,0,0,0,0,0,0,0,0,0,0,0,0,0,0,0,0,0,0,0,0,0
2025_05_MIN_CLE,5,CLE,MIN,-1.1784621978295036,-1.4219299660180695,-2.7331418989924714,-3.2384524077644494,0,3.5868407664238475,0,0,0,0,0,0,0,0,0,0,0,0,0,0,0,0,0,-0.36862819525413215,0,0,0,0,0,0,0,0,2.1853601959883235,0,0,0,0,0,0,0,0,0,0,0,0,0,0,0,0,0,0,0,0,0,0,0,0,0,0,0
2025_05_MIN_CLE,5,MIN,CLE,0,0,-3.2843044033506885,0,-3.5499569934327155,0,0,0,0,3.9077310311661035,8.16870090935845,0,0,0,0,0,0,0,0,0,0,0,0,0,0,0,0,0,0,0,0,0,0,0,0,0,0,0,0,0,0,0,0,0,0,0,0,0,0,0,0,0,0,0,0,0,0,0,0,0
2025_05_HOU_BAL,5,HOU,BAL,16.520115029998124,-0.030438245983884116,0,1.4596380847215187,0,0,3.191688263148535,0,2.240030004745694,0,0,0,0,0,0,0,0,0,0,0,0,0,0,0,0,0,0,0,0,0,0,0,0,0,0,0,0,0,0,0,0,0,0,0,0,0,0,0,0,0,0,0,0,0,0,0,0,0,0,0
2025_05_HOU_BAL,5,BAL,HOU,0,0,-6.173391736054327,0,-2.072651148715522,0,0,0,0,-5.934099947740089,0,0,0,0,0,0,0.9213211663882248,0,0,0,0,0,0,0,0,0,0,0,0,0,0,0,0,0,0,0,0,0,0,0,0,0,0,0,0,0,0,0,0,0,0,0,0,0,0,0,0,0,0,0
2025_05_MIA_CAR,5,MIA,CAR,0.2589309871545993,-1.6601197427953593,0,0.3354126295889728,0,-1.5233419644646347,3.94333485727061,0,3.4446656852960587,0,0,0,0,0,0,0,0,0,0,0,0,0,0,0,0,0,0,0,0,0,0,0,0,0,0,0,0,0,0,0,0,0,0,0,0,0,0,0,0,0,0,0,0,0,0,0,0,0,0,0
2025_05_MIA_CAR,5,CAR,MIA,7.585176338700665,-2.576922706706682,0,0,0,0,0,2.9336651766789146,1.1677952848840505,0,0,0,0,1.2766616651788354,0,0,0,0,0,0,0,0,0,0.22625063953866054,0,0,0,0,0,0,0,0,0,0,0,0,0,0,0,0,0,0,0,0,0,0,0,0,0,0,0,0,0,0,0,0,0,0,0,0
2025_05_LV_IND,5,IND,LV,0,0,14.143714074336923,0,0,0,0,0,0,-0.527408383670263,5.6394024334149435,0,0,0,0,0,0,0,0,0,0,0,0,0,0,0,0,0,0,0,0,0,0,0,0,0,0,0,0,0,0,0,0,0,0,0,0,0,0,0,0,0,0,0,0,0,0,0,0,0
2025_05_LV_IND,5,LV,IND,0,0,0,0,-6.428746460354887,0,0,0,0,-11.476763928573726,2.126420868791475,0,2.4345943781081587,0,0,0,0,0,0,0,0,0,0,0,0,0,0,0,0,0,0,0,0,0,0,0,0,0,0,0,0,0,0,0,0,0,0,0,0,0,0,0,0,0,0,0,0,0,0,0
2025_05_NYG_NO,5,NO,NYG,-1.105691094067879,4.4491497531735895,-1.2760233478620648,-0.0039012464694678783,0,1.477239080010694,3.6073372437972524,0,0,0,0,0,0,0,0,0,0,0,0,0,0,0,0,0,0,0,0,0,0,0,0,0,0,0,0,0,0,0,0,0,0,0,0,0,0,0,0,0,0,0,0,0,0,0,0,0,0,0,0,0
2025_05_NYG_NO,5,NYG,NO,-8.809025877853855,0,-2.426954017370008,-13.435572296148166,1.037642814742867,0,0,0,0,4.259542624058668,0,0,0,0,0,0,0,0,0,0,0,0,0,0,0,0,0,0,0,0,0,0,0,0,0,0,0,0,0,0,0,0,0,0,0,0,0,0,0,0,0,0,0,0,0,0,0,0,0,0
2025_05_DAL_NYJ,5,NYJ,DAL,-0.7099793707020581,-3.237908058334142,0.09808907091803842,2.453033132063898,0,1.6915021324530244,0,-2.6295458416715265,0,0,0,0,2.934243952448014,0,0,0,0,0,0,0,0,0,0,0,0,0,0,0,0,0,0,0,0,0,0,0,0,0,0,0,0,0,0,0,0,0,0,0,0,0,0,0,0,0,0,0,0,0,0,0
2025_05_DAL_NYJ,5,DAL,NYJ,0,0,1.3088345396681689,0,0,0,0,0,0,4.56455083143929,12.335464518255321,0,0,0,0,0,1.4526178559171967,0,0,0,0,0,0,0,0,0,0,0,0,0,0,0,0,0,0,0,0,0,0,0,0,0,0,0,0,0,0,0,0,0,0,0,0,0,0,0,0,0,0,0
2025_05_DEN_PHI,5,DEN,PHI,-7.504186907349997e-4,-1.2896240039844997,-0.7219213545322418,4.37399044126505,0.2741977196128573,0,0,0,0,0.7986117711698171,0,0,0,0,0,0,0,0,0,0,0,0,0,0,0,0,0,0,0,0,0,0,0,0,0,0,0,0,0,0,0,0,0,0,0,0,0,0,0,0,0,0,0,0,0,0,0,0,0,0
2025_05_DEN_PHI,5,PHI,DEN,5.759184415988907,3.7666962441289797,0,-1.401757030398585,0,-6.315758731798269,-1.4196378318592906,0,0,0,0,0.022308613173663616,0,0.8223356035305187,0,0,0,0,0,0,0,0,0,0,0,0,0,0,0,0,0,0,0,0,0,0,0,0,0,0,0,0,0,0,0,0,0,0,0,0,0,0,0,0,0,0,0,0,0,0
2025_05_TEN_ARI,5,ARI,TEN,-1.2223047463339753,0,-2.900197373528499,1.8796069984091446,1.4348953606677242,-7.392706340877339,0,0,0,0.8174003737512976,0,0,2.439149991434533,0,0,0.9118194650509395,0,0,0,0,0,0,0,0,0,0,0,0,0,0,0,0,0,0,0,0,0,0,0,0,0,0,0,0,0,0,0,0,0,0,0,0,0,0,0,0,0,0,0,0
2025_05_TEN_ARI,5,TEN,ARI,4.267297929856392,-3.4963113345438614,0,-0.6017835866077803,0,-4.010413070442155,-0.05749180418180244,0,1.7341063318308443,0,0,0,0,0.5501030005980283,0,0,0,0,0,0,0,0,0,0,0,0,0,0,0,0,0,0,0,0,0,0,0,0,0,0,0,0,0,0,0,0,0,0,0,0,0,0,0,0,0,0,0,0,0,0
2025_05_TB_SEA,5,TB,SEA,0.10878718632739037,2.533724402077496,-0.2125751162529923,18.856685639116666,0.23876078153261915,0,0,0,0,-0.51457748725079,1.0921527843456715,0,0.2110207719212296,0,0,0,0,0,0,0,0,0,0,0,0,0,1.7357074035098776,0,0,0,0,0,0,0,0,0,0,0,0,0,0,0,0,0,0,0,0,0,0,0,0,0,0,0,0,0,0,0,0,0
2025_05_TB_SEA,5,SEA,TB,2.4353707966428675,14.03121735091554,0,0,0,0,0,1.4087622561492026,0,0,0,0,0,0,2.79090006503975,0,0,0,0,0,0,0,0,0,0,0,0,0,0,0,0,0,0,0,0,0,0,0,0,0,0,0,0,0,0,0,0,0,0,0,0,0,0,0,0,0,0,0,0,0
2025_05_DET_CIN,5,DET,CIN,0,3.4266568259336054,9.214229494391475,-1.455104544525966,0.15828289976343513,0,0,0,0,3.2913093343377113,0,0,-1.7480820520431735,-0.7304250659653917,0,0,0,-2.397598926909268,0,0,0,0,0,0,0,0,2.3550647475058213,0,0,0,0,0,0,0,0,0,0,0,0,0,0,0,0,0,0,0,0,0,0,0,0,0,0,0,0,0,0,0,0,0
2025_05_DET_CIN,5,CIN,DET,5.97358354409267,1.3161755003675353,-9.244147990480997,0,0,0,0,0.7552264181431383,0,0,0,0,0,0,0,0,0,0,0,0,0,0,0,0,0,0,0,0,0,0,0,0,0,0,0,0,0,0,0,0,0,0,0,0,0,0,0,0,0,0,0,0,0,0,0,0,0,0,0,0
2025_05_WAS_LAC,5,LAC,WAS,0,0,-0.9913014854537323,-3.249348159148936,0,4.197569669864606,0,0,0,-6.958159606961999,-0.3745123785920441,-1.1884617891628295,0,0,0,0,-1.6592417483916506,0,0,0,0,0,0,0,0,0,0,0,0,0,0,0,0,0,0,0,0,0,0,0,0,0,0,0,0,0,0,0,0,0,0,0,0,0,0,0,0,0,0,0
2025_05_WAS_LAC,5,WAS,LAC,9.45322011684766,-5.412809585686773,3.170372369233519,5.064578979159705,0,1.4547577409539372,0.8056682398608848,0,0,0,0,0,0,0,0,0,0,0,0,0,0,0,0,0,0,0,0,0,0,0,0,0,0,0,0,0,0,0,0,0,0,0,0,0,0,0,0,0,0,0,0,0,0,0,0,0,0,0,0,0
2025_05_NE_BUF,5,NE,BUF,1.2893023006618023,-2.2883972515117437,-0.5124285868369043,4.517703615536448,0,-0.4243744757390808,0,-1.8924251288408414,0,4.084768967004493,0,0,0,0,0,0,0,0,0,0,0,0,0,0,0,0,0,0,0,0,0,0,-0.8546098942889504,0,0,0,0,0,0,0,0,0,0,0,0,0,0,0,0,0,0,0,0,0,0,0,0,0,0,0
2025_05_NE_BUF,5,BUF,NE,3.2658178720869175,-5.807891049073078,-0.9482331734616309,0.9541168314045434,0,1.9288562431465834,0,0,0,0.7741730413981713,0,0,0,0,0,0,0,0,0,0,0,0,0,-0.00966190782492049,0,0,0,0,0,0,0,0,0,0,0,0,0,0,0,0,0,0,0,0,0,0,0,0,0,0,0,0,0,0,0,0,0,0,0,0
2025_05_KC_JAX,5,JAX,KC,0.9888120573014021,-1.3612843223381788,-2.8990976854693145,2.5873883956228383,0,0,0,0,0,5.509625772247091,0.045154837192967534,0,4.864082249659311,0,0,0,0,-2.8265689604450017,0,0,0,0,0,0,0,0,0,0,0,0,0,0,0,0,0,0,0,0,0,0,0,0,0,0,0,0,0,0,0,0,0,0,0,0,0,0,0,0,0,0
2025_05_KC_JAX,5,KC,JAX,0,0,7.687821093189996,-1.3027060172753409,0,-0.45442492168513127,0,0,0,1.4642737076501362,0,0,3.785164216940757,0,0,0,0,0,0,0,0,0,0,0,0,0,0,0,0,0,0,0.019314876233693212,0,0,0,0,0,0,0,0,0.001387834403431043,0,0,0,0,0,0,0,0,0,0,0,0,0,0,0,0,0,0,0
2025_06_PHI_NYG,6,PHI,NYG,-0.29739446501480415,-0.7422109142062254,2.495828821323812,1.5578560017747805,0,-1.8168705347925425,-4.96881532911107,0,0,0,0,0,0,0,0,0,0,0,0,0,0,0,0,0,0,0,0,0,0,0,0,0,0,0,0,0,0,0,0,0,0,0,0,0,0,0,0,0,0,0,0,0,0,0,0,0,0,0,0,0
2025_06_PHI_NYG,6,NYG,PHI,9.590184120752383,2.439501864486374,-1.6308177205792163,5.3115846401196904,3.8227185446594376,0,0,0,0,0,0,0,0,0,0,0,0,0,0,0,0,0,0,0,0,0,0,0,0,0,0,0,0,0,0,0,0,0,0,0,0,0,0,0,0,0,0,0,0,0,0,0,0,0,0,0,0,0,0,0
2025_06_DEN_NYJ,6,DEN,NYJ,0,0,-4.28159353742376,0,0,0,0,0,0,-0.3568969834189142,-5.113480057856115,0,0,0,0,0,0,0,0,0,0,0,0,0,0,0,0,0,0,0,0,0,0,0,0,0,0,0,0,0,0,1.1921601630747318,0,0,0,0,0,0,0,0,0,0,0,0,0,0,0,0,0,0
2025_06_DEN_NYJ,6,NYJ,DEN,-12.695271036699442,-5.47945377160795,0,-2.536080291029066,0,-4.337169647740666,0,0,0,0,0,0,0,0,0,0,0,0,0,0,0,0,0,0,0,0,0,0,0,0,0,0,0,0,0,0,0,0,0,0,0,0,1.0702710826299153,0,0,0,0,0,0,0,0,0,0,0,0,0,0,0,0,0
2025_06_LA_BAL,6,BAL,LA,-0.3381026652059518,-2.1280355813214555,-17.170613420021255,0.40057833422906697,0.7577666125725955,-0.4206057189148851,0,0,0,0,0,0,-3.3461753718665714,0,0,0,0,0,0,0,0,0,0,0,-5.3694752810988575,0,0,0,0,0,0,0,0,0,0,0,0,0,0,0,0,0,0,0,0,0,0,0,0,0,0,0,0,0,0,0,0,0,0,0
2025_06_LA_BAL,6,LA,BAL,-4.1419814423451395,-2.570704449142795,0,0,0,3.0276279934914783,3.9402119513833895,0,-0.6242379288210049,0,0,0,0,0.6409044237807393,0,0,0,0,0,0,0,0,0,0,0,0,0,0,0,0,0,0,0,0,0,0,0,0,0,0,0,0,0,0,0,0,0,0,0,0,0,0,0,0,0,0,0,0,0,0
2025_06_DAL_CAR,6,DAL,CAR,6.496516046834783,-6.573955158353783,0,2.8609550741384737,0,0.019073373055792153,7.87883223121753,0,0,0,0,0,0,0,0,0,0,3.066909576416947,0,0,0,0,0,0,0,0,0,0,0,0,0,0,0,0,0,0,0,0,0,0,0,0,0,0,0,0,0,0,0,0,0,0,0,0,0,0,0,0,0,0
2025_06_DAL_CAR,6,CAR,DAL,7.945569292587601,2.822634100273717,2.8045325070561375,-5.302043275997215,0,0,0,2.40932173805777,0,1.6965707887429744,0,0,0,0,0,0,0,0,0,0,0,0,0,0,0,0,0,0,0,0,0,0,0,0,0,0,0,0,0,0,0,0,0,0,0,0,0,0,0,0,0,0,0,0,0,0,0,0,0,0
2025_06_ARI_IND,6,IND,ARI,4.338529666682007,4.376329419581452,0,4.314876522577833,0,0.9435108749894425,0,0,-4.576251391957193,0,0,0,0,0,0,0,0,0,0,0,0,0,0,0,0,0,0,0,0,0,0,0,0,0,0,0,0,0,0,0,0,0,0,0,0,0,0,0,0,0,0,0,0,0,0,0,0,0,0,0
2025_06_ARI_IND,6,ARI,IND,0,0,0,0,6.81536855554441,0,0,0,0,0.7934426472638734,-5.121755966864321,0,-2.560150262666866,0,0,2.2640737216570415,0,0,0,0,0,0,0,0,0,0,0,0,0,0,0,0,0,0,0,0,0,0,0,0,0,3.4424730894970708,0,0,0,0,0,0,0,0,0,0,0,0,0,0,0,0,0,0
2025_06_SEA_JAX,6,JAX,SEA,-6.634532825963106,0.8534541964763775,0.9887318089604378,2.0626665187464495,0,0,0,0,0,-0.6535716326907277,0,0,-0.9006037269718945,0,0,0,0,-0.947,0,0,0,0,0,0,0,0,0,0,0,0,0,0,0,0,0,0,0,0,0,0,0,0,0,0,0,0,0,0,0,0,0,0,0,0,0,0,0,0,0,0
2025_06_SEA_JAX,6,SEA,JAX,0,0,8.275527640486013,0,0,0,0,0,0,-2.262344802089501,-4.924905822233031,0,0,0,0,0,0,0,0,0,0,0,0,0,0,0,0,0,0,0,0,0,0,0,0,0,0,0,0,0,0,0,0,0,0,0,0,0,0,0,0,0,0,0,0,0,0,0,0,0
2025_06_LAC_MIA,6,MIA,LAC,-2.0934137735166587,1.7777610175544396,0,4.435819826525403,0,1.8472476549213752,-4.202954304125149,0,0,0,0,0,0,0,0,0,0,0,0,0,0,0,0,-0.04270389542216435,0,0,0,0,0,0,0,0,0,0,0,0,0,0,0,0,0,0,0,0,0,0,0,0,0,0,0,0,0,0,0,0,0,0,0,0
2025_06_LAC_MIA,6,LAC,MIA,-2.9682657668302346,5.166380634932988,0,0,0,1.3372869868762791,0,0,-0.5320160469837978,0,0,0,0,3.6525834416388534,0,0,0,0,0,0,0,0,0,0,0,0,0,0,0,0,0,0,0,0,0,0,0,0,0,0,0,0,0,-5.428657168522477e-4,0,0,0,0,0,0,0,0,0,0,0,0,0,0,0,0
2025_06_CLE_PIT,6,PIT,CLE,0,0,4.150049395508889,0,0,0,0,0,0,1.5030793740879744,-0.6221837041920311,0,0,-0.10950617794878781,0,0,0,-0.8730702202301472,2.1122829895466566,0,0,0,0,0,0,0,0,0,0,0,0,0,0,0,0,0,0,0,0,0,0,0,0,0,0,0,0,0,0,0,0,0,0,0,0,0,0,0,0,0
2025_06_CLE_PIT,6,CLE,PIT,-5.828639385569987,-5.184785060642753,0,0,0,0,0,0,-1.2602479475113004,0,0,0,0,2.5731439884984866,0,0,0,0,0,0,0,0,0,0,0,0,0,0,0,0,0,0,0,0,0,0,0,0,0,0,0,0,0,0,0,0,0,0,0,0,0,0,0,0,0,0,0,0,0,0
2025_06_SF_TB,6,TB,SF,0,0.3101057215826586,2.944538495823508,6.270451999427982,-0.3459327454473823,0,0,0,0,4.044851907581359,0,0,0,0,0,0,0,0,0,0.6309255706146359,0,0,0,0,0,0,0,0,0,0,0,0,0,0,0,0,0,0,0,0,0,0,0,0,0,0,0,0,0,0,0,0,0,0,0,0,0,0,0,0
2025_06_SF_TB,6,SF,TB,-14.288771195447051,6.746772282524034,0,0,0,0,0,0,0,0,0,0,0,1.3678721713949926,0,0,0,0,0,0,0,0,0,0,0,0,0,0,0,0,0,0,0,0,0,0,0,0,0,0,0,0,0,0,0,0,0,0,0,0,0,0,0,0,0,0,0,0,0,0
2025_06_TEN_LV,6,TEN,LV,0,0,-3.0552834363188595,0,0.6475942176766694,0,0,0,0,-12.301852141972631,0.0010102477980831193,0,0,0,0,0,0.5936909537413158,0,0,0,0,0,0,0,0,0,0,0,0,0,0,0,0,0,0,0,0,0,0,0,0,0,0,0,0,0,0,0,0,0,0,0,0,0,0,0,0,0,0,0
2025_06_TEN_LV,6,LV,TEN,-0.2848303800089469,0,0.08303091482957825,-4.891142127919011,0,2.4509428075980395,0,0,0,0,0,0,0,0,0,-1.710402540746145,0,0,0,0,0,0,0,0,0,0,0,0,0,0,0,0,0,0,0,0,0,0,0,0,0,0,0,0,0,0,0,0,0,0,0,0,0,0,0,0,0,0,0,0
2025_06_CIN_GB,6,GB,CIN,0,3.214759734517429,1.520691755169537,-7.056844241014915,0,0,0,0,0,6.722132185478667,2.7953129884554073,0,5.609650904643027,0,0,0,0,0,0,0,0,0,0,0,0,0,0,0,0,0,0,0,0,0,0,0,0,0,0,0,0,0,0,0,0,0,0,0,0,0,0,0,0,0,0,0,0,0,0,0
2025_06_CIN_GB,6,CIN,GB,6.941431536840631,0,0,0.9546512166270986,0,0,0,0.13227844069479033,-1.2209959898609668,0,0,0,0,0,0,0,0,0,0,0,0,0,0,0,0,0,0,0,0,0,0,0,0,0,0,0,0,0,0,0,0,0,0,0,0,0,0,0,0,0,0,0,0,0,0,0,0,0,0,0
2025_06_NE_NO,6,NO,NE,-5.125096383501881,-0.5697763542411849,0,1.1546446902211756,0,0,0,0,0,0,0,0,0,0,1.1653354454319924,0,0,0,0,0,0,0,0,0,0,0,0,0,0,0,0,0,0,0,0,0,0,0,0,0,0,0,0,0,0,0,0,0,0,0,0,0,0,0,0,0,0,0,0,0
2025_06_NE_NO,6,NE,NO,0,0,-2.030614987248555,13.619604945124593,-1.2259537314530462,0,0,0,0,4.404743001796305,-4.398096455772672,0,-0.3341612871736288,0,0,0,0,-0.6612610940500163,0,0,0,0,0,0,0,0,0,0,0,0,0,0,0,0,0,0,0,0,0,0,0,0,0,0,0,0,0,0,0,0,0,0,0,0,0,0,0,0,0,0
2025_06_DET_KC,6,DET,KC,0,-2.122511409863364,5.943692827713676,-2.0164459766820073,0,0,0,0,0,7.674871898081619,0,0,-3.9439524701447226,0,0,0,0,-1.4566342848702334,0,0,0.41757862153463066,0,0,0,0,0,0,0,0,0,0,0,0,0,0,0,0,0,0,0,0,0,0,0,0,0,0,0,0,0,0,0,0,0,0,0,0,0,0,0
2025_06_DET_KC,6,KC,DET,4.6705791541734,1.7398356911726296,6.089258335618069,1.9590291955973953,0,0,0,2.107126355986111,0,0,0,0,0,0,0,0,0,1.123317618330475,0,0,0,0,0,0,0.956179607543163,0,0,0,0,0,0,0,0,0,0,0,0,0,0,0,0,0,0,0,0,0,0,0,0,0,0,0,0,0,0,0,0,0,0,0
2025_06_BUF_ATL,6,ATL,BUF,2.677055449981708,6.700958734772328,0,4.192698934755754,0,-3.209443922726696,-0.7352569067734294,0,0,0,0,0,-0.07230182806961238,0,0,0,0,0,0,0,0,0,0,0,0,0,0,0,0,0,0,0,0,0,0,0,0,0,0,0,0,0,0,0,0,0,0,0,0,0,0,0,0,0,0,0,0,0,0,0
2025_06_BUF_ATL,6,BUF,ATL,-9.082927388837561,-0.5929718650877476,6.684959437174257,-1.3654584340110887,1.2056857608258724,0,0,0,0,-2.786490093334578,0,0,0,0,0,0,0,0,0,0,0,0,0,0,0,0,0,0,0,0,0,0,0,0,0,0,0,0,0,0,0,0,0,0,0,0,0,0,0,0,0,0,0,0,0,0,0,0,0,0
2025_06_CHI_WAS,6,CHI,WAS,0,0,0,1.3357169670367344,0,-1.4452419808730226,0,0,0,8.15783184963232,0,0,0,0,0,0,0,0,0,0,0,0,0,0,0,0,0,0,0,0,0,0,0,0,0,0,0,0,0,0,0,0,0,0,0,0,0,0,0,0,0,0,0,0,0,0,0,0,0,0
2025_06_CHI_WAS,6,WAS,CHI,0,0,-7.342309624829795,0,-4.304205796972383,0,0,0,0,6.006126078001352,0,0,7.4903787902439944,0,0,0,0,0,0,0,0,0,0,0,0,0,0,0,0,0,0,0,0,0,0,0,0,0,0,0,0,0,0,0,0,0,0,0,0,0,0,0,0,0,0,0,0,0,0,0
2025_07_PIT_CIN,7,PIT,CIN,0,0,4.587798009335529,0,0,0,0,0,0,8.575574591115583,4.467516933684237,0,-0.06086232542293146,0,0,0,0,0,0,0,0,0,0,0,0,0,0,0,0,0,0,0,0,0,0,0,0,0,0,0,0,0,0,0,0,0,0,0,0,0,0,0,0,0,0,0,0,0,0,0
2025_07_PIT_CIN,7,CIN,PIT,17.175432029978058,2.47189767297823,0,2.1127764612901956,0,0,0,0,1.2518313843240516,0,0,0,0,0,0,0,0,0,0,0,0,0,0,0,0,0,0,0,0,0,0,0,0,0,0,0,0,0,0,0,0,0,0,0,0,0,0,0,0,0,0,0,0,0,0,0,0,0,0,0
2025_07_LA_JAX,7,JAX,LA,0.4579698291930918,0,3.2115918459603563,-9.061703655752353,0,-1.3420185259892605,0,0,0,0,0,0,-4.0379437852534465,0,0,0,0,0,0,0,0,0,0,0,0,0,0,0,0,0,0,0,0,0,0,0,0,0,0,0,0,0,0,0,0,0,0,0,0,0,0,0,0,0,0,0,0,0,0,0
2025_07_LA_JAX,7,LA,JAX,0,0,9.917523938813247,0,0,0,0,0,0,9.812302018748596,-0.9389837813796476,0,-2.761011293856427,0,0,0,0,0,0,0,0,0,0,0,0,0,0,0,0,0,0,0,0,0,0,0,0,0,0,0,0,0,0,0,0,0,0,0,0,0,0,0,0,0,0,0,0,0,0,0
2025_07_NO_CHI,7,CHI,NO,-1.0018114488921128,-0.15000825398601592,0,4.623286108119047,4.6333795505343005,0,0,0,0,-5.559122530163004,0,0,0,0,0,0,0,0,0,0,0,0,0,0,0,0,0.47466824401635677,0,0,1.9688499492767733,0,0,0,0,0,0,0,0,0,0,0,0,0,0,0,0,0,0,0,0,0,0,0,0,0,0,0,0,0,0
2025_07_NO_CHI,7,NO,CHI,0,0,-12.058717482199427,0,0,0,0,0,0,5.6030097570230675,0,0,-6.406079706037417,0,0,0,0,0.9743987962137908,0,0,0,0,0,0,0,0,0,0,0,0,0,0,0,0,0,0,0,0,0,0,0,0,0,0,0,0,0,0,0,0,0,0,0,0,0,0,0,0,0,0
2025_07_MIA_CLE,7,CLE,MIA,-3.7360869384582935,-2.7728774598799646,0,0,0,0,0,-0.9896708382293582,6.728166069078725,0,0,0,0,0.9789754865923896,0,0,0,0,0,0,0,0,0,0,0,0,0,0,0,0,0,0,0,0,0,0,0,0,0,0,0,0,0,0,0,0,0,0,0,0,0,0,0,0,0,0,0,0,0,0
2025_07_MIA_CLE,7,MIA,CLE,0,0,0.7565347601193935,0,0,0,0,0,0,-22.79190011434502,-8.00838714763759,0,0,0,0,0,0,0,0,0,0,0,0,0,0,0,0,0,0,0,0,0,0,0,0,0,0,0,0,0,0,0,0,0,0,0,0,0,0,0,0,0,0,0,0,0,0,0,0,0
2025_07_LV_KC,7,LV,KC,-2.0423885306809098,-1.9138082126155496,-8.008122431929223,-4.375622203457169,0,0,0,0,0,-2.1412604018114507,-1.0992314557079226,0,-2.4506914560624864,0,0,0,0,0,0,0,0,0,0,0,0,0,0,0,0,0,0,0,0,0,0,0,0,0,0,0,0,0,0,0,0,0,0,0,0,0,0,0,0,0,0,0,0,0,0,0
2025_07_LV_KC,7,KC,LV,0,-1.2437649865751155,7.647881064360263,0.24088702289283148,0,0,0,0,0,1.4825576325820293,1.0353869958780706,0,9.887083323206753,0,0,0,0,0,0,0,0,0,0,0,0,0,0,0,0,0,0,0,0,0,0,0,0,0,0,0,0,0,0,0,0,0,0,0,0,0,0,0,0,0,0,0,0,0,0,0
2025_07_PHI_MIN,7,PHI,MIN,-2.0783294046254475,2.7523555781226605,-2.6874364365939982,2.0693620599922724,0,6.048699505685363,6.366423304658383,0,0,0,0,0,0,0,0,0,0,0,0,0,0,0,0,0,0,0,0,0,0,0,0,0,0,0,0,0,0,0,0,0,0,0,0,0,0,0,0,0,0,0,0,0,0,0,0,0,0,0,0,0
2025_07_PHI_MIN,7,MIN,PHI,-6.136515498650721,3.757424001232721,-4.3834833995372335,0.2905954887974076,0.6498687363346107,-0.28406094774843993,0,0,0,0,0,0,0,0,0,0,0,0,0,0,0,0,0,0,0,0,0,0,0,0,0,0,0,0,0,0,0,0,0,0,0,0,0,0,0,0,0,0,0,0,0,0,0,0,0,0,0,0,0,0
2025_07_CAR_NYJ,7,NYJ,CAR,-20.439070375498858,-4.253266967018135,0,1.712584613065701,0,3.245223321893718,2.515709306579083,0,1.2715092884369117,0,0,0,0,0,0,0,0,0,0,0,0,0,0,0,0,0,0,0,0,0,0,0,0,0,0,0,0,0,0,0,0,0,0,0,0,0,0,0,0,0,0,0,0,0,0,0,0,0,0,0
2025_07_CAR_NYJ,7,CAR,NYJ,0,0,-6.2518637222237885,0,0,0,0,0,0,5.077345434802247,-3.895000684307888,0,0,0,0,0,0,0,0,0,0,0,0,0,0,0,0,0,0,0,0,0,0,0,0,0,0,0,0,0,0,0,0,0,0,0,0,0,0,0,0,0,0,0,0,0,0,0,0,0
2025_07_NE_TEN,7,TEN,NE,-16.82613494537289,0.9431909453123808,-2.039682300761342,2.4814613950438797,0,0,0,0,0,0.6079455234576017,0,0,0,0,0,0,0,0,0,0,0,0,0,0,0,0,0,0,0,0,0,0,0,0,0,0,0,0,0,0,0,0,0,0,0,0,0,0,0,0,0,0,0,0,0,0,0,0,0,0
2025_07_NE_TEN,7,NE,TEN,13.589484839979708,0.5182641266728751,-1.6317752680624835,3.628228089597542,0,1.5096614114008844,-3.28469215426594,0,0,0,0,0,0,0,0,0,0,0,0,0,0,2.2544043387752026,0,0,0,0,0,0,0,0,0,0,0,0,0,0,0,0,0,0,0,0,0,0,0,0,0,0,0,0,0,0,0,0,0,0,0,0,0,0
2025_07_NYG_DEN,7,NYG,DEN,4.3475491143763065,2.556156041857321,0,0.5389449726063759,0,11.157627259613946,0,0,0,0,0,0,0,-1.3701492747641169,0,0,0,0,0,0,0,0,0,0,0,0,0,0,0,0,0,0,0,0,0,0,0,0,0,0,0,0,0,0,0,0,0,0,0,0,0,0,0,0,0,0,0,0,0,0
2025_07_NYG_DEN,7,DEN,NYG,10.19106782160839,-3.0418863755767234,1.0438263258547522,0,0,0,-4.239281190559268,0,3.4886781763634644,0,0,0.7511841948726214,0,0,0,0,0,0,0,0,0,0,0,0,0,0,0,0,0,0,0,0,0,0,0,0,0,0,0,0,0,0,0,0,0,0,0,0,0,0,0,0,0,0,0,0,0,0,0,0
2025_07_IND_LAC,7,IND,LAC,22.01694408104243,-0.8747979505569674,0,0,0,-0.9716366299544461,4.703483782126568,0,0,0,0,-0.10303623735671863,0,0,0,0,0,0,0,0,0,0,0,0,0,0,0,0,0,0,0,0,0,0,0,0,0,0,0,0,0,0,0,0,0.13557888427749276,0,0,0,0,0,0,0,0,0,0,0,0,0,0,0
2025_07_IND_LAC,7,LAC,IND,0,0,0,0,-0.31899583264021203,0,0,0,0,1.860147065424826,5.665794317632493,0,-1.2608128513675183,0,0,0,0,0,0,0,0,0,0,0,0,0,2.958594464813359,0,0,0,0,0,0,0,0,0,0,0,0,0,0,0,0,0,0,0,0,0,0,0,0,0,0,0,0,0,0,0,0,0
2025_07_GB_ARI,7,ARI,GB,13.098654715581736,-3.4925814099842682,0,0.430131938890554,0,-3.7326138714453396,0,-6.50054427847499,0,0,0,0,0,0,0,0,0,0,0,0,0,0,0,0,0,0,0,0,0,0,0,0,0,0,0,0,0,0,0,0,0,0,0,0,0,0,0,0,0,0,0,0,0,0,0,0,0,0,0,0
2025_07_GB_ARI,7,GB,ARI,-1.665287392952843,1.7740576994547155,0,1.9517217298271134,0,3.7507353431428783,0,0,0,0,0,0,0,0,0,0,0,0,0,0,0,0,1.4302991261291287,0,0,0,0,0,0,0,0,0,0,0,0,0,0,0,0,0,0,0,0,0,0,0,0,0,0,0,0,0,0,0,0,0,0,0,0,0
2025_07_WAS_DAL,7,DAL,WAS,0,-0.32445562444627285,-8.72196895891102,8.443696357297473,-0.9516162404324859,7.0453078673099405,0,0,0,5.154629794094944,0,0,0,0,0,0,0,0,0,0,0,0,0,0,0,0,0,0,0,0,0,0,0,0,0,0,0,0,0,0,0,0,0,0,0,0,0,0,0,0,0,0,0,0,0,0,0,0,0,0
2025_07_WAS_DAL,7,WAS,DAL,3.430090198046062,-0.2567040857975371,1.374751269351691,-17.199784913333133,0,0,0,-1.8883575868676417,3.2233237092150375,0.7662595566944219,0,0,0,0,0,0,0,0,0,0,0,0,0,0,0,0,0,0,0,0,0,0,0,0,0,0,0,0,0,0,0,0,0,0,0,0,0,0,0,0,0,0,0,0,0,0,0,0,0,0
2025_07_ATL_SF,7,ATL,SF,0,1.863546590146143,-1.1500440772506408,-2.6918548534740694,0,0,0,0,0,-5.341802883815573,0,0,0,0,0,0,0,0,0,0,0,0,0,0,0,0,0,0,0,0,0,0,0,0,0,0,0,0,0,0,0,0,0,0,0,0,0,0,0,0,0,0,0,0,0,0,0,0,0,0
2025_07_ATL_SF,7,SF,ATL,-0.03564781852765009,0,3.200296530034393,0.025900515277951675,-7.781553920271108,0,0,0,0,3.814090481988387,0,0,0,0,0,0,0,0,0,0,2.982588417129591,0,0,0,0,0,0,0,0,0,0,0,0,0,0,0,0,0,0,0,0,0,0,0,0,0,0,0,0,0,0,0,0,0,0,0,0,0,0,0
2025_07_HOU_SEA,7,SEA,HOU,0,0,-0.09047650021966547,2.4778651552041993,1.0949833734725063,0,0,0,0,-19.829606815581243,0,0,0,0,0,0,1.105789780325722,0,0,0,0,0,0,0,0,0,0,0,0,0,0,0,0,0,0,0,0,0,0,0,0,0,0,0,0,0,0,0,0,0,0,0,0,0,0,0,0,0,0,0
2025_07_HOU_SEA,7,HOU,SEA,-13.052874466928737,-1.0499615643639117,-1.783749206457287,-3.347553779528655,0,0,0,0,0,-1.1200617033755407,0,0,0,-2.276895036222413,0,0,0,0,0,0,0,0,0,0,0,0,0,0,0,0,0,0,0,0,0,0,0,0,0,0,0,0,0,0,0,0,0,0,0,0,0,0,0,0,0,0,0,0,0,0
2025_07_TB_DET,7,DET,TB,-8.220927121543747,-0.6578966253437102,0,0,0,0,1.3024673331528902,1.9050332696642727,0,0,0,0,0,0.1762864999473095,0,0,0,0,0,0,0,0,0,0,0,0,0,0,0,0,0,0,0,0,0,0,0,0,0,0,0,0,0,0,0,0,0,0,0,0,0,0,0,0,0,0,0,0,0,0
2025_07_TB_DET,7,TB,DET,-16.574640227863352,1.799389232415706,-3.3362563739647157,-5.6967014473630115,0,0,0,0,-1.9059888069168665,0,0,0,0,0,0,0,0,2.397331950138323,0,0,0,0,0,0,0,0,0,0,0,0,0,0,0,0,0,0,0,0,0,0,0,0,0,0,0,0,0,0,0,0,0,0,0,0,0,0,0,0,0,0
2025_08_MIN_LAC,8,MIN,LAC,-12.599273869767785,-1.7265226098243147,0,0,0,0.6243405966088176,0,0,-5.878933167219414,0,0,0,0,0,0,0,0,0,0,0,0,0,2.597128297202289,0,0,0,0,0,0,0,0,0,0,0,0,0,0,0,0,-0.7021422689091303,0,0,0,0,0,0,0,0,0,0,0,0,0,0,0,0,0,0,0,0
2025_08_MIN_LAC,8,LAC,MIN,1.3264612178227813,4.661853456254741,1.7379920086241327,0,0,11.642205589641453,0,0,0,0,0,0,0,-0.8195926249027252,0,0,0,0,0,0,0,0,0,0,0,0,0,0,0,0,-1.7632061307667755,0,0,0,0,0,0,0,0,0,0,0,0,0,0,0,0,0,0,0,0,0,0,0,0,0,0,0,0,0
2025_08_MIA_ATL,8,MIA,ATL,0.2800989483948797,5.570795492967591,-3.8152089258655906,4.0362170778719495,0.29727085068589076,0,0,0.5214281316148117,0,3.9568388334722804,1.4795276736840606,0,0,0,0,0,0,0,0,0,0,0,0,0,0,0,0,0,0,0,0,0,0,0,0,0,0,0,0,0,0,0,0,0,0,0,0,0,0,0,0,0,0,0,0,0,0,0,0,0
2025_08_MIA_ATL,8,ATL,MIA,-2.190947395574767,-2.2701962010951138,0,0,0,0,0,0,-8.276476793689653,0,0,0,0,0,0,0,0,0,0,0,0,-1.2301292570773512,0,0,0,0,0,0,0,0,0,0,0,0,0,0,0,0,0,0,0,0,0,0,0,0,0,0,0,0,0,0,0,0,0,0,0,0,0,0
2025_08_CHI_BAL,8,CHI,BAL,-8.125139182753628,1.435950735467486,0,1.8424837294733152,0,1.44773391502858,7.470000307411166,0,0,0,0,0,0,0,0,0,0,0,0,0,0,0,0,0,-1.1291294159600511,0,0,0,0,0,0,0,0,0,0,0,0,0,0,0,0,0,0,0,0,0,0,0,0,0,0,0,0,0,0,0,0,0,0,0
2025_08_CHI_BAL,8,BAL,CHI,0,0,-2.990964461059775,0,0,0,0,0,0,11.93373010316525,0,0,0,0,0,0,1.4435771313146688,3.4993024019058794,0,0,0,0,0,0,0,0,-0.26713285490404814,0,0,0,0,0,0,0,0,0,0,0,0,0,0,0,0,0,0,0,0,0,0,0,0,0,0,0,0,0,0,0,0,0
2025_08_BUF_CAR,8,CAR,BUF,-12.68486852425849,-1.8060480192070827,0,-7.327875504968688,0,-1.4667731622497695,4.710360128260156,0.8480705115944147,-1.369578666286543,0,0,0,0,0,0,0,0,0,0,0,0,0,0,0,0,0,0,0,0,0,0,0,0,0,0,0,0,0,0,0,0,0,0,0,0,0,0,0,0,0,0,0,0,0,0,0,0,0,0,0
2025_08_BUF_CAR,8,BUF,CAR,5.367760183303984,6.856940721976571,0,0.8136142066214234,0,4.567793820868246,0,0,2.3031211516354233,0,0,0,0,0,0,0,0,0.6963571664236952,0,0,0,0,0,0,0,0,0,0,0,0,0,0,0,0,0,0,0,0,0,0,0,0,0,0,0,0,0,0,0,0,0,0,0,0,0,0,0,0,0,0
2025_08_NYJ_CIN,8,CIN,NYJ,0,0,0.16698324540629983,0,0,0,0,0,0,17.38566865363424,-3.033730400376953,0,0,0,0,0,0,0,0,0,0,0,0,0,0,0,0,0,0,0,0,0,0,0,0,0,0,0,0,0,0,0,0,0,0,0,0,0,0,0,0,0,0,0,0,0,0,0,0,0
2025_08_NYJ_CIN,8,NYJ,CIN,0,-0.6779704177752137,7.0494014603609685,-3.9185534739581223,2.0104071666428354,0,0,0,0,17.868868062193396,1.3536209512967616,0,0.20128088764613494,0,0,0,0,0,0,0,0,0,0,0,0,0,0,0,0,0,0,0,0,0,0,0,0,0,0,0,0,0,0,0,0,0,0,0,0,0,0,0,0,0,0,0,0,0,0,0
2025_08_SF_HOU,8,HOU,SF,0,1.122538622817956,-4.8751857168820045,14.610673380932113,0,0,0,0,0,5.559544047457166,0,0,0,0,0,0,0,0,0,0,0,0,0,0,0,0,0,0,0,0,0,0,0,0,0,0,0,0,0,0,0,0,0,0,0,0,0,0,0,0,0,0,0,0,0,0,0,0,0,0
2025_08_SF_HOU,8,SF,HOU,0,0,0,0,0,0,0,0,0,-4.928767770557897,0,0,0,0,0,0,1.7761044294021557,0,0,0,0,0,0,0,0,0,2.0180931005161256,0,0,0,0,0,0,0,0,0,0,0,0,0,0,0,0,0,0,0,0,0,0,0,0,0,0,0,0,0,0,0,0,0
2025_08_CLE_NE,8,NE,CLE,0,0,6.24705560458824,0,0,0,0,0,0,4.698728324053276,-3.0521122757055057,0,0,0.3984122683177702,0,0,0,0,0,0,0,0,0,0,0,0,-2.220639050938189,0,0,0,0,0,0,0,0,0,0,0,0,0,0,0,0,0,0,0,0,0,0,0,0,0,0,0,0,0,0,0,0,0
2025_08_CLE_NE,8,CLE,NE,-13.66728639918888,-1.1997611346887425,-0.947,0,0,0,0,0,0,0,0,0,0,0,0,0,0,0,0,0,0,0,0,0,0,0,0,0,0,0,-1.183299731463194,0,0,0,0,0,0,0,0,0,0,0,0,0,0,0,0,0,0,0,0,0,0,0,0,0,0,0,0,0
2025_08_NYG_PHI,8,PHI,NYG,11.860117453557905,10.603191206348129,1.3937915745191276,0,0,0,2.5500972234710853,0,0,0,0,0,0,0,0,0,0,0,0,0,0,0,0,0,0,0,0,0,0,0,0,0,0,0,0,0,0,0,0,0,0,0,0,0,0,0,0,0,0,0,0,0,0,0,0,0,0,0,0,0
2025_08_NYG_PHI,8,NYG,PHI,-3.7610105871709623,-1.6995757531840354,3.9752226402051747,5.629897519072983,0,0,0,0,0,0,0,0,-1.0243407565661284,0,0,0,0,0,0,0,0,0,0,0,0,0,0,0,0,0,0,0,0,0,0,0,0,0,0,0,0,0,0,0,0,0,0,0,0,0,0,0,0,0,0,0,0,0,0,0
2025_08_TB_NO,8,NO,TB,-28.08070143121488,-8.837082511745393,0,0,0,0,4.018845746759325,-1.3230306915938854,0,0,0,0,0,0,0,0,0,0,0,0,0,0,0,0,0,0,0,0,0,0,0,0,0,0,0,0,0,0,0,0,0,0,0,0,0,0,0,0,0,0,0,0,0,0,0,0,0,0,0,0
2025_08_TB_NO,8,TB,NO,4.5457786651095375,-0.5429385603638366,0.014905200863722712,-1.6588834279682487,-5.97886574594304,0,0,0,0,-4.201617430411055,0,0,-1.2240886426880024,0,0,0,0,0,0,0,0,0,0,0,0,0,-0.7723459484986961,0,0,0.31172319152392447,0,0,0,0,0,0,0,0,0,0,0,0,0,0,0,0,0,0,0,0,0,0,0,0,0,0,0,0,0,0
2025_08_DAL_DEN,8,DEN,DAL,6.694746960885823,4.1318650653993245,0.026997732173185796,12.721004744328358,0,0,0,-0.947,0,1.8092755078687333,0,0,-1.1085486118681729,0,0,0,0,0,0,0,0,0,0,0,-0.6019736968446523,0,0,0,0,0,0,0,0,0,0,0,0,0,0,0,0,0,0,0.06245898699853569,0,0,0,0,0,0,0,0,0,0,0,0,0,0,0,0
2025_08_DAL_DEN,8,DAL,DEN,4.544155772833619,-4.5956341060227714,0,-0.9842244666019897,0,5.453356830286793,0,0,0,0,0,0,0,1.2734180423431098,0,0,0,0,0,0,0,0,0,0,0,0,0,0,0,0,0,0,0,0,0,0,0,0,0,0,0,0,0,0,0,0,0,0,0,0,0,0,0,0,0,0,0,0,0,0
2025_08_TEN_IND,8,IND,TEN,18.30470238858834,-2.3123948221327737,-2.1357825869345106,3.271383273531683,-0.29471827019006014,-1.0889524307338148,2.5738704820978455,0,0,0,0,0,0,0,0,0,0,0,0,0,0,0,0,0,0,0,0,0,0,0,0,0,0,0,0,0,0,0,0,0,0,0,0,0,0,0,0,0,0,0,0,0,0,0,0,0,0,0,0,0
2025_08_TEN_IND,8,TEN,IND,0,0,0,0,-1.471819065976888,0,0,0,0,-8.800619997782633,8.639128947863355,0,1.92019700165838,0,0,0.5697350174887106,0,0,0,0,0,0,0,0,0,0,0,0,0,0,0,0.014061147114261985,0,0,0,0,0,0,0,0,0,0,0,0,0,-3.380830666515976,0,0,0,0,0,0,0,0,0,0,0,0,0,0
2025_08_GB_PIT,8,GB,PIT,14.861055387862816,6.655013225215953,0,0,0,0,0,0,-1.5674898429006872,0,0,0,0,-0.24339716269338396,0,0,0,0,0,0,0,0,0,0,0,0,0,0,0,0,0,0,0,0,0,0,0,0,0,0,0,0,0,1.053,0,0,0,0,0,0,0,0,0,0,0,0,0,0,0,0
2025_08_GB_PIT,8,PIT,GB,-2.4452983628092326,0,0,0,0,1.5069613575469702,0,-3.0623856702295598,-2.2739360942864826,0,0,0,0,0,0,0,0,0,0,0,0,0,0,0,-0.947,0,0,0,0,0,0,0,0,0,0,0,0,0,0,0,0,0,0,0,0,0,0,0,0,0,0,0,0,0,0,0,0,0,0,0
2025_08_WAS_KC,8,WAS,KC,0,2.016801575664431,1.2608811726677231,-7.2352953380323015,0,0,0,0,0,-3.201127765059937,-1.3309675469063222,0,0.021937683399301022,0,0,0,0,0,0,0,0,0,0,0,0,0,0,0,0,0,0,0,0,0,0,0,0,0,0,0,0,0,0,0,0,0,0,0,0,0,0,0,0,0,0,0,0,0,0,0
2025_08_WAS_KC,8,KC,WAS,-3.592032162065152,0,6.444197844422888,13.90897576441057,0,-0.43149721215013415,0,0,0,1.484731879318133,0,0,0,0,0,0,0,0,0,0,0,0,0,0,0,0,0,0,0,0,0,0,0,0,0,0,0,0,0,0,0,0,0,0,0,0,0,0,0,0,0,0,0,0,0,0,0,0,0,0
2025_09_BAL_MIA,9,MIA,BAL,-14.012311086175032,0,0,1.4765121475793421,0,-0.49348970514256507,0.0018616426776101314,0,0,0,0,0,0,0,0,0,0,0,0,0,0,0,-0.27404275807202794,0,0,0,0,0,0,0,0,0,0,0,0,0,0,0,0,0,0,0,0,0,0,0,0,0,0,0,0,0,0,0,0,0,0,0,0,0
2025_09_BAL_MIA,9,BAL,MIA,9.341876570659224,3.7980192495160736,0,0,0,0,0,1.910200800281018,-1.67172506544739,0,0,0,0,-1.9114690521382727,0,0,0,0,0,0,0,0,0,0,0,0,0,0,0,0,0,0,0,0,0,0,0,0,0,0,0,0,0,0,0,0,0,0,0,0,0,0,0,0,0,0,0,0,0,0
2025_09_CHI_CIN,9,CHI,CIN,0,0,3.28373956269079,0,-0.37039244966581464,0,0,0,0,23.514490093439353,-0.9224571369434846,0,9.036155149365158,0,0,0,0,0.7261360486736521,0,0,0,0,0,0,0,0,0,0,0,0,0,0,0,0,0,0,0,0,0,0,0,0,0,0,0,0,0,0,0,0,0,0,0,0,0,0,0,0,0,0
2025_09_CHI_CIN,9,CIN,CHI,0,0,-0.9267649848479778,0,-0.36178620060672984,0,0,0,0,10.951277938590016,0,0,4.996071980509441,0,0,0,0,0.4548438701312989,0,0,0,0,0,0,0,0,0,0,0,0,0,-0.25311838008929044,0,0,0,0,0,0,0,0,0,0,0,0,0,0,0,0,0,0,0,0,0,0,0,0,0,0,0,0
2025_09_MIN_DET,9,DET,MIN,-5.981124564405224,-6.367201452958398,0,0,0,9.891016176145058,0,0,0,0,0,0,0,-0.18047367956023663,0,0,0,0,0,0,0,0,0,0,0,0,0,0,0,0,0,0,0,0,0,0,0,0,0,0,0,0,0,0,0,0,0,0,0,0,0,0,0,0,0,0,0,0,0,0
2025_09_MIN_DET,9,MIN,DET,1.5488870008855855,-2.2064398173824884,3.190026014635805,0,0,0,0,0,0,0,0,0,0,0,0,0,0,0,0,0,0,0,0,0,-2.591211462271139,0,0,0,0,0,0,0,0,0,0,0,0,0,0,0,0,0,0,0,0,0,0,0,0,0,0,0,0,0,0,0,0,0,0,0
2025_09_CAR_GB,9,CAR,GB,12.218082135834266,0,0,-0.5018922528252006,0,0,0,-1.5648754565660026,-4.528785699920263,0,0,0,0,0,0,0,0,0,0,0,0,0,0,0,0,0,0,0,0,0,0,0,0,0,0,0,0,0,0,0,0,0,0,0,0,0,0,0,0,0,0,0,0,0,0,0,0,0,0,0
2025_09_CAR_GB,9,GB,CAR,-5.3190598369541515,-5.845098007295746,0,-3.3565643954498228,0,15.169282953517808,0,0,0,0,0,0,0,0,0,0,0,0,0,0,0,0,0,0,0,0,0,0,0,0,0,0,0,0,0,0,0,0,0,0,0,0,0,0,0,0,0,0,0,0,0,0,0,0,0,0,0,0,0,0
2025_09_DEN_HOU,9,HOU,DEN,-5.276994680876324,-2.2403569117886946,-0.9715237661730498,3.4656622353359126,0,-5.646757597002431,0,0,0,0,0,0,0,-1.6546509463805705,0,0,0,0,0,0,0,0,0,0,0,0,0,0,0,0,0,0,0,0,0,0,0,0,0,0,0,0,0,0,0,0,0,0,0,0,0,0,0,0,0,0,0,0,0,0
2025_09_DEN_HOU,9,DEN,HOU,0,0,-1.3308421380934305,1.7231030154507607,-2.871961716692026,0,0,0,0,-3.102784311624533,0,0,0,0,0,0,0,0,0,0,0,0,0,0,0,0,0,0,0,0,0,0,0,0,0,0,0,0,0,0,0,0,0,0,0,0,0,0,0,0,0,0,0,0,0,0,0,0,0,0
2025_09_ATL_NE,9,ATL,NE,2.6185229507245036,-1.49026109528495,3.0582150275586173,0,0,-0.9593101607169956,0,0,0,0,0,0,0,0,0,0,0,0,0,0,0,0,0,0,0,0,0,0,0,0,0,0,0,0,0,0,0,0,0,0,0,0,0,0,0,0,0,0,0,0,0,0,0,0,0,0,0,0,0,0
2025_09_ATL_NE,9,NE,ATL,-1.9109093468470189,-0.9889747980632819,4.935888755484484,-3.6444479835336097,0,0,0,0,0,2.480704049929045,0,0,0,0,0,0,0,0,0,0,0,0,0,0,0,0,0,0,0,0,0,0,0,0,0,0,0,0,0,0,0,0,0,0,0,0,0,0,0,0,0,0,0,0,0,0,0,0,0,0
2025_09_SF_NYG,9,NYG,SF,0,0,-1.7404748196713626,0,0,0,0,0,0,11.569181178213658,0,0,0,0,0,0,0,0,0,0,0,0,0,0,0,0,0,0,0,0,0,0,0,0,0,0,0,0,0,0,0,0,0,0,0,0,0,0,0,0,0,0,0,0,0,0,0,0,0,0
2025_09_SF_NYG,9,SF,NYG,8.048263225529809,10.264834458648693,2.5133202257566154,0,0,0,0,0,-0.9970123412672471,0,0,0,0,0,0,0,0,0,0,0,0,0,0,0,0,0,0,0,0,0,0,0,0,0,0,0,0,0,0,0,0,0,0,0,0,0,0,0,0,0,0,0,0,0,0,0,0,0,0,0
2025_09_IND_PIT,9,PIT,IND,0,0,0.7030766429961659,0,-5.535308659193106,0,0,0,0,1.3895135461934842,-2.974539049615007,0,0.45704674585437477,0,0,0,0,0,0,0,0,0,0,0,0,0,0,0,0,0,0,0,0,0,0,0,0,0,0,0,0,0,0,0,0,0,0,0,0,0,0,0,0,0,0,0,0,0,0,0
2025_09_IND_PIT,9,IND,PIT,-11.441594612182739,-1.3297381454030983,0,0,0,0,0,-2.7607511651003733,6.477664890640881,0,0,0,0,-1.2251709350384772,0,0,0,0,0,0,0,0,0,0,0,0,0,0,0,0,0,0,0,0,0,0,0,0,0,0,0,0,0,0,0,0,2.1160498950630426,0,0,0,0,0,0,0,0,0,0,0,0,0
2025_09_LAC_TEN,9,TEN,LAC,-3.012181970931124,-2.68503306962213,-4.991004474810325,0,0,2.4754925706074573,-2.756345946417792,0,0,0,0,0,0,0,0,0,0,0,0,0,0,0,0,0,0,0,0,0,0,0,0,0,0,0,0,0,0,0,0,0,0,0,0,0,0,0,0,0,0,0,0,0,0,0,0,0,0,0,0,0
2025_09_LAC_TEN,9,LAC,TEN,1.5099986855348106,4.484852047316963,3.6351308750454336,-0.09520672867074609,0,-5.573476362429755,1.433920574025251,0,0,0,0,0,0,0,0,0,0,0,0,0,0,0,0,0,0,0,0,0,0,0,0,0,0,0,0,0,0,0,0,0,0,0,0,0,0,0,0,0,0,0,0,0,0,0,0,0,0,0,0,0
2025_09_NO_LA,9,NO,LA,-0.5237618118990213,-0.5258291771169752,-3.6175075696082786,-8.747705242363736,0,-0.12906981748528779,0,0,0,0,0,0,1.6355886106030084,0,0,0,0,0,0,0,0,0,0,0,0,0,0,0,0,0,0,0,0,0,0,0,0,0,0,0,0,0,0,0,0,0,0,0,0,0,0,0,0,0,0,0,0,0,0,0
2025_09_NO_LA,9,LA,NO,4.08056719135493,-1.7648517932975665,2.9841273557394743,3.9627813587430865,8.509013167757075,0,0,0,0,-0.6162878015406124,5.9389490452595055,0,-1.702663182048127,0,0,0,0,0,0,0,0,0,0,0,0,0,0,0,0,2.199961186677683,0,0,0,0,0,0,0,0,0,0,0,0,0,0,0,0,0,0,0,0,0,0,0,0,0,0,0,0,0,0
2025_09_JAX_LV,9,JAX,LV,0,0,-4.5402372785029,0,0,0,0,0,0,13.32759533810895,0.09835301685936937,0,0.9383274307474494,0,0,0,0,0,0,0,0,0,0,0,0,0,0,0,0,0,0,0,0,0,0,0,0,0,0,0,0,0,0,0,0,0,0,0,0,0,0,0,0,0,0,0,0,0,0,0
2025_09_JAX_LV,9,LV,JAX,0,0,1.1105485843145289,0,0,0,0,0,0,7.707522861470468,-3.0584366781113776,0,5.731516850180924,0,0,-0.9878852528636344,0,0,0,0,0,0,0,0,0,0,0,0,0,0,0,-0.15472204837715253,0,0,0,0,0,0,0,0,0,0,0,0,0,0,0,0,0,0,0,0,0,0,0,0,0,0,0,0
2025_09_KC_BUF,9,BUF,KC,0,5.242710573875451,-0.747834222682286,7.773775102570653,0,0,0,0,0,-0.14378749253228307,-0.9107788354158401,0,1.8127320669591427,0,0,0,0,1.2513747242919635,0,0,0,0,0,0,0,0,0,0,0,0,0,0,0,0,0,0,0,0,0,0,0,0,0,0,0,0,0,0,0,0,0,0,0,0,0,0,0,0,0,0
2025_09_KC_BUF,9,KC,BUF,-3.3336045190037416,0,0,1.0474278284818865,0,-2.910219826793764,6.107468032501883,0,0,0,0,0,0,0,0,0,0,0,0,0,0,0,0,0,0,0,0,0,0,0,0,0,0,0,0,0,0,0,0,0,0,0,0,0,0,0,0,0,0,0,0,0,0,0,0,0,0,0,0,0
2025_09_SEA_WAS,9,WAS,SEA,-1.1116004984651227,0.22842795625911094,0,2.5571245634928346,0,-1.3097907290793955,-0.7395460004918277,0,-4.463867399841547,0.19821398530621082,0,0,1.0547945646103472,0,0,0,0,0,0,0,0,0,0,0,0,0,0,0,0,0,0,0,0,0,0,0,0,0,0,0,0,0,0,0,0,0,0,0,0,0,0,0,0,0,0,0,0,0,0,0
2025_09_SEA_WAS,9,SEA,WAS,0,0,2.277341488690581,12.54441015329212,0,3.6430984897217105,0,0,0,3.9085806226357818,0,0,0,0,0,0,0.8118309694109485,0,0,0,0,0,0,0,0,0,0,0,0,0,0,0,0,0,0,0,0,0,0,0,0,0,0,0,0,0,0,0,0,0,0,0,0,0,0,0,0,0,0,0
2025_09_ARI_DAL,9,DAL,ARI,-8.452050010615494,-2.1527342255576514,0,3.9460540211293846,0,-3.266159320657607,-0.5257215324090794,0,1.439810055308044,0,0,0,0,0,0,0,0,0,0,0,0,0,-0.6527759587365183,0,0,0,0,0,0,0,0,0,0,0,0,0,0,0,0,0,0,0,0,0,0,0,0,0,0,0,0,0,0,0,0,0,0,0,0,0
2025_09_ARI_DAL,9,ARI,DAL,5.878107798333707,-5.981888740265276,-1.8130269381217659,8.017347874981667,0,0,0,2.520009984727949,0,-1.319703386630863,0,0,0,0,0,0,0,0,0,0,0,0,0,0,0.7080092572723515,0,0,0,0,0,0,0,0,0,0,0,0,0,0,0,0,0,0,0,0,0,0,0,0,0,0,0,0,0,0,0,0,0,0,0
2025_10_LV_DEN,10,LV,DEN,-12.846439929920756,-1.105158826801926,0,-9.78796315251384,0,0.18179816042538732,0,0,0,0,0,0,0,0,0,0,0,0,0,0,0,0,0,0,0,0,0,0,0,0,0,0,0,0,0,0,0,0,0,0,0,0,0,0,0,0,0,0,0,0,0,0,0,0,0,0,0,0,0,0
2025_10_LV_DEN,10,DEN,LV,0,0,-7.186310254696006,0,0,0,0,0,0,-9.638449543094271,-1.1930595624726266,0,0,0,0,0,0,0,0,0,0,0,0,0,0,0,0,0,0,0,0,0,0,0,0,0,0,0,0,0,0,0,0,0,0,0,0,0,0,0,0,0,0,0,0,0,0,0,0,0
2025_10_ATL_IND,10,IND,ATL,-0.05187921043587007,2.1034616312826984,5.3899740554189774,2.0788922488811945,1.7592261531681288,0,0,0,0,0.22346686071250588,0,0,0,0,0,0,0,0,0,0,0,0,0,0,0,0,0,0,0,0,0,0,0,0,0,0,0,0,0,0,0,0,0,0,0,0,0,0,0,0,0,0,0,0,0,0,0,0,0,0
2025_10_ATL_IND,10,ATL,IND,0,0,0,0,6.565621529851342,0,0,0,0,0.9011884054781403,-4.794775912513595,0,-3.0261789427604526,0,0,0,0,0,0,0,0,0,0,0,0,0,0,0,0,0,0,0,0,0,0,0,0,0,0,0,0,0,0,0,0,0,0,0,0,0,0,0,0,0,0,0,0,0,0,0
2025_10_NO_CAR,10,CAR,NO,-0.9569140651728958,-2.588854661793448,0.726006276672706,-2.4471972335541468,-0.3654228915111162,0,0,0,0,-10.50057777290931,0,0,-0.8320793476887047,0,0,0,0,0,0,0,0,0,0,0,0,0,1.0618014412466437,0,0,0,0,0,0,0,0,0,0,0,0,0,0,0,0,0,0,0,0,0,0,0,0,0,0,0,0,0,0,0,0,0
2025_10_NO_CAR,10,NO,CAR,-9.452499184350017,2.496460741502233,0,-0.4898771290192738,0,18.37044479366159,-1.0682582552544773,0,0,0,0,0,0,0,0,0,0,-0.5716532029327936,0,0,0,0,0,0,0,0,0,0,0,0,0,0,0,0,0,0,0,0,0,0,0,0,0,0,0,0,0,0,0,0,0,0,0,0,0,0,0,0,0,0
2025_10_NYG_CHI,10,CHI,NYG,-0.09593784407644623,7.968725032173097,0,0,0,-4.669515565503389,1.8510338031919673,0,0,0,0,0,0,0,0,0,0,0,0,0,0,0,0,0,0,0,0,0,0,0,0,0,0,0,0,0,0,0,0,0,0,0,0,0,0,0,0,0,0,0,0,0,0,0,0,0,0,0,0,0
2025_10_NYG_CHI,10,NYG,CHI,0,0,0,0,0,0,0,0,0,-4.466411572103116,0,0,4.077934121072758,0,0,0,0,-3.6329982456518337,0,0,0,0,0,0,0,0,3.623096810071729,0,0,0,0,0,0,0,0,0,0,0,0,0,0,0,0,0,0,0,0,0,0,0,0,0,0,0,0,0,0,0,0,0
2025_10_JAX_HOU,10,HOU,JAX,0,0,-1.5582731540342794,0,0,0,0,0,0,9.49202612107905,1.3002892874646932,0,-1.4892858887906186,0,0,0,0,0,0,0,0,0,0,0,0,0,0,0,0,0,0,0,0,0,0,0,0,0,0,0,0,0,0,0,0,0,0,0,0,0,0,0,0,0,0,0,0,0,0,0
2025_10_JAX_HOU,10,JAX,HOU,0,0,-2.8186607590760104,0,-2.8900156098534353,0,0,0,0,0.9415069344840402,0,0,-7.070194124011323,0,0,0,0,0,0,0,0,0,0,0,0,0,0,0,0,0,0,0,0,0,0,0,0,0,0,0,0,0,0,0,0,0,0,0,0,0,0,0,0,0,0,0,0,0,0,0
2025_10_BUF_MIA,10,MIA,BUF,9.847739721997641,0,0,9.47279112302931,0,-2.9670401268137634,0,-0.8237553638173267,0,0.398397333570756,0,0,0,0,0,0,0,0,0,0,0,0,0,0,0,0,0,0,0,0,0,0,0,0,0,0,0,0,0,0,0,0,0,0,0,0,0,0,0,0,0,0,0,0,0,0,0,0,0,0
2025_10_BUF_MIA,10,BUF,MIA,5.533123636501841,-8.35437519058166,0,0,0,0,0,0,-2.7927946229465306,0,0,0,0,0,0,0,0,0,0,0,0,0,0,0,0,0,0,0,0,0,0,0,0,0,0,0,0,0,0,0,0,0,0,0,0,0,0,0,0,0,0,0,0,0,0,0,0,0,0,0
2025_10_BAL_MIN,10,BAL,MIN,0.7305413720736924,1.119272159696119,-1.683467562077567,0,0,0,0.4005037274841867,0,0,0,0,0,0,-0.3864141995817345,0,0,0,0.8332564843585715,0,0,0,0,0,0,0,0,0,0,0,0,0,0,0.7372766896733083,0,0,0,0,0,0,0,0,0,0,0,0,0,0,0,0,0,0,0,0,0,0,0,0,0,0,0
2025_10_BAL_MIN,10,MIN,BAL,-8.374726971567608,0.8177533322595991,0,0.6651201045606285,0,-0.4248698197770864,7.680397991843217,0,0,0,0,0,0,-4.301973065827042,0,0,0,0,0,0,0,0,0,-1.5424227996263653,0,0,0,0,0,0,0,0,0,0,0,0,0,0,0,0,0,0,0,0,0,0,0,0,0,0,0,0,0,0,0,0,0,0,0,0
2025_10_CLE_NYJ,10,CLE,NYJ,0,0,-2.3476032947655767,0,0.5042557017877698,0,0,0,0,3.520684237855335,-4.8427077023661695,0,0,0,0,0,0,0,0,0,0,0,0,0,0,0,0,0,0,0,0,0,0,0,0,0,0,0,0,0,0,0,0,0,0,0,0,0,0,0,0,0,0,0,0,0,0,0,0,0
2025_10_CLE_NYJ,10,NYJ,CLE,0,0,-1.2428753776475787,0,0,0,0,0,0,-4.410967136120558,-1.9977163843231054,0,0,-6.817842397547793,0,0,0,1.2925157295539975,0,0,0,0,0,0,0,0,1.703447325155139,0,0,0,0,0,0,0,0,0,0,0,0,0,0,0,0,0,0,0,0,0,0,0,0,0,0,0,0,0,0,0,0,0
2025_10_NE_TB,10,TB,NE,6.106312298567121,-3.3646933097769507,0.8965606252895668,0,0,0,0,0,0,0,0,0,0,0,0,0,0,0,0,0,0,0,0,0,0,0,0,0,0,0,0,0,0,0,0,0,0,0,0,0,0,0,0,0,0,0,0,0,0,0,0,0,0,0,0,0,0,0,0,0
2025_10_NE_TB,10,NE,TB,2.2441088679188397,-0.2837971387198195,0,0,0,0,1.132481528678909,0,0,0,0,0,0,8.524327705177711,0,0,0,0,0,0,0,0,0,0,0,0,0,0,0,0,0,0,0,0,0,0,0,0,0,0,0,0,0,0,0,0,0,0,0,0,0,0,0,0,0,0,0,0,0,0
2025_10_ARI_SEA,10,SEA,ARI,3.7610997484298423,-3.178548891854744,0,4.717505137319677,0,-5.063587799551897,-0.7281398643079509,0,5.756048619834473,0,0,0,0,-0.26276340015465394,0,0,0,0,0,0,0,0,0,0,0,0,0,0,0,0,0,0,0,0,0,0,0,0,0,0,0,0,0,0,0,0,0,0,0,0,0,0,0,0,0,0,0,0,0,0
2025_10_ARI_SEA,10,ARI,SEA,-16.783038599736756,-1.4205059104133397,0,4.058297007795889,0,1.4705250594997779,0.19109839107841253,0,5.3846669343765825,0,0,0,-2.24778902559774,0,0,0,0,-4.212771556223743,0,0,0,0,0,0,0,0,0,0,0,0,-2.3471895731054246,0,0,0,0,0,0,0,0,0,0,0,0,0,0,0,0,0,0,0,0,0,0,0,0,0,0,0,0,0
2025_10_LA_SF,10,LA,SF,0,0,9.270888378698146,0,2.9015537209634203,0,0,0,0,9.623903293453623,5.123294495744631,0,0,0,0,0,0,0,0,0,0,0,0,0,0,0,0,0,0,0,0,0,0,0,0,0,0,0,0,0,0,0,0,0,0,0,0,0,0,0,0,0,0,0,0,0,0,0,0,0
2025_10_LA_SF,10,SF,LA,-0.18894225830445066,3.9294108825270087,1.6442715399898589,-3.4087246212293394,0.6946270137559623,3.1041770079173148,0,0,0,2.574740073294379,0,0,-1.2720830761971884,0,0,0,0,0,0,0,0,0,0,0,0,0,0,0,0,0,0,0,0,0,0,0,0,0,0,0,0,0,0,0,0,0,0,0,0,0,0,0,0,0,0,0,0,0,0,0
2025_10_DET_WAS,10,WAS,DET,7.778674059978301,-0.7451154914742801,1.9714653114934917,0,0,0,0,0,0,0,0,0,0,0,0,0,0,0,0,0,0,0,0,0,0,0,0,0,0,0,0,0,0,0,0,0,0,0,0,0,0,0,0,0,0,0,0,0,0,0,0,0,0,0,0,0,0,0,0,0
2025_10_DET_WAS,10,DET,WAS,0,0.4490050112362951,10.738607299455907,15.142118861354085,0,1.916894857713487,0,0,0,5.661758434568636,0,0,0,0,0,0,0,0,0,0,0,0,0,0,0,0,0,0,0,0,0,0,0,0,0,0,0,0,0,0,0,0,0,0,0,0,0,0,0,0,0,0,0,0,0,0,0,0,0,0
2025_10_PIT_LAC,10,PIT,LAC,-9.954334095236845,0.8143242442747578,0,0,0,0.9901999167807971,-11.048176863240895,0,0,0,0,-0.19538788736099377,0,0,0,0,0,0,0,0,0,0,0,0,0,0,0,0,0,0,0,0,0,0,0,0,0,0,0,0,0,0,0,0,0,0,0,0,0,0,0,0,0,0,0,0,0,0,0,0
2025_10_PIT_LAC,10,LAC,PIT,-4.7330519820866765,-4.423082466819324,0,0,0,0,0,0,2.958607740795517,0,0,0,0,-2.63006145264097,0,0,0,0,0,0,0,0,0,0,0,0,0,0,0,0,0.7889193615410477,0,0,0,0,0,0,0,0,0,0,0,0,0,0,0,0,0,0,0,0,0,0,0,0,0,0,0,0,0
2025_10_PHI_GB,10,GB,PHI,-7.7787869713502005,-0.42247039591893554,0,-2.480241050652694,0,0,0,0,0,0,0,0,0,0,0,0,0,0,0,0,0,0,0,0,0,0,0,0,0,0,0,0,0,0,0,0,0.44216674054287575,0,0,0,0,0,0,0,0,0,0,0,0,0,0,0,0,0,0,0,0,0,0,0
2025_10_PHI_GB,10,PHI,GB,-9.963516821995768,-2.8119614924653433,0,3.4992275966797024,0,0,0,-0.6781847054953687,5.6229349776986055,0,0,-0.03385780216194689,0,0,0,0,0,0,0,0,0,0,0,0,0,0,0,0,0,0,0,0,0,0,0,0,0,0,0,0,0,0,0,0,0,0,0,0,0,0,0,0,0,0,0,0,0,0,0,0
2025_11_NYJ_NE,11,NYJ,NE,-0.488133892591577,-5.674294054450002,-0.2987090405658819,0,0,1.7282119242590852,0.5447080563753843,0,0,0,0,0,0,0,0,0,0,0,0,0,0,0,0,0,0,0,0,0,0,0,-0.6623340507503599,0,0,0,0,0,0,0,0,0,0,0,0,0,0,0,0,0,0,0,0,0,0,0,0,0,0,0,0,0
2025_11_NYJ_NE,11,NE,NYJ,0,0,1.5036778609501198,0,0,0,0,0,0,6.577773821426462,0.1758466025347143,0,0.603598709218204,0,0,0,0,0,0,0,0,0,0,0,0,0,0,0,0,0,0,0,0,0,0,0,0,0,0,0,0,0,0,0,0,0,0,0,0,0,0,0,0,0,0,0,0,0,0,0
2025_11_WAS_MIA,11,MIA,WAS,0,0,-4.735561304471389,1.675851447003092,0,1.1455052019446157,0,0,0,1.7828516482259147,0,-0.24143011716660112,0,0,0,0,0,0,0,0,0,0,0,0,0,0,0,0,0,0,0,0,0,0,0,0,0,0,0,0,0,0,0,0,0,0,0,0,0,0,0,0,0,0,0,0,0,0,0,0
2025_11_WAS_MIA,11,WAS,MIA,-1.8278034259932603,9.41105111601064,0,0,0,0,0,0,1.635473898650034,0,0,0,0,-3.7308478880440816,0,0,0,0,0,0,0,0,0,0,0,0,0,0,0,0,0,0,0,0,0,0,0,0,0,0,0,0,0,0,0,0,0,0,0,0,0,0,0,0,0,0,0,0,0,0
2025_11_CAR_ATL,11,ATL,CAR,1.4944356954717652,8.827576818410307,0,-1.0970768496626988,0,-1.1948537371936254,-3.0097598389256746,0,0,0,0,0,0,0,0,0,0,0.8050522920093499,0,0,0,0,0,0,0,0,0,0,0,0,0,0,0,0,0,0,0,0,0,0,0,0,0,0,0,0,0,0,0,0,0,0,0,0,0,0,0,0,0,0
2025_11_CAR_ATL,11,CAR,ATL,0.7685198822291568,0.3014210597611964,-10.154322117667759,16.714962433857888,0,0,0,0,0,0,0,0,0,0,0,0,0,0,0,0,0,0,0,0,0,0,0,0,0,0,0,0,0,0,0,0,0,0,0,0,0,0,0,0,0,0,0,0,0,0,0,0,0,0,0,0,0,0,0,0
2025_11_TB_BUF,11,TB,BUF,2.3299540928564966,-0.49853488808730617,0,9.722043397167232,0,-2.5788480321120173,-0.0236319174291566,-0.45952575997216627,-4.749677718733437,2.0109790901769884,0,0,0,0,0,0,0,0,0,0,0,0,-0.8931853595422581,0,0,0,0,0,0,0,0,0,0,0,0,0,0,0,0,0,0,0,0,0,0,0,0,0,0,0,0,0,0,0,0,0,0,0,0,0
2025_11_TB_BUF,11,BUF,TB,12.902593152066219,3.232770782793639,0,0,0,0,-0.43225521477870643,0,0,0,0,0,0,0,0,0,0,0,0,0,0,0,0,0,0,0,0,0,0,0,0,0,0,0,0,0,0,0,0,0,0,0,0,0,0,0,0,0,0,0,0,0,0,0,0,0,0,0,0,0
2025_11_LAC_JAX,11,LAC,JAX,0,0,-1.9570874008350074,3.110540150257293,0,0,0,0,0,-11.798315017904294,0,0,-11.944160991875895,0,0,0,0,0,0,0,0,0,0,0,0,0,0,0,0,0,0,0,0,0,0,0,0,0,0,0,0,0,0,0,0,0,0,0,0,0,0,0,0,0,0,0,0,0,0,0
2025_11_LAC_JAX,11,JAX,LAC,7.572920712525956,-4.350194888334954,-0.26500933640636504,0,0,1.8794788790983148,4.881976111966651,0,0,0,0,0,0,0,0,0,0,0,0,0,0,0,0,0,0,0,0,0,0,0,0,0,0,0,0,0,0,0,0,0,0,0,0,0,0,0,0,0,0,0,0,0,0,0,0,0,0,0,0,0
2025_11_CHI_MIN,11,MIN,CHI,0,0,0,0,0,0,0,0,0,-4.617415275463941,0,0,-4.626389565877616,0,0,0,0,0,0,0,0,0,0,0,0,0,0,0,0,0,0,-0.44553782418370247,0,0,0,0,0,0,0,0,0,0,0,0,0,0,0,0,0,0,0,0,0,0,0,0,0,0,0,0
2025_11_CHI_MIN,11,CHI,MIN,-2.6740582328452085,-2.56564820058298,-0.6654187163512688,0,0,1.1725604163948447,0,0,0,0,0,0,0,0,0,0,0,0,0,0,0,0,0,0,0,0,0,0,0,0,0,0,0,0,0,0,0,0,0,0,0,0,0,0,0,0,0,0,0,0,0,0,0,0,0,0,0,0,0,0
2025_11_GB_NYG,11,NYG,GB,3.3804026084253564,0.94192806025967,0,-2.718791128601879,0,0,0,1.7118049689743202,5.744017749035265,0,0,-0.09726575011154637,0,0,0,0,0,0,0,0,0,0,0,0,0.7153571991075296,0,0,0,0,0,0,0,0,0,0,0,0,0,0,0,0,0,0,0,0,0,0,0,0,0,0,0,0,0,0,0,0,0,0,0
2025_11_GB_NYG,11,GB,NYG,13.622051861588378,1.066587048175279,2.195214037434198,2.409822715446353,0,0,0,0,0,0,0,0,0,0,0,0,0,0,0,0,0,0,0,0,0,0,0,0,0,0,0,0,0,0,0,0,0,0,0,0,0,0,0,0,0,0,0,0,0,0,0,0,0,0,0,0,0,0,0,0
2025_11_CIN_PIT,11,PIT,CIN,0,0,-0.9784208228229545,0,3.344211474611459,0,0,0,0,2.25377150221524,6.426311871560756,0,0,0,0,0,0,0,0,0,0,0,0,0,0,0,0,0,0,0,0,0,0,0,0,0,0,0,0.6964587239781395,0,0,0,0,0,0,0,0,0,0,0,0,0,0,0,0,0,0,0,0,0
2025_11_CIN_PIT,11,CIN,PIT,-14.689881839157179,2.5340321719413623,0,0,0,0,0,-3.145921220886521,4.765989674022421,0,0,0,0,-0.947,0,0,0,0,0,0,0,0,0,0,0,0,0,0,-0.5023687463253736,0,0,0,0,0,0,0,0,0,0,0,0,0,0,0,0,0,0,0,0,0,0,0,0,0,0,0,0,0,0,0
2025_11_HOU_TEN,11,HOU,TEN,0,0,-9.799016148317605,4.46302267010221,0.765073707792908,0.002360685495659709,0,0,0,-0.0029255159897729754,0,0,0,0,0,0,0,0,0,0,0,0,0,0,0,0,0,0,0,0,0,0,0,0,0,0,0,0,0,0,0,0,0,0,0,0,0,0,0,0,0,0,0,0,0,0,0,0,0,0
2025_11_HOU_TEN,11,TEN,HOU,0,0,-3.9991674515185878,0,-1.469836784293875,0,0,0,0,-0.2081879552172241,0,0,0,0,0,0,0,0,0,0,0,0,0,0,0,0,0,0,0,0,0,0,0,0,0,0,0,0,0,0,0,0,0,0,0,0,0,0,0,0,0,0,0,0,0,0,0,0,0,0
2025_11_SF_ARI,11,SF,ARI,-3.3149898221215883,6.295155164028984,0,3.785196789132897,0,3.109529702504207,0,0,0,0,0,0,0,0,0,0,0,0,0,0,0,0,0.10051626031054184,0,0,0,0,0,0,0,0,0,0,0,0,0,0,0,0,0,0,0,0,0,0,0,0,0,0,0,0,0,0,0,0,0,0,0,0,0
2025_11_SF_ARI,11,ARI,SF,0,0,-0.147581412573345,0,0,0,0,0,0,-7.141338024965279,6.289616655325517,0,0,0,0,0,0,-0.947,0,0,0,0,0,0,0,0,0,0,0,0,0,0,0,0,0,0,0,0,0,0,0,0,0,0,0,0,0,0,0,0,0,0,0,0,0,0,0,0,0,0
2025_11_SEA_LA,11,LA,SEA,0.4123954816022888,-2.3369310612324625,0,-4.266176783363335,0,3.8747913325205445,0,0,0,0,0,0,-3.1249185007764027,0,0,0,0,0,0,0,0,0,0,0,0,0,0,0,0,0,-4.453701042977627,0,0,0,0,0,0,0,0,0,0,0,0,0,0,0,0,0,0,0,0,0,0,0,0,0,0,0,0,0
2025_11_SEA_LA,11,SEA,LA,-8.20486127177719,-1.8030146547826007,-6.389956679486204,-4.44828471534033,0,-1.956264500215184,0,0,0,0,0,0,6.53554635924451,0,0,0,0,0,0,0,0,0,0,0,0,0,0,0.3122952845878899,0,0,0,0,0,0,0,0,0,0,0,0,0,0,0,0,0,0,0,0,0,0,0,0,0,0,0,0,0,0,0,0
2025_11_BAL_CLE,11,CLE,BAL,-2.8530953278744557,0.06264655315317214,0,-0.2658265237696469,0,0,-17.173585470283,0,0,0,0,0,0,-4.1394247993594036,0,0,0,0,0,0,0,0,0,0,0,0,0,0,0,0,0,0,0,0,0,0,0,0,0,0,0,0,0,0,0,0,0,0,0,0,0,0,0,0,0,0,0,0,0,0
2025_11_BAL_CLE,11,BAL,CLE,0,0,1.4183367314108182,0,0,0,0,0,0,-10.978219829985173,1.267702998185996,0,0,-1.3925745236338116,0,0,0,2.8056713739642873,0,0,0,0,0,0,0,0,0,0,0,0,0,0,0,0,0,0,0,0,0,0,0,0,0,0,0,0,0,0,0,0,0,0,0,0,0,0,0,0,0,0
2025_11_KC_DEN,11,DEN,KC,0.5895869516534731,0.7339089384768158,-0.4671456304495223,-5.216076607697694,0,0,0,0,0,-3.2431170018625974,-0.7264892743810809,0,9.25361159001477,0,0,0,0,0,0,0,0,0,0,0,0,0,0,0,0,0,0,0,0,0,0,0,0,0,0,0,0,0,0,0,0,0,0,0,0,0,0,0,0,0,0,0,0,0,0,0
2025_11_KC_DEN,11,KC,DEN,-5.552068562076089,-0.8875339963124134,0,1.2190948809147812,0,10.173818698664956,3.5176784673240036,0,0,0,0,-0.17022066793288104,0,0,0,0,0,0,0,0,0,0,0,0,0,0,0,0,0,0,0,0,0,0,0,0,0,0,0,0,0,0,0,0,0,0,0,0,0,0,0,0,0,0,0,0,0,0,0,0
2025_11_DET_PHI,11,PHI,DET,-5.10122389120963,2.909913440118544,-12.207923583628144,0.8253423525602557,0,0,0,0,0,0,0,0,0,0,0,0,0,0,0,0,0,0,0,0,0,0,0,0,0,0,0,0,0,0,0,0,0,0,0,0,0,0,0,0,0,0,0,0,0,0,0,0,0,0,0,0,0,0,0,0
2025_11_DET_PHI,11,DET,PHI,-12.7643732356394,3.371237424435094,0,-8.166130181285553,0,-3.299511386663653,0,0,0,0,0,0,0,0,0,0,0,0,0,0,0,0,0,0,0,0,0,0,0,0,0,0,0,0,0,0,0,0,0,0,0,0,0,-2.786329652182758,0,0,0,0,0,0,0,0,0,0,0,0,0,0,0,0
2025_11_DAL_LV,11,DAL,LV,0,0,-7.7087882806081325,0,0,0,0,0,0,15.022851624038386,3.13938751333626,0,0,0,0,0,0,0,0,0,0,0,0,0,0,0,0,0,0,0,0,0,0,0,0,0,0,0,0,0,0,0,0,0,0,0,0,0,0,0,0,0,0,0,0,0,0,0,0,0
2025_11_DAL_LV,11,LV,DAL,-3.270080642832909,-0.5738436794199515,1.1594215775839984,-2.5806750322624854,0,0,0,-3.1416534041636623,-0.33602825173875317,-2.9723154439509907,0,0,0,0,0,0,0,0,0,0,0,0,0,0,0,0,0,0,0,0,0,0,0,0,0,0,0,0,0,0,0,0,0,0,0,0,0,0,0,0,0,0,0,0,0,0,0,0,0,0
2025_12_BUF_HOU,12,HOU,BUF,0.4115691466140561,0.9007355706999078,0,-4.196757019555662,0,0.3965106448991689,0,-0.5513232217635959,0,0,0,0,-1.4421804596972856,0,0,0,0,0,0,0,0,0,0,0,0,0,0,0,0,0,0,0,0,0,0,0,0,0,0,0,0,0,0,0,0,0,0,0,0,0,0,0,0,0,0,0,0,0,0,0
2025_12_BUF_HOU,12,BUF,HOU,0,0,0.18178781413007528,0,3.187928763916716,0,0,0,0,-14.043603989788242,0,0,0,0,0,0,0,0,0,0,0,0,0,0,0,0,0,0,0,0,0,0,0,0,0,0,0,0,0,0,0,0,0,0,0,0,0,0,0,0,0,0,0,0,0,0,0,0,0,0
2025_12_NYJ_BAL,12,NYJ,BAL,-1.0771023012930527,-1.0540744791505858,0,0.2340718067716807,0,0,-5.519647808317288,0,-4.381258441600949,0,0,0,0,0,0,0,0,0,0,0,0,0,0,0,0,0,0,0,0,0,0,0,0,0,0,0,0,0,0,0,0,0,0,0,0,0,0,0,0,0,0,0,0,0,0,0,0,0,0,0
2025_12_NYJ_BAL,12,BAL,NYJ,0,0,-3.40741383418208,0,0,0,0,0,0,-3.6467897728721246,0,0,5.8171487133949995,0,0,0,1.744859584257938,2.8953324326430447,0,0,0,0,0,0,0,0,0,0,0,0,0,0,0,0,0,0,0,0,0,0,0,0,0,0,0,0,0,0,0,0,0,0,0,0,0,0,0,0,0,0
2025_12_PIT_CHI,12,CHI,PIT,-4.820375769520247,-0.2364028113661334,0,-1.1121452958323061,0,0,0,6.550448939262424,-0.05394263053312898,0,0,0,0,0.41273192450171337,0,0,0,0,0,0,0,0,0,0,0,0,0,0,0,0,0,0,0,0,0,0,0,0,0,0,0,0,0,0,0,0,0,0,0,0,0,0,0,0,0,0,0,0,0,0
2025_12_PIT_CHI,12,PIT,CHI,0,0,0,0,1.8574541556299664,0,0,0,0,-4.602838106511626,2.775576981715858,0,0,0,0,0,0,0,0,0,0,0,0,0,0,2.7327689315134194,0.7087950738205109,0,0,0,0,0,0,0,0,0,0,0,0,0,0,0,0,0,0,0,0,0,0,0,0,0,0,0,0,0,0,0,0,0
2025_12_NE_CIN,12,NE,CIN,0,0,2.7551521036657505,0,-4.256507065790874,0,0,0,0,1.6019043585617168,-1.3602037327364087,0,4.412743659625721,0,0,-1.5476964573026635,0,0,0,0,0,0,0,0,0,0,0,0,0,0,0,0,0,0,0,0,0,0,0,0,0,0,0,0,0,0,0,0,0,0,0,0,0,0,0,0,0,0,0,0
2025_12_NE_CIN,12,CIN,NE,-9.297433894679463,-1.119252163451165,0,0.12763141724281013,0,-1.6029548884835094,0.6611539208970498,0,0,0,0,0.26217690180055797,0,0,0,0,0,0,0,0,0,0.22369380528107285,0,0,0,0,0,0,-0.005890445667319,0,0,0,0,0,0,0,0,0,0,0,0,0,0,0,0,0,0,-0.9243637745967135,0.6486449811740419,0,0,0,0,0,0,0,0,0,0,0
2025_12_NYG_DET,12,NYG,DET,9.166577088984791,-4.070868804032216,2.942467819041911,8.44369157066103,0,0,0,0,0,0,0,0,0,0,0,0,0,-2.3464895952492952,0,0,0,0,0,0,-2.371360613091383,0,0,0,0,0,0,0,0,0,0,0,0,0,0,0,0,0,0,0,0,0,0,0,0,0,0,0,0,0,0,0,0,0,0,0
2025_12_NYG_DET,12,DET,NYG,-1.6480556218992324,8.77520442835521,1.6795524809276685,0.22923090169206262,0,1.3235034581739455,0,0,0,0,0,0,0,0,0,0,0,0,0,0,0,0,0,0,0,0,0,0,0,0,0,0,0,0,0,0,0,0,0,0,0,0,0,0,0,0,0,0,0,0,0,0,0,0,0,0,0,0,0,0
2025_12_MIN_GB,12,MIN,GB,-10.721138989785686,-1.234172735537868,0,0,0,0,0,-1.5464289242518134,-5.3909827090938,0,0,0,0,0,0,0,0,0,0,0,0,0,0,0,0,0,0,0,0,0,0,0,0,0,0,0,0,0,0,0,0,0,0,0,0,0,0,0,0,0,0,0,0,0,0,0,0,0,0,0
2025_12_MIN_GB,12,GB,MIN,-0.5403170870090759,0.18802169093396515,-0.445178294757286,6.421836216846714,0,0,-2.7665785618592054,0.664156604470918,0,0,0,0,0,0,0,0,0,0,0,0,0,0,0,0,0,0,0,0,0,0,0,0,0,0,0,0,0,0,0,0,0,0,0,0,0,0,0,0,0,0,0,0,0,0,0,0,0,0,0,0
2025_12_IND_KC,12,IND,KC,0,-0.46557986008701846,-0.8370257003698498,2.992940002528485,0,0,0,0,0,-3.878709228688134,-0.7387471506372094,0,0,0,0,0,0,0,0,0,0,0,0,0,0,0,0,1.9800136236008257,0,0,0,0,0,0,0,0,0,0,0,0,0,0,0,0,0,0,0,0,0,0,0,0,0,0,0,0,0,0,0,0
2025_12_IND_KC,12,KC,IND,0,0,0,0,1.7589215160522533,0,0,0,0,-4.897992592486155,5.399332074797712,0,1.6404857859616357,0,0,-0.8993559989321511,0,0,0,0,0,0,0,0,0,0,0,0,0,0,0,0,0,0,0,0,0,0,0,0,0,0,0,0,0,0,0,0,0,0,0,0,0,0,0,0,0,0,0,0
2025_12_SEA_TEN,12,TEN,SEA,-4.644699677330209,-1.9805271605904973,-0.2244689327199012,-1.486730869859457,0,10.175178800564026,2.5154233446810395,0,-0.6536528675351292,-0.5168736464111134,0,0,-2.089820198714733,-2.4925885619595647,0,0,0,0,0,0,0,0,0,0,0,0,0,0,0,0,0.6771767059108242,0,0,0,0,0,0,0,0,0,0,0,0,0,0,0,0,0,0,0,0,0,0,0,0,0,0,0,0,0
2025_12_SEA_TEN,12,SEA,TEN,0,0,4.430120725504821,4.921956021689267,4.005240973900072,0,0,0,0,0.24373284098692238,0,0,-0.5480915162731037,0,0,0,0,0,0,0,0,0,0,0,0,0,0,0,0,0,0,0,0,0,0,0,0,0,0,0,0,0,0,0,0,0,0,0,0,0,0,0,0,0,0,0,0,0,0,0
2025_12_JAX_ARI,12,ARI,JAX,0,0,-1.9364256502012722,-1.9948200434866235,0,0,0,0,0,-1.553346710104961,0.04238941671792418,0,-6.4538825932185455,0,0,0.7936946874251589,0,0,0,0,0,0,0,0,0,0,0,0,0,0,0,0,0,0,0,0,0,0,0,0,0,0,0,0,0,0,0,0,0,0,0,0,0,0,0,0,0,0,0,0
2025_12_JAX_ARI,12,JAX,ARI,-13.249176632316107,2.8560588062973693,0,3.1556568298256025,0,1.5520659987814724,0,0,-5.130736376857385,0,0,0,0,0,0,0,0,0,0,0,0,0,-0.08526774385245517,0,0,0,0,0,0,0,0,0,0,0,0,0,0,0,0,0,0,0,0,0,0,0,0,0,0,0,0,0,0,0,0,0,0,0,0,0
2025_12_CLE_LV,12,CLE,LV,0,0,-18.043804919929244,0,0,0,0,0,0,-4.721350702340715,11.650786635103596,0,0,0,0,0,0,0,0,0,0,0,0,0,0,0,0,0,0,0,0,0,0,0,0,0,0,0,0,0,0,0,0,0,0,0,0,0,0,0,0,0,0,0,0,0,0,0,0,0
2025_12_CLE_LV,12,LV,CLE,0,0,-4.580698212957941,0,-2.027314711129293,0,0,0,0,-19.26260034854447,0.5048372418968938,0,0,0,0,0,0,0,0,0,0,0,0,0,0,0,-1.090722815818873,0,0,0,0,0,0,0,0,0,0,0,0,0,0,0,0,0,0,0,0,0,0,0,0,0,0,0,0,0,0,0,0,0
2025_12_PHI_DAL,12,DAL,PHI,7.648499724248749,-6.2984968130185734,0,-5.066132793552242,0,2.0907335247611627,0,0,0,0,0,0,0,-0.07977788397693075,0,0,0,0,0,0,0,0,0,0,0,0,0,0,0,0,0,0,0,0,0,0,0,0,0,0,0,0,0,0,0,0,0,0,0,0,0,0,0,0,0,0,0,0,0,0
2025_12_PHI_DAL,12,PHI,DAL,0.08649558620527387,0.433832427195739,0.6188533820677549,-0.26992599998306077,-0.9043082403950393,0,0,0,0,0.23468562960624695,0,0,0,0,0,0,0,0,0,0,0,0,0,0,0,0,0,0,0,0,0,0,0,0,0,0,0,0,0,0,0,0,0,0,0,0,0,0,0,0,0,0,0,0,0,0,0,0,0,0
2025_12_ATL_NO,12,ATL,NO,-0.0649329453590326,0.3406226937077008,-1.2686730585992336,-1.305097013071645,1.5158669913071208,-1.480567675549537,0,0,0,-3.7967115816192023,0,0,0,0,0,0,0,0,0,0,0,0,0,0,0,0,0,0,0,0,0,0,0,0,0,0,0,0,0,0,0,0,0,0,0,0,0,0,0,0,0,0,0,0,0,0,0,0,0,0
2025_12_ATL_NO,12,NO,ATL,-3.071427354973486,4.993480987148359,0.3496768168406561,-14.365759700769559,0,0,0,0,0,0.7953541513998061,0,0,0,-7.365834893446161,0,0,0,0,0,0,0,0,0,0,0,0,0,0,0,0,0,0,0,0,0,0,0,0,0,0,0,0,0,0,0,0,0,0,0,0,0,0,0,0,0,0,0,0,0,0
2025_12_TB_LA,12,TB,LA,-9.795827351510525,-0.026345379767008126,-1.3919548878911883,1.2685204228037037,0,0,0,0,0,0,0,0,-17.717362194438465,0,0,0,0,0,0,0,0,0,0,0,0,0,0,0,0,0,0,0,0,0,0,0,0,0,0,0,0,0,0,0,0,0,0,0,0,0,0,0,0,0,0,0,0,0,0,0
2025_12_TB_LA,12,LA,TB,2.648925230762339,1.6073569551226683,0,0,0,0,0,0,0,0,0,0,0,0,0,0,0,0,0,0,0,0,0,0,0,0,0,0,0,0,0,0,0,0,0,0,0,0,0,0,0,0,0,0,0,0,0,0,0,0,0,0,0,0,0,0,0,0,0,0
2025_12_CAR_SF,12,SF,CAR,1.9584922777721658,0.24489931407151744,0,0.2801692842040211,0,-2.5752163775656784,0,0,0,0,0,0,0,0,0,0,0,0,0,0,0,0,0,0,0,0,0,0,0,0,0,0,0,0,0,0,0,0,0,0,0,0,0,0,0,0,0,0,0,0,0,0,0,0,0,0,0,0,0,0
2025_12_CAR_SF,12,CAR,SF,0,0,0,0,0,0,0,0,0,-3.518809284929834,0,0,0,0,0,0,0,-7.283757156052161,0,0,0,0,0,0,0,0,0,0,0,0,0,0,0,0,0,0,0,0,0,0,0,0,0,0,0,0,0,0,0,0,0,0,0,0,0,0,0,0,0,0
2025_13_GB_DET,13,GB,DET,-0.37300696442252956,0.26111295528244227,11.840402583475225,1.3259491746297343,-2.1037935638451017,0,0,0,0,2.7166347948950715,0,0,0,0,0,0,0,3.6892311439150944,0,0,0,0,0,0,0,0,0,0,0,0,0,0,0.07260582398157567,0,0,0,0,0,0,0,0,0,0,0,0,0,0,0,0,1.3433164353482425,0,0,0,0,0,0,0,0,0,0
2025_13_GB_DET,13,DET,GB,-0.26724118479952974,0.3383883646456525,0,-4.277622285299003,0,0,0,-0.926809195720125,8.169513409549836,0,0,0,0,0,0,0,0,0,0,0,0,0,0,0,0,0,0,0,0,0,0,0,0,0,0,0,0,0,0,0,0,0,0,0,0,0,0,0,0,0,0,0,0,0,0,0,0,0,0,0
2025_13_KC_DAL,13,DAL,KC,1.723160411696881,2.251504844170995,3.7568769780918956,0.9355782364583574,0,0,0,0,0,7.628862992945122,4.3444337571127765,0,-1.7235712949186563,0,0,0,0,0,0,0,0,0,0,0,0,0,0,0,0,0,0,0,0,0,0,0,0,0,0,0,0,0,0,0,0,0,0,0,0,0,0,0,0,0,0,0,0,0,0,0
2025_13_KC_DAL,13,KC,DAL,-0.3030837345868349,0.12790823786053807,4.322068500798196,7.578772905166261,0,0,0,-0.4709516344591975,0,1.5141099513275549,0,0,0,0,0,0,0,0,0,0,-1.197538051288575,0,0,0,0,0,0,0,0,0,0,0,0,0,0,0,0,0,0,0,0,0,0,0,0,0,0,0,0,0,0,0,0,0,0,0,0,0,0,0
2025_13_CIN_BAL,13,CIN,BAL,-14.599288670107686,0.8008746279519983,0,-0.4399357110960409,0,6.601365901238751,10.039453752598599,0,0,0,0,0,0,-0.8249071075115353,0,0,0,0,0,0,0,0,0,0,0,0,0,0,0,0,0,0,0,0,0,0,0,0,0,0,0,0,0,0,0,0,0,0,0,0,0,0,0,0,0,0,0,0,0,0
2025_13_CIN_BAL,13,BAL,CIN,0,0,0.28455783729441464,0,1.1418400993570685,0,0,0,0,-3.185389533464331,-7.224559323687572,0,-10.776835141761694,0,0,0,0,0,0,0,0,0,0,0,0,0,0,0,0,0,0,0,0,0,0,0,0,0,0,0,0,0,0,0,0,0,0,0,0,0,0,0,0,0,0,0,0,0,0,0
2025_13_CHI_PHI,13,CHI,PHI,5.335876895607259,-0.38088056741980836,-2.985749303130433,2.6572585221147165,0,0,1.805853801080957,0,0,0,0,0,0,-2.8065752247348428,0,0,0,0,0,0,0,0,0,0,0,0,0,0,0,0,0,0,0,0,0,0,0,0,0,0,0,0,0,0,0,0,0,0,0,0,0,0,0,0,0,0,0,0,0,0
2025_13_CHI_PHI,13,PHI,CHI,0,0,0,0,0,0,0,0,0,3.7492747677171137,-1.6965176005229763,0,0,0,0,0,0,0,0,0,0,0,0,0,0,0,-4.986970319412649,0,0,0,0,0,0,0,0,0,0,0,0,0,0,0,0,0,0,0,0,0,0,0,0,0,0,0,0,0,0,0,0,0
2025_13_LA_CAR,13,LA,CAR,-2.385220763622783,4.010507053520996,0,11.736769777548034,0,-5.782410441082902,0,0,0,0,0,0,0,0,0,0,0,0,0,0,0,0,0,0,0,0,0,0,0,0,0,0,0,0,0,0,0,0,0,0,0,0,0,0,0,0,0,0,0,0,0,0,0,0,0,0,0,0,0,0
2025_13_LA_CAR,13,CAR,LA,-4.1913997021038085,-0.9419615359511226,0.886837323079817,7.2861118410364725,0,0,0,0,0,0,0,0,8.606709917747885,0,0,0,0,0,0,0,0,0,0,0,0,0,0,0,0,0,0,0,0,0,0,0,0,0,0,0,0,0,0,0,0,0,0,0,0,0,0,0,0,0,0,0,0,0,0,0
2025_13_SF_CLE,13,SF,CLE,0,0,-4.848328255582601,0,0,0,0,0,0,0.07769975645368998,5.899290672290762,0,0,0,0,0,-0.4008053923607804,0,0,0,0,0,0,0,0,0,0,0,0,0,0,0,0,0,0,0,0,0,0,0,0,0,0,0,0,0,0,0,0,0,0,0,0,0,0,0,0,0,0,0
2025_13_SF_CLE,13,CLE,SF,0,0,-2.521601181884762,0,0,0,0,0,0,-12.17599480447825,0,0,0,0,0,0,0,1.053,0,0,0,0,0,0,0,0,0,0,0,0,0,0,0,0,0,0,0,0,0,0,0,0,0,0,0,0,0,0,0,0,0,0,0,0,0,0,0,0,0,0
2025_13_HOU_IND,13,IND,HOU,0,0,-0.8093491540057585,0,-2.8381432518363,0,0,0,0,1.8112095686745993,0,0,0,0,0,0,0,0,0,0,0,0,0,0,0,0,0,0,0,0,0,0,0,0,0,0,0,0,0,0,0,0,0,0,0,0,0,0,0,0,0,0,0,0,0,0,0,0,0,0
2025_13_HOU_IND,13,HOU,IND,0,0,0,0,-5.808248954666249,0,0,0,0,-1.2751518547011074,8.103162387539127,0,1.7818759283982217,0,0,0,0,0,0,0,0,0,0,0,0,0,0,0,0,0,0,0,0,0,0,0,0,0,-0.47734032839071006,0,0,0,0,0,0,0,0,0,0,0,0,0,0,0,0,0,0,0,0,0
2025_13_NO_MIA,13,MIA,NO,0.7778931404463947,-3.08481112139998,1.1231038758996874,7.636740264715627,-2.0651036058552563,0,0,0,0,-11.219683776392566,0,0,0,0,0,0,0,0,0,0,0,0,0,0,0,0,0,0,0,-0.7227785193244927,0,0,0,0,0,0,0,0,0,0,0,0,0,0,0,0,0,0,0,0,0,0,0,0,0,0,0,0,0,0
2025_13_NO_MIA,13,NO,MIA,-9.983571990713012,-1.0821232863818295,0,0,0,0,0,0,-1.1102265159949596,0,0,0,0,0,0,0,0,0,0,0,0,0,0,0,0,0,0,0,0,0,0,0,0,0,0,0,0,0,0,0,0,0,0,0,0,0,0,0,0,0,0,0,0,0,0,0,0,0,0,0
2025_13_ATL_NYJ,13,ATL,NYJ,0,0,11.421361435117433,0,-1.4982817873824388,0,0,0,0,3.1343417896652648,0,0,0,0,0,0,-0.5772060540330131,0,0,0,0,0,0,0,0,0,0,0,0,0,0,0,0,0,0,0,0,0,0,0,0,0,0,0,0,0,0,0,0,0,0,0,0,0,0,0,0,0,0,0
2025_13_ATL_NYJ,13,NYJ,ATL,1.7401745038090999,2.3913777545676567,-1.0260671220021322,0.8258942077809479,0,0,0,0,0,-2.4331353265806497,0,0,0,0,0,0,0,0,0,0,0,0,0,0,0,0,0,0,0,0,0,0,0,0,0,0,0,0,0,0,0,0,0,0,0,0,0,0,0,0,0,0,0,0,0,0,0,0,0,0
2025_13_ARI_TB,13,TB,ARI,7.144032247854819,-2.64231180693605,0,-0.23953681957209483,0,-3.5868160056415945,-1.3081140844765975,0,-1.1049593474017456,0,0,0,0,0,0,0,0,0,0,0,0,0,0,0,0,0,0,0,0,0,0,0,0,0,0,0,0,0,0,0,0,0,0,0,0,0,0,0,0,0,0,0,0,0,0,0,0,0,0,0
2025_13_ARI_TB,13,ARI,TB,3.062641254052079,-4.640908991685137,0,0,0,0,0,0,0,0,0,0,0,0,0,0,0,0,0,0,0,0,0,0,0,0,0,0,0,0,0,0,0,0,0,0,0,0,0,0,0,0,0,0,0,0,0,0,0,0,0,0,0,0,0,0,0,0,0,0
2025_13_JAX_TEN,13,JAX,TEN,0,0,1.6272096246830188,-7.604852663949598,-0.11943684314610437,1.849054247880919,0,0,0,5.5777883880073205,0,0,-0.734184367582202,0,0,0,0,0,0,0,0,0,0,0,0,0,0,0,0,0,0,0,0,0,0,0,0,0,0,0,0,0,0,0,0,0,0,0,0,0,0,0,0,0,0,0,0,0,0,0
2025_13_JAX_TEN,13,TEN,JAX,0,0,-4.0492604252067395,-10.574781125062145,0,0,0,0,0,-5.791753972473089,0,0,-1.852759898688931,0,0,0,0,0,0,0,0,0,0,0,0,0,0,0,0,0,0,0,0,0,0,0,0,0,0,0,0,0,0,0,0,0,0,0,0,0,0,0,0,0,0,0,0,0,0,0
2025_13_MIN_SEA,13,MIN,SEA,-24.854085164610296,0,0.1484240383724682,-2.5899065698613413,0,-0.25339560478460044,0,0,0,-0.11058047250844538,0,0,-6.2138714183238335,0,0,0,0,0,0,0,0,0,0,0,0,0,0,0,0,0,0,0,0,0,0,0,0,0,0,0,0,0,0,0,0,0,0,0,0,0,0,0,0,0,0,0,0,0,0,0
2025_13_MIN_SEA,13,SEA,MIN,-1.14326655116779,-3.5138489439268596,-0.3450640444061719,0,0,0,-0.3828169722110033,0,0,0,0,0,0,-3.8470459667014425,0,0,0,0,0,0,0,0,0,0,0,0,0,0,0,0,0,0,0,0,0,0,0,0,0,0,0,0,0,0,0,0,0,0,0,0,0,0,0,0,0,0,0,0,0,0
2025_13_LV_LAC,13,LV,LAC,5.425019016227452,-9.587937033822527,0,0,0,0,-9.47205899032997,0,1.8324001140426844,0,0,0,0,0,0,0,0,0,0,0,0,0,0,0,0,0,0,0,0,0,0,0,0,0,0,0,0,0,0,0,0,0,0,0,0,0,0,0,0,0,0,0,0,0,0,0,0,0,0,0
2025_13_LV_LAC,13,LAC,LV,0,0,-4.245117405691417,0,0,0,0,0,0,9.664903492007776,1.4848291107919067,0,2.0779890107223764,0,0,0,0,0,0,0,0,0,0,0,0,0,0,0,0,0,0,0,0,0,0,0,0,0,0,0,0,0,0,0,0,0,0,0,0,0,0,0,0,0,0,0,0,0,0,0
2025_13_BUF_PIT,13,BUF,PIT,7.840287550003268,-4.119790126394946,0,-0.5708351124776527,0,0,0,7.337208848912269,-0.9217222727020271,0,0,0,0,-2.339968474244506,0,0,0,0,0,0,0,0,0,0,0,0,0,0,0,0,0.17962523258756846,0,0,0,0,0,0,0,0,0,0,0,0,0,0,0,0,0,0,0,0,0,0,0,0,0,0,0,0,0
2025_13_BUF_PIT,13,PIT,BUF,2.9224785262485966,-7.45848068583291,-0.5545488088391721,-2.68972012901213,0,0,0,-9.077068895916454,0,0.20661061455029994,0,0,-1.5919842550065368,0,0,0,0,0,0,0,0,0,0,0,0,0,0,0,0,0,0,0,0,0,0,0,0,0,0,0,0,0,0,0,0,0,0,0,0,0,0,0,0,0,0,0,0,0,0,0
2025_13_DEN_WAS,13,DEN,WAS,0,0,-1.4897448990959674,2.258510047624493,0,3.465428795258049,0,0,0,5.290481278111974,0,0,0.24431258643744513,0,0,0,0.8849102047388442,0,0,0,0,0,0,0,0,0,0,0,0,0,0,0,0,0,0,0,0,0,0,0,0,0,0,0,0,0,0,0,0,0,0,0,0,0,0,0,0,0,0,0
2025_13_DEN_WAS,13,WAS,DEN,7.488161698289448,-4.09403113447479,0,1.4641694144811481,0,2.0608602675759657,2.1569709768518806,0,0,0,0,-0.12351617304148688,0,-0.6532279643870424,0,0,0,0,0,0,0,0,0,0,0,0,0,0,0,0,0,0,0,0,0,0,0,0,0,0,0,0,0,-0.4536988683976233,0,0,0,0,0,0,0,0,0,0,0,0,0,0,0,0
2025_13_NYG_NE,13,NE,NYG,0.9039630686051399,-4.33102637110278,5.251267079846002,-0.7521037754486315,0,8.859752813256732,0,0,0,0,0,0,-0.4561710666525669,0,0,0,0,0,0,0,0,0,0,0,0,0,0,0,0,0,0,0,0,0,0,0,0,0,0,0,0,0,0,0,0,0,0,0,0,0,0,0,0,0,0,0,0,0,0,0
2025_13_NYG_NE,13,NYG,NE,6.878273011709098,-6.272840680379886,1.053,0,0,0,-1.0771197100402787,0.3308274873998016,-5.21704762079753,0,0,0,0,0,0,0,0,0,0,0,0,0,0,0,0,0,0,0,0,0,0,0,0,0,0,0,0,0,0,0,0,0,0,0,0,0,0,0,0,0,0,0,0,0,0,0,0,0,0,0
2025_14_DAL_DET,14,DET,DAL,11.7855847273801,2.4287396708969027,-1.2537426329799928,2.032199768371132,0,0,0,-1.8787145565729588,0,2.733971201814711,0,0,0,0,0,0,0,0,0,0,0,0,0,0,0,0,0,0,0,0,0,0,0,0,0,0,0,0,0,0,0,0,0,0,0,0,0,0,0,0,0,0,0,0,0,0,0,0,0,0
2025_14_DAL_DET,14,DAL,DET,-8.566344224395976,-0.8522595035028644,0.8218565895804204,3.890817454827018,0,0,0,0,0,-0.1275543519295752,0,0,0,0,0,0,0,0.44221505685709417,0,0,0,0,0,0,0,0,0,0,0,0,0,0,0,0,0,0,0,0,0,0,0,0,0,0,0,0,0,0,0,0,0,0,0,0,0,0,0,0,0,0
2025_14_SEA_ATL,14,ATL,SEA,2.3277539369883016,0,-0.22022987087257206,-7.266792136360891,0,-2.9235185789811244,0,0,0,0,0,0,-10.949671126949717,0,0,0,0,0,0,0,0,0,0,0,0,0,0,0,0,0,0,0,0,0,0,0,0,0,0,0,0,0,0,0,0,0,0,0,0,0,0,0,0,0,0,0,0,0,0,0
2025_14_SEA_ATL,14,SEA,ATL,0.5352090598316863,1.188107421330642,-3.1353400701315874,4.990380247472785,-3.664637919224333,0,0,0,0,8.526196246890894,0,0,0.640435895184055,0,0,0,0,0,0,0,0,0,0,0,0,0,0,0,0,0,0,0,0,0,0,0,0,0,0,0,0,0,0,0,0,0,0,0,0,0,-1.8279540879884735,0,0,0,0,0,0,0,0,0
2025_14_PIT_BAL,14,BAL,PIT,-2.865371872066676,4.555333554742958,0,-0.009551995375659317,0,0,0,0,0,0,0,0,0,0.05484590932610445,0,0,0,0,0,0,0,0,0,0,0,0,0,0,0,0,0.14009593147784472,0,0,0,0,0,0,0,0,0,0,0,0,0,0,0,0,0,0,0,0,0,0,0,0,0,0,0,0,0
2025_14_PIT_BAL,14,PIT,BAL,2.189420270791743,-2.5304618031950668,0,2.9659729141858406,0,0,9.059047200980366,0,0,0,0,0,0,-0.6673731139162555,0,0,0,0,0,0,0,0,0,0,1.3645331194275059,0,0,0,0,0,0,0,0,0,0,0,0,0,0,0,0,0,0,0,0,0,0,0,0,0,0,0,0,0,0,0,0,0,0,0
2025_14_TEN_CLE,14,TEN,CLE,0,0,1.413946675544139,0,-2.1637484265957028,0,0,0,0,-12.614722970701937,6.198417911247816,0,0,6.1146600645734,0,0,0,-2.69753234856762,0.6086162724532187,0,0,0,0,0,0,0,-3.5374299858813174,0,0,0,0,0,0,0,0,0,0,0,0,0,0,0,0,0,0,0,0,0,0,0,0,0,0,0,0,0,0,0,0,0
2025_14_TEN_CLE,14,CLE,TEN,2.473393391119316,0,-3.8078955134404824,-0.3968057237952419,0,0,0,0,0,-2.057757304282859,0,0,0,0,0,0,0,0,0,0,0,0,0,0,0,0,0,0,0,0,0,0,0,0,0,0,0,0,0,0,0,0,0,0,0,0,0,0,0,0,0,0,0,0,0,0,0,0,0,0
2025_14_CHI_GB,14,CHI,GB,3.9035446086157966,2.4680315708974376,0,-1.124432486074511,0,0,0,2.9188005017349496,-3.5201529105193425,0,0,0,0,0,0,0,0,0,0,0,0,0,0,0,1.3782629533670843,0,0,0,0,0,0,0,0,0,0,0,0,0,0,0,0,0,0,0,0,0,0,0,0,0,0,0,0,0,0,0,0,0,0,0
2025_14_CHI_GB,14,GB,CHI,0,0,0,0,0,0,0,0,0,6.675688465271378,3.2434937491780147,0,-1.1997497621923685,0,0,0,0,0,0,0,0,0,0,0,0,0,1.9039832709531765,0,0,0,0,0,0,0,0,0,0,0,0,0,0,0,0,0,0,0,0,0,0,0,0,0,0,0,0,0,0,0,0,0
2025_14_IND_JAX,14,JAX,IND,0,0,0,0,-4.204278651683126,0,0,0,0,2.188996316684107,3.5185960202361457,0,2.622860638424754,0,0,0,0,0,0,0,0,0,0,0,0,0,0,0,0,0,0,0,0,0,0,0,0,0,0,0,0,0,0,0,0,0,0,0,0,0,0,0,0,0,0,0,0,0,0,0
2025_14_IND_JAX,14,IND,JAX,0,0,-5.485836854670197,2.1718014241196215,0,0,0,0,0,-6.281366178007589,-0.6809918000362813,0,-0.2373750918195583,0,0,0,0,0,0,0,0,0,0,0,0,0,0,0,0,0,0,0,0,0,0,0,0,0,0,0,0,0,0,0,0,0,0,0,0,0,0,0,0,0,0,0,0,0,0,0
2025_14_WAS_MIN,14,MIN,WAS,0,-1.0200119784567505,8.619343706697691,12.268579519004561,0,-3.9500009707557497,0,0,0,2.3567139053484425,0,0,0,0,0,0,0,0,0,0,0,0,0,0,0,0,0,0,0,0,0,0,0,0,0,0,0,0,0,0,0,0,0,0,0,0,0,0,0,0,0,0,0,0,0,0,0,0,0,0
2025_14_WAS_MIN,14,WAS,MIN,-17.47835530654993,-4.484492451592814,2.6179508279892616,0,0,0,0,0,0,0,0,0,0,0,0,0,0,0,0,0,0,0,0,0,0,0,0,0,0,0,0,0,0,0,0,0,0,0,0,0,0,0,0,0,0,0,0,0,0,0,0,0,0,0,0,0,0,0,0,0
2025_14_MIA_NYJ,14,MIA,NYJ,0,0,16.298127319944605,0,0.6043746702489443,0,0,0,0,-4.210282430748229,0,0,0,0,0,0,0.8962056416203268,0,0,0,0,0,0,0,0,0,0,0,0,0,0,0,0,0,0,0,0,0,0,0,0,0,0,0,0,0,0,0,0,0,0,0,0,0,0,0,0,0,0,0
2025_14_MIA_NYJ,14,NYJ,MIA,-19.209149767828094,-7.678497260785662,0,0,0,0,-0.6238874431583099,0,0,0,0,0,0,0,0,0,0,0,0,0,0,0,0,0,0,0,0,0,0,0,0,0,0,0,0,0,0,0,0,0,0,0,0,0,0,0,0,0,0,0,0,3.871384550118819,0,0,0,0,0,0,0,0
2025_14_NO_TB,14,NO,TB,11.713095285237362,-11.094594593685338,0,0,0,0,0,0,0,0,0,0,0,0,0,0,0,0,0,-0.5564377778209746,0,0,0,0,0,0,0,0,0,0,0,0,0,0,0,0,0,0,0,0,0,0,0,0,0,0,0,0,0,0,0,0,0,0,0,0,0,0,0,0
2025_14_NO_TB,14,TB,NO,1.4831603427883238,-5.760814513778314,-3.7689444506540895,4.560825521824881,-3.6086798176402226,0,0,0,0,-2.93981408001855,-0.12471264880150557,0,0.3147891874196622,-0.4374248909812821,0,0,0,0,0,0,0,0,0,0,0,0,-0.4010456427349709,-0.18432236794615164,0,0,0,-0.1845399914891459,0,0,0,0,0,0,0,0,0,0,0,0,0,0,0,0,0,0,0,0,0,0,0,0,0,0,0,0
2025_14_DEN_LV,14,DEN,LV,0,0,6.9546251416678615,0,0,0,0,0,0,7.974090459814761,-3.316397059650626,0,-0.9562718232627958,0,0,0,0.9273094300879166,0,0,0,0,0,0,0,0,0,0,0,0,0,0,-0.8101931228302419,0,0,0,0,0,0,0,0,0,0,0,0,0,0,0,0,0,0,0,0,0,0,0,0,0,0,0,0
2025_14_DEN_LV,14,LV,DEN,-5.1873866051319055,-0.31875569850672036,0,0.28548118949402124,0,2.776468562951777,0,0,0,0,0,0.9035493658258371,0,0,0,0,0,0,0,0,0,0,0,0,0,0,0,0,0,0,0,0,0,0,0,0,0,0,0,0,0,0,0,0,0,0,0,0,0,0,0,0,2.1598320461343974,0,0,0,0,0,0,0
2025_14_LA_ARI,14,ARI,LA,0,0,-0.1822340777143836,1.0117101464420557,0,2.2909365986124612,0,0,0,0,0,0,-9.387068891470086,0,0,0,0,0,0,0,0,0,0,0,0,0,0,1.3872065524849448,0,0,0,0,0,0,0,0,0,0,0,0,0,0,0,0,0,0,0,0,0,0,0,0,0,0,0,0,0,0,0,0
2025_14_LA_ARI,14,LA,ARI,-1.0724556344859724,8.168392672232585,0,11.023409425775753,0,7.439852618903387,5.052658728323877,0,-1.4356220797635615,0,0,0,0,0,0,0,0,0,0,0,0,0,0,0,0,0,0,0,0,0,0,0,0,0,0,0,0,0,0,0,0,0,0,0,0,0,0,0,0,0,0,0,0,0,0,0,0,0,0,0
2025_14_CIN_BUF,14,CIN,BUF,-10.820065922336653,0.9316700678900816,0,1.5641562288510613,0,2.7327379905618727,15.662288322579116,0,0.6050822198740207,0.41457765345694497,0,0,-0.947,0,0,0,0,0,0,0,0,0,0,0,0,0,0,0,0,0,0,0,0,0,0,0,0,0,0,0,0,0,0,0,0,0,0,0,0,0,0,0,0,0,0,0,0,0,0,0
2025_14_CIN_BUF,14,BUF,CIN,0,0,1.9770909079816192,0,-7.430875431309687,0,0,0,0,20.369113682067837,1.9145401743007824,0,-0.8288867404917255,0,0,1.053,0,0,0,0,0,0,0,0,0,0,0,0,0,0,0,0,0,0,0,0,0,0,0,0,0,0,0,0,0,0,0,0,0,0,0,0,0,0,0,0,0,0,0,0
2025_14_HOU_KC,14,KC,HOU,0,0,2.1953314258717,0,-2.5383535726577975,0,0,0,0,-18.109386129426845,0,0,0,0,0,0,0,0,0,0,0,0,0,0,0,0,0,0,0,0,0,0,0,0,0,0,0,0,0,0,0,0,0,0,0,0,0,0,0,0,0,0,0,0,0,0,0,0,0,0
2025_14_HOU_KC,14,HOU,KC,0,-0.5412153356559215,-1.4652246229298833,0.9501781451981515,0,-1.647999067499768,0,0,0,-0.14101579313864931,-1.8683098611654714,0,0,0,0,0,0,0,0,0,0,0,0,0,0,0,0,0,0,0,0,0,0,0,0,0,0,0,0,0,0,0,0,0,0,0,0,0,0,0,0,0,0,0,0,0,0,0,0,0
2025_14_PHI_LAC,14,PHI,LAC,-12.676411015010672,-8.430297211016295,4.868203311925754,0,0,-0.3483918353449553,1.8982909358303401,0,-4.495163406180054,0,0,-0.16701977327115758,0,0,0,0,0,0,0,0,0,0,0,0,0,0,0,0,0,0,0,0,0,0,0,0,0,0,0,0,0,0,0,0,0,0,0,0,0,0,0,0,0,0,0,0,0,0,0,0
2025_14_PHI_LAC,14,LAC,PHI,-4.502960985046739,-5.677895432642673,0,-8.112143469043076,0,0,0,0,0,0,0,0,0,0,0,0,0,0,0,0,0,0,0,0,0,0,0,0,0,0,0,0,0,0,0,0,0,0,0,0,0,0,0,0,0,0,0,0,0,0,0,0,0,0,0,0,0,0,0,0
2025_15_ATL_TB,15,TB,ATL,0.5034245673450641,0,-1.9336119160871021,8.431223063016777,1.1481329175876454,-0.10931634823448211,0,0,0,1.4771616815074196,0,0,0,-0.22928491287166253,0,0.7258562640636228,0,0,0,0,0,0,0,0,0,0,0,0,0,0,0,0,0,0,0,0,0,0,0,0,0,0,0,0,0,0,0,0,0,0,0,0,0,0,0,0,0,0,0,0
2025_15_ATL_TB,15,ATL,TB,7.218075971905142,6.438631867873482,0.284908032277599,0.11947605590103194,0,-1.25987978419289,0,0,0,0,0,0,0,0,0,0,0,0,0,0,0,0,0,0,0,0,0,0,0,0,0,0,0,0,0,0,0,0,0,0,0,0,0,0,0,0,0,0,0,0,0,0,0,0,0,0,0,0,0,0
2025_15_CLE_CHI,15,CHI,CLE,0,0,4.415366199158598,0,0,0,0,0,0,-1.0996392739387426,-2.266750694707798,0,0,1.2123866221518256,0,0,0,1.5876132467528805,0,0,0,0,0,0,0,0,-1.5233881184831262,0,0,1.1372676217579283,0,-0.4125131827313453,0,0,0,0,0,0,0,0,0,0,0,0,0,0,0,0,0,0,0,0,0,0,0,0,0,0,0,0
2025_15_CLE_CHI,15,CLE,CHI,0,0,-0.7961294730193913,0,0,0,0,0,0,-14.313883133523632,-14.34474871054774,0,3.644641391118057,0,0,0,0,-0.28838722105138004,0,0,0,0,0,0,0,0,0,0,0,0,0,0,0,0,0,0,0,0,0,0,0,0,0,0,0,0,0,0,0,0,0,0,0,0,0,0,0,0,0,0
2025_15_BAL_CIN,15,BAL,CIN,0,0,0.2568625539424829,0,4.672867265471723,0,0,0,0,0.675047884416621,4.130962857394479,0,-2.132845029584132,0,0,0,0,0,0,0,0,0,0,0,0,0,0,0,0,0,0,0,0,0,0,0,0,0,0,0,0,0,0,0,0,0,0,0,0,0,0,0,0,0,0,0,0,0,0,0
2025_15_BAL_CIN,15,CIN,BAL,1.6036834806436673,-3.309310593351256,0,0,0,3.3215582099510357,-14.279668387549464,0,-11.059641460655257,0,0,0,0,0,0,0,0,0,0,0,0,0,-0.284890002629254,-0.14490141859278083,0,0,0,0,0,0,0,0,0,0,0,0,0,0,0,0,0,0,0,0,0,0,0,0,0,0,0,0,0,0,0,0,0,0,0,0
2025_15_ARI_HOU,15,HOU,ARI,11.022895247774828,2.9730744352564216,0,1.8118533567758277,0,0,0,0,-1.652084660017863,0,0,0,0,0,0,0,0,0,0,0,0,0,0.13072279043262824,0,0,0,0,0,0,0,0,0,0,0,0,0,0,0,0,0,0,0,0,0,0,0,0,0,0,0,0,0,0,0,0,0,0,0,0,0
2025_15_ARI_HOU,15,ARI,HOU,0,0,6.398353595970664,0,4.813179253629642,0,0,0,0,-9.51626951614162,0,0,0,0,0,0.7283954334270675,0,0,0,0,0,0,0,0,0,0,0,0,0,0,0,0,0,0,0,0,0,0,0,0,0,0,0,0,0,0,0,0,0,0,0,0,0,0,0,0,0,0,0,0
2025_15_NYJ_JAX,15,JAX,NYJ,0,0,-3.764542093151249,0,-0.41011582320788875,0,0,0,0,22.591281680240414,0,0,0,0,0,0,0,0,0,0,0,0,0,0,0,0,0,0,0,0,0,0,0,0,0,0,0,0,0,0,0,0,0,0,0,0,0,0,0,0,0,0,0,0,0,0,0,0,0,0
2025_15_NYJ_JAX,15,NYJ,JAX,0,0,1.42289033299312,0,0,0,0,0,0,-9.346489126881352,0,0,-2.7418701215130854,0,0,0,0,0,0,0,0,0,0,0,0,0,0,0,0,0,0,0,0,0,0,0,0,0,0,0,0,0,0,0,0,0,0,0,0,0,0,0,0,0,0,0,0,0,0,0
2025_15_LAC_KC,15,KC,LAC,-6.023617660393938,-0.8373070550151169,0.5279658404178917,0,0,-0.7777610019547865,6.09135667607202,0,-2.682514507789165,0,0,0,0,0,0,0,0,0,0,0,0,0,-3.215433397218418,0,0,0,0,0,0,0,0,0,0,0,0,0,0,0,0,0,0,0,0,0,0,0,0,0,0,0,0,0,0,0,0,0,0,0,0,0
2025_15_LAC_KC,15,LAC,KC,0,-0.16734955901985127,0.061705773579888046,3.3098386469636116,0,0,0,0,0,1.3984427565592341,-5.2526483729491265,0,0,0,0,0,0,0,0,0,0,0,0,0,0,0,0,0,0,0,0,0,0,0,0,0,0,0,0,0,0,0,0,0,0,0,0,0,0,0,0,0,0,0,0,0,0,0,0,0
2025_15_BUF_NE,15,NE,BUF,-2.7207395029649883,3.133077450620476,0,6.05394881014945,0,1.8110818625427783,0,5.303986218990758,0,0.14616212947294116,0,0,-1.7651504357345402,0,0,0,0,0,0,0,0,0,0,0,0,0,0,0,0,0,0,0,0,0,0,0,0,0,0,0,0,0,0,0,0,0,0,0,0,0,0,0,0,0,0,0,0,0,0,0
2025_15_BUF_NE,15,BUF,NE,8.58294375432888,6.47544864640804,-1.0831732092774473,0,0,0,0,0,4.519043665786739,0,0,0,0,0,0,0,0,0,0,0,0,0,0,0,0,0,0,0,0,0,0,0,0,0,0,0,0,0,0,0,0,0,0,0,0,0,0,0,0,0,0,0,0,0,0,0,0,0,0,0
2025_15_WAS_NYG,15,WAS,NYG,6.0836823439458385,-2.1288156546652317,0.4314181294757873,-4.1844824680592865,0,-0.573243194498555,0,0,0,0,0,0,0,0,0,0,0,0,0,0,0,0,0,0,0,0,0,0,0,0,0,0,0,0,0,0,0,0,0,0,0,0,0,0,0,0,0,0,0,0,0,0,0,0,0,0,0,0,0,0
2025_15_WAS_NYG,15,NYG,WAS,0,0,0.9469509935879614,7.027131173362932,0,-4.624184385287228,0,0,0,0.5857277598115616,0,0,0,0,0,0,0,0,0,0,0,0,0,0,0,0,0,-1.2995437772478908,0,0,0,0,0,0,0,0,0,0,0,0,0,0,0,0,0,0,0,0,0,0,0,0,0,0,0,0,0,0,0,0
2025_15_LV_PHI,15,PHI,LV,0,0,3.404439496474987,0,0,0,0,0,0,12.374925268115476,4.458335402770899,0,-1.2987500368617475,0,0,0,0,0,0,0,0,0,0,0,0,0,0,0,0,0,0,0,0,0,0,0,0,0,0,0,0,0,0,0,0,0,0,0,0,0,0,0,0,0,0,0,0,0,0,0
2025_15_LV_PHI,15,LV,PHI,-14.97374087467324,-1.3396567981690168,0,-0.9149884963408113,0,0,0,0,0,0,0,0,0,0,0,0,0,0,0,0,0,0,0,0,0,0,0,0,0,0,0,0,0,0,0,0,0,0,0,0,0,0,0,0,0,0,0,0,0,0,0,0,0,0,0,0,0,0,0,0
2025_15_GB_DEN,15,DEN,GB,20.16595197794959,-3.2094769054674543,0,-2.6508404812775552,0,0,0,-4.2581291470560245,1.9269053526804782,0,0,0,0,0,0,0,0,0,0,0,0,0,0,0,0,0,0,0,0,0,0,0,0,0,-0.947,0,0,0,0,0,0,0,0,0,0,0,0,0,0,0,0,0,0,0,0,0,0,0,0,0
2025_15_GB_DEN,15,GB,DEN,-1.5200323245814942,3.5587665683124214,0,-1.3972902601482682,0,2.2545386431131074,0,0,0,0,0,0.13325575242567833,0,0,0,0,0,0,0,0,0,0,0,0,0,0,0,0,0,0,0,0,0,0,0,0,0,0,0,0,0,0,0,0,0,0,0,0,0,0,0,0,0,0,0,0,0,0,0,0
2025_15_DET_LA,15,DET,LA,0,0,6.981918791192584,-1.8194012533058412,0.5861612828448415,0,0,0,0,0,0,0,6.2535359614288195,0,0,0,0,0,0,0,0,0,0,0,0,0,0,-0.07259845608496107,0,0,0,0,0,0,0,0,0,0,0,0,0,0,0,0,0,0,0,0,0,0,0,0,0,0,0,0,0,0,0,0
2025_15_DET_LA,15,LA,DET,2.104750524779784,2.1307706088991836,12.35419244109653,-6.892483628238551,0,0,0,0,0,0,0,0,0,5.02419539866969,0,0,0,0,0,0,0,0,0,0,0,0,0,0,0,0,0,0,0,0,0,0,0,0,0,0,0,0,0,0,0,0,0,0,0,0,0,0,0,0,0,0,0,0,0,0
2025_15_CAR_NO,15,NO,CAR,-6.154973631776057,0.6273265801137313,0,2.0955629642121494,0,12.090147938586085,0,0,0,0,0,0,0,0,0,0,0,0,0,0,0,-1.8410678587388247,0,0,0,0,0,0,0,0,0,0,0,0,0,0,1.2637768621789292,0,0,0,0,0,0,0,0,0,0,0,0,0,0,0,0,0,0,0,0,0,0,0
2025_15_CAR_NO,15,CAR,NO,-1.3344134971266612,-1.9715903465403244,-0.19495517131872475,3.984375082072802,-2.330635303282179,0,0,0,0,4.290692152849811,0,0,-0.08206803098437376,0,0,0,0,0,0,0,0,0,0,0,0,0,4.026646012440324,0,0,-1.134994984837249,0,0,0,0,0,0,0,0,0,0,0,0,0,0,0,0,0,0,0,0,0,0,0,0,0,0,0,0,0,0
2025_15_IND_SEA,15,IND,SEA,0.6724860405083746,0,0,-2.1356467010919005,0,-1.7118670545901038,-0.9486489924916921,0,0,0,0,0,1.112719195545651,0,0,0,0,0,0,0,0,0,0,0,0,0,0,0,0,0,0,0,0,0,0,0,0,0,0,0,0,0,0,0,0,0,0,0,0,0,0,0,0,0,0,0,0,0,0,0
2025_15_IND_SEA,15,SEA,IND,0,0,0,0,3.8668830526294187,0,0,0,0,-4.200321382155115,-1.1009255834270888,0,-1.5807907287962735,0,0,0,0,0,0,0,0,0,0,0,0,0,0,0,0,0,0,0,0,0,0,0,0,0,0,0,0,0,0,0,0,0,0,0,0,0,0,0,0,0,0,0,0,0,0,0
2025_15_TEN_SF,15,TEN,SF,0,0,2.293994033476338,0,0,0,0,0,0,5.9804610064006685,0,0,0,0,0,0,0,0.5639460802776739,0,0,0,0,0,0,0,0,0,0,0,0,0,0,0,0,0,0,0,0,0,0,0,0,0,0,0,0,0,0,0,0,0,0,0,0,0,0,0,0,0,0
2025_15_TEN_SF,15,SF,TEN,0,0,4.667788990744157,9.26157959362433,0.7062049566302449,0,0,0,0,3.080006431322545,0,0,0,0,0,0.543488016090123,0,0,0,0,0,0,0,0,0,0,0,0,0,0,0,0,0,0,0,0,0,0,0,0,0,0,0,0,0,0,0,0,0,0,0,0,0,0,0,0,0,0,0,0
2025_15_MIN_DAL,15,MIN,DAL,3.448282558703795,1.2799602921843007,-5.86602918751305,8.758343076750457,1.2394049247959629,0,0,1.074860245687887,0,-1.4180691675865091,0,0,0,0,0,0,0,0,0,0,0,0,0,0,0,0,0.7589070433750749,0,0,0,0,0,2.4118227001745254,0,0,0,0,0,0,0,0,0,0,0,0,0,0,0,0,0,0,0,0,0,0,0,0,0,0,0
2025_15_MIN_DAL,15,DAL,MIN,-4.350321102073621,1.3030495205312036,3.26408026763238,0,0,0,0,5.05252881598426,0,0,0,0,0,-0.6532615194446407,0,0,0,0,0,0,0,0,0,0,0,0,0,0,0,0,2.724662708467804,0,0,0,0,0,0,0,0,0,0,0,0,0,0,0,0,0,0,0,0,0,0,0,0,0,0,0,0,0
2025_15_MIA_PIT,15,MIA,PIT,-3.2211131482035853,-3.4184580075396065,1.6226205250713974,3.234917016932741,0,0,0,0,-0.23190235631773248,0,0,0,0,0,0,0,0,0,0,0,0,0,0,0,0,0,0,0,0,0,0,0,0,0,0,0,0,0,0,0,0,0,0,0,0,0,0,0,0,0,0,0,0,0,0,0,0,0,0,0
2025_15_MIA_PIT,15,PIT,MIA,9.071138218598207,4.688407181442017,0,0,0,0,0,0,0,0,0,0,0,0,0,0,0,0,0,0,0,0,0,0,0,0,0,0,0,0,0,0,0,0,0,0,0,0,0,0,0,0,0,0,0,0,0,0,0,0,0,0,0,0,0,0,0,0,0,0
2025_16_LA_SEA,16,LA,SEA,7.175976607394891,-3.329992958024377,-2.028978224203456,8.57812200684566,0,5.207118842168711,0,0,0,0,0,0,1.031017257249914,0,0,0,0,0,0,0,0,0,0,0,0,0,0,0,0,0,1.9589017364823849,0,0,0,0,0,0,0,0,0,0,0,0,0,0,0,0,0,0,0,0,0,0,0,0,0,0,0,0,0
2025_16_LA_SEA,16,SEA,LA,0,0,13.8675383075024,-3.8679100460719784,0.438132913550362,0,0,0,0,0,0,0,-8.193869408234487,0,0,0,0,0,0,0,0,0,0,0,0,0,0,0,0,0,0,0,0,0,0,0,0,0,0,0,0,0,0,0,0,0,0,0,0,0,0,0,0,0,0,0,0,0,0,0
2025_16_GB_CHI,16,GB,CHI,0,0,0,0,0,0,0,0,0,12.405174702470234,0,0,0,0,0,0,0,0,0,0,0,0,0,0,0,0,-5.711065968964249,0,0,0,0,0,0,0,0,0,0,0,0,0,0,0,0,0,0,0,0,0,0,0,0,0,0,0,0,0,0,0,0,0
2025_16_GB_CHI,16,CHI,GB,0.3479203731403686,10.952058971277438,0,1.2293934266953794,0,0,0,-2.0475383292650804,-3.5114214184842454,0,0,0,0,0,0,0,0,0,0,0,0,0,0,0,0,0,0,0,0,0,0,0,0,0,0,0,0,0,0,0,0,0,0,0,0,0,0,0,0,0,0,0,0,0,0,0,0,0,0,0
2025_16_PHI_WAS,16,WAS,PHI,-4.656948206135428,0.9952129398006946,0,0,0,0,0,0,0,0,0,0,0,0,0,0,0,0,0,0,0,0,0,0,0,0,0,0,0,0,0,0,0,0,0,0,0,0,0,0,0,0,0,0,0,0,0,0,0,0,0,0,0,0,0,0,0,0,0,0
2025_16_PHI_WAS,16,PHI,WAS,0,0,7.972342382636387,5.70445232297061,0,4.003327350745031,0,0,0,2.6978606930933893,0,0.3786151528443593,3.8373799308901653,0,0,0,0,0,0,0,0,0,0,0,0,0,0,0,0,0,0,0,0,0,0,0,0,0,0,0,0,0,0,0,0,0,0,0,0,0,0,0,0,-0.2644604279776104,0,0,0,0,0,0
2025_16_NE_BAL,16,BAL,NE,-0.5420026901410893,2.968305106740445,-0.5582287306897342,0,0,0,0.11880832427743648,2.436537162226159,-1.3577402508235537,0,0,-1.06519617995781,0,3.3388096621492878,0,0,0,0,0,0,0,0,0,0,0,0,0,0,0,0,0,0,0,0,0,0,0,0,0,0,0,0,0,0,0,0,0,0,0,0,0,0,0,0,0,0,0,0,0,0
2025_16_NE_BAL,16,NE,BAL,8.444653183414342,1.1786275616614148,0,-0.9131611501798034,0,0,5.749671099144896,0,0.4449176272028126,0,0,0,0,1.3452734112506732,0,0,0,0,0,0,0,0,0,0,0,0,0,0,0,0,0,0,0,0,0.6891732585499994,0,0,0,0,0,0,0,0,0,0,0,0,0,0,0,0,0,0,0,-2.4826914377044886,0,0,0,0,0
2025_16_TB_CAR,16,CAR,TB,3.3346049314302695,-1.2779970022966154,-1.7165567465126514,4.991255040884196,0,0,0,0,0,0,0,0,0,0,0,0,0,0,0,0,0,0,0,0,0,0,0,0,0,0,0,0,0,0,0,0,0,0,0,0,0,0,0,0,0,0,0,0,0,0,0,0,0,0,0,0,0,0,0,0
2025_16_TB_CAR,16,TB,CAR,5.153409117773796,2.1753518980694935,0,-2.166904811281711,0,1.1769821689231321,0,0,0,0,0,0,0,-1.971688117500824,0,0,0,0.621308626170503,0,0,0,0,0,0,0,0,0,0,0,0,0,0,0,0,0,0,0,0,0,0,0,0,0,0,0,0,0,0,0,0,0,0,0,0,0,0,0,0,0,0
2025_16_BUF_CLE,16,CLE,BUF,1.8934022820321843,5.133279127650894,0,-15.042679089868844,0,0,0,1.1060095169814304,0,0,0,0,0,0,0.7041429885430261,0,0,0,0,0,0,0,0,0,0,0,0,0,0,0,0,0,0,0,0,0,0,0,0,0,0,0,0,-1.804541337362025,0,0,0,0,0,0,0,0,0,0,0,0,0,0,0,0
2025_16_BUF_CLE,16,BUF,CLE,0,0,7.60933091735933,0,-3.6659178532427177,0,0,0,0,-0.07764827838400379,-4.514252690238034,0,0,-1.9010963084292598,0,0,0,5.4671634818660095,0,0,0,0,0,0,0,0,0,0,0,0,0,0,0,0,0,0,0,0,0,0,0,0,0,0,0,0,0,0,0,0,0,0,0,0,0,0,0,0,0,0
2025_16_LAC_DAL,16,DAL,LAC,4.603165285370778,1.1228085436741821,-4.325086897006258,0,0,-3.7238048925064504,-1.8324338479290603,0,3.669133342045825,0,0,0,0,0,0,0,0,0,0,0,0,0,1.2007247787551023,0,0,0,0,0,0,0,0,0,0,0,0,0,0,0,0,0,0,0,0,0,0,0,0,0,0,0,0,0,0,0,0,0,0,0,0,0
2025_16_LAC_DAL,16,LAC,DAL,4.210083829064388,-1.3289548535831273,3.635136105294805,16.224427107033275,0,0,0,0,0,2.562765047124311,0,0,0,0,0,0,0,0,0,0,0,0,0,0,0,0,0,0,0,0,0,0,0.8603588309779298,0,0,0,0,0,0,0,0,0,0,0,0,0,0,0,0,0,0,0,0,0,0,0,0,0,0,0
2025_16_NYJ_NO,16,NO,NYJ,0,0,3.310361639538314,0,-11.60559268691577,0,0,0,0,4.330519973225927,0,0,0.4972519032560534,0,0,0,0,0,0,0,0,0,0,0,0,0,0,0,0,0,0,0,0,0,0,0,0,0,0,0,0,0,0,0,0,0,0,0,0,0,0,1.96705237403512,0,0,0,0,0,0,0,0
2025_16_NYJ_NO,16,NYJ,NO,-4.073707866948098,0.14095505885779858,-0.4182799580739811,-10.556851836212445,-0.8232710340525955,0,0,0,0,-8.347683343765446,0,0,-2.7499275185982697,0,0,0,0,0,0,0,0,0,0,0,0,0,0,0,0,0,0,0,0,0,0,0,0,0,0,0,0,0,0,0,0,0,0,0,0,0,0,0,0,0,0,0,0,0,0,0
2025_16_MIN_NYG,16,MIN,NYG,-2.598174365964951,-0.5450658068002667,-1.3964707851409912,-1.6164496370457417,0,-0.2784264708771831,0,0,0,0,0,0,1.3814446588906137,0,0,0,0,0,0,0,0,0,0,0,0,0,0,0,0,0,0,0,0,0,0,0,0,0,0,0,0,0,0,0,0,0,0,0,0,0,0,0,0,0,0,0,0,0,0,0
2025_16_MIN_NYG,16,NYG,MIN,-9.362520630912524,1.8091965528437868,-2.9984383498085663,0,0,0,0,0,0,0,0,0,0,0,0,0,0,-3.5890966791193932,0,0,0,0,0,0,0,0,0,0,0,0,0,0,0,0,0,0,0,0,0,0,0,0,0,0,0,0,0,0,0,0,0,0,0,0,0,0,0,0,0,0
2025_16_KC_TEN,16,KC,TEN,0,0,-1.0115075225476176,-14.531017670575178,0,0,0,0,0,3.785737921425607,0,0,0,0,0,0,0,0,0,0,0,0,0,0,0,0,0,0,0,0,0,0,0,0,0,0,0,0,0,0,0,0,0,0,0,0,0,0,0,0,0,0,0,0,0,0,0,0,0,0
2025_16_KC_TEN,16,TEN,KC,0,-6.0167062995024025,-2.581782469867795,-0.21018359018489718,0,0,0,0,0,6.2835219610715285,5.664169222931378,0,0,0,0,0,0,-1.2189409625716507,0,0,0,0,0,0,0,0,0,0,0,0,0,0,0,0,0,0,0,0,0,0,0,0,0,0,0,0,0,0,0,0,0,0,0,0,0,0,0,0,0,0
2025_16_ATL_ARI,16,ARI,ATL,-0.5559911653399467,-1.7761085492839355,-7.639029924856635,11.488296152866916,0,0,0,0,0,-0.11475226057027621,0,0,0,0,0,0,0,0,0,0,0,0,0,0,0,0,0,0,0,0,0,0,0,0,0,0,0,0,0,0,0,0,0,0,0,0,0,0,0,0,0,0,0,0,0,0,0,0,0,0
2025_16_ATL_ARI,16,ATL,ARI,8.766574316557488,-2.3942173536634073,0,-1.2931839182274416,0,0,0,0,0,0,0,0,0,-0.2404654118581675,0,0,0,0,0,0,0,0,0,0,0,0,0,0,0,0,0,0,0,0,0,0,0,0,0,0,0,0,0,0,0,0,0,0,0,0,0,0,0,0,0,0,0,0,0,0
2025_16_JAX_DEN,16,JAX,DEN,8.475407698915548,-3.969105524709448,0,-0.1677851188578643,0,3.6600495986058377,0,0,0,0,0,-0.020558938097742896,0,0.9633097358164378,0,0,0,0,0,0,0,0,0,0,0,0,0,0,0,0,0,0,0,0,0,0,0,0,0,0,0,0,0,0,0,0,0,0,0,0,0,0,0,0,0,0,0,0,0,0
2025_16_JAX_DEN,16,DEN,JAX,0,0,2.920556694152765,0,0,0,0,0,0,2.061362222625868,0,0,-6.131263966963161,0,0,0,0,0,0,0,0,0,0,0,0,0,0,0,0,0,0,0,0,0,0,0,0,0,0,0,0,0,0,0,0,0,0,0,0,0,0,0,0,0,0,0,0,0,0,0
2025_16_PIT_DET,16,DET,PIT,8.505626280469091,-3.9875274614896625,0,3.1982443555025384,0,0,0,0,0,0,0,0,0,-4.114632299228106,0,0,0,0,0,0,0,0,0,0,0,0,0,0,0,0,0,0,0,0,0,0,0,0,0,0,0,0,0,0,0,0,0,0,0,0,0,0,0,0,0,0,0,0,0,0
2025_16_PIT_DET,16,PIT,DET,1.52092630626548,3.1741048358380795,1.0579956171568483,5.730751089121495,0,0,0,0,0,0,0,0,0,1.8608940580743365,0,0,0,0,0,0,0,0,0,0,-0.705586240219418,0,0,0,0,0,0,0,-1.4566139141097665,0,0,0,0,0,0,0,0,0,0,0,0,0,0,0,0,0,0,0,0,0,0,0,0,0,0,0
2025_16_LV_HOU,16,LV,HOU,0,0,0,0,-11.646213588770479,0,0,0,0,10.169305563904345,0,0,0,0,0,0,0,0,0,0,0,0,0,0,0,0,0,0,0,0,0,0,0,0,0,0,0,0,0,0,0,0,0,0,0,0,0,0,0,0,0,0,0,0,0,0,0,0,0,0
2025_16_LV_HOU,16,HOU,LV,0,0,-8.687935648187352,0,-1.1342305801808834,0,0,0,0,1.8843561214453755,2.9704756331047975,0,-1.062292035203427,0,0,0,0.5514734421740286,0,0,0,0,0,0,0,0,0,0,0,0,0,0,0,0,0,0,0,0,0,0,0,0,0,0,0,0,0,0,0,0,0,0,0,0,0,0,0,0,0,0,0
2025_16_CIN_MIA,16,CIN,MIA,22.10822223347978,0.5931657691835426,0,0,0,0,0,0,0,0,0,0,0,0,0,0,0,0,0,0,0,0,0,0,0,0,0,0,0,0,0,0,0,0,0,0,0,0,0,0,0,0,0,0,0,0,0,0,0,0,0,0,0,0,0,0,0,0,0,0
2025_16_CIN_MIA,16,MIA,CIN,0,0,10.03963413782185,0,-3.5390562913380563,0,0,0,0,-2.458260813727975,-4.064775309176184,0,-3.308884693076834,0,0,0,0,0,0,0,0,0,0,0,0,0,0,0,0,0,0,0,0,0,0,0,0,0,0,0,0,-1.5305998180992901,0,0,0,0,0,0,0,0,0,0,0,0,0,0,0,0,0,0
2025_16_SF_IND,16,IND,SF,0,0,-0.4730180235346779,0,0,0,0,0,0,-2.59514223579479,1.7222614858854581,0,0,0,0,0,0,0,0,0,0,0,0,0,0,0,0,0,0,0,0,0,0,0,0,0,0,0,0,0,0,0,0,0,0,0,0,0,0,0,0,0,0,0,0,0,0,0,0,0
2025_16_SF_IND,16,SF,IND,0,0,0,0,7.342740607447922,0,0,0,0,7.799668150895741,4.378107420242982,0,0,0,0,0,0,0,0,0,0,0,0,0,0,0,0,0,0,0,0,5.849385795708631,0,0,0,0,0,0,0,0,0,0,0,0,0,0,0,0,0,0,0,0,0,0,0,0,0,0,0,0
2025_17_DAL_WAS,17,DAL,WAS,0,0,-6.86407187115401,6.421272084466182,0,16.913890378610343,0,0,0,2.4948057002159825,0,0,0,0,0,0,0,0,0,1.3848191164433956,0,0,0,0,0,0,0,0,0,0,0,0,0,0,0,0,0,0,0,0,0,0,0,0,0,0,0,0,0,0,0,0,0,0,0,0,0,0,0,0
2025_17_DAL_WAS,17,WAS,DAL,-2.4750020989449695,-0.09924441843759269,-2.352435381268151,5.736570160167645,0,0,0,2.482567106024362,0,6.680979305703659,0,0,0,0,0,0,0,0,0,0,0,0,0,0,0,0,0,0,0,0,0,0,0,0,0,0,0,0,0,0,0,0,0,0,0,0,0,0,0,0,0,0,0,0,0,0,0,0,0,0
2025_17_DET_MIN,17,MIN,DET,-14.319061371788386,0.9762855153530836,-3.256520170210697,-2.5270090573467314,0,0,0,0,0,4.556300270720385,0,0,0,-0.07972431019879878,0,0,0,0,0,0,0,0,0,0,0,0,0,0,0,0,0,0,0,0,0,0,0,0,0,0,0,0,0,0,0,0,0,0,0,0,0,0,0,0,0,1.013610053632874,0,0,0,0
2025_17_DET_MIN,17,DET,MIN,-11.695902628842239,-10.940417029894888,-7.68781052128179,0,0,0,0,0,0,0,0,0,0,0,0,0,0,0.6461792945046909,0,0,0,0,0,0,0,0,0,0,0,0,0,0,0,0,0,0,0,0,0,0,0,0,0,0,0,0,0,0,0,0,0,0,0,0,0,0,0,0,0,0
2025_17_DEN_KC,17,DEN,KC,0,-1.3223734861821868,-0.1908747381530702,10.336245628190227,0,0,0,0,0,3.734291153245301,-5.884896042989567,0,0,0,0,0,0,-0.6628536039497703,0,0,0,0,0,0,0,0,0,0,0,0,0,0,0,0,0,0,0,0,0,0,0,0,0,0,0,0,0,0,0,0,0,0,0,0,0,0,0,0,0,0
2025_17_DEN_KC,17,KC,DEN,-3.0296700247615345,1.3832592368125916,0,-2.227959572803229,0,-2.537696315383073,0,0,0,0,0,0,0,0,0,0,0,0,0,0,0,0,0,0,0,0,0,0,0,0,0,0,0,0,0,0,0,0,0,0,0,0,0,0,0,0,0,0,0,0,0,0,0,0,0,0,0,0,0,0
2025_17_SEA_CAR,17,CAR,SEA,-4.4875623194966465,0.3968847329961136,-0.6646875569131225,-7.241244509484143,0,-5.634100534312893,0,0,0,-0.9348508007824421,0,0,-4.683177713188343,0,0,0,0,0,0,0,0,0,0,0,0,0,0,-0.45687638403614983,0,0,0,0,0,0,0,0,0,0,0,0,0,0,0,0,0,0,0,0,0,0,0,0,0,0,0,0,0,0,0,0
2025_17_SEA_CAR,17,SEA,CAR,-0.66741391975665465,-0.34109893190907314,0,-6.705569874611683,0,5.523400011756186,0,0,0,0,0,0,0,0,0,0,0,-1.15405671793269,0,0,0,0,0,0,0,0,0,0,0,0,0,0,0,0,0,0,0,0,0,0,0,0,0,0,0,0,0,0,0,0,0,0,0,0,0,0,-0.13853927212767303,0,0,0
2025_17_ARI_CIN,17,CIN,ARI,7.925784511666279,2.3768405824375805,0,3.994038345583249,0,5.97803724615369,-0.19171590497566027,0,3.886933926027268,0,0,0,0,0.14391522269579582,0,0,0,0,0,0,0,0,0,0,0,0,0,0,0,0,0,0,0,0,0,0,0,0,0,0,0,0,0,0,0,0,0,0,0,0,0,0,0,0,0,0,0,0,0,0
2025_17_ARI_CIN,17,ARI,CIN,0,0,3.77429640898481,0,0,0,0,0,0,-2.4040757757029496,-2.587316387798637,0,-0.0770804759231396,0,0,0,0,0,0,0,0,0,0,0,0,0,0,0,0,0,0,0,0,0,0,0,0,0,0,0,0,0,0,0,0,0,0,0,0,0,0,0,0,0,0,0,0,0,0,0
2025_17_PIT_CLE,17,CLE,PIT,-3.4843095588988398,-6.072322568623349,0,-2.069936559884809,0,0,0,2.7024859332013875,0,0,0,0,0,-1.6037482360545745,0,0,0,0,0,0,0,0,0,0,0,0,0,0,0,0,0,0,0,0,0,0,0,0,0,0,0,0,0,0,0,0,0,0,0,0,0,0,0,0,0,0,0,0,0,0
2025_17_PIT_CLE,17,PIT,CLE,0,0,-2.300020049966406,0,0,0,0,0,0,-0.6825557518639198,-9.743653725716683,0,0,-3.596697744273115,0,0,0,2.2550003876676783,0,0,0,0,0,0,0,0,0,0,0,0,0,0,0,0,0,0,0,0,0,0,0,0,0,0,0,0,0,0,0,0,0,0,0,0,0,0,0,0,0,0
2025_17_BAL_GB,17,BAL,GB,4.199782217881875,8.186458920128644,0,2.2879860376706347,0,0,0,6.679098054784972,1.3081674673153372,0,0,0,0,0,0,0,0,0,0,0,0,0,0,0,0,0,0,0,0,0,0,0,0,1.7594411559402943,0.9057527160039172,0,0,0,0,0,0,0,0,0,0,0,0,0,0,0,0,0,0,0,0,0,0,0,0,0
2025_17_BAL_GB,17,GB,BAL,2.333453622937668,0,0,0,0,0,5.257784513840909,0,-3.20336317201145,0,0,0,0,0,0,0,0,0,0,0,0,0,0.8953707203036174,0,0,0,0,0,0,0,0,0,0,0,0,0,0,0,0,0,0,0,0,0,0,0,0,0,0,0,0,0,0,0,0,0,0,0,0,0
2025_17_JAX_IND,17,IND,JAX,0,0,-3.844441159570124,0,0,0,0,0,0,-2.6645718629588373,2.501551359659061,0,-5.8953353499602414,0,0,0,0,0,0,0,0,0,0,0,0,0,0,0,0,0,0,0.16052865044912323,0,0,0,0,0,0,0,0,0,0,0,0,0,0,0,0,0,0,0,0,0,0,0,0,0,0,0,0
2025_17_JAX_IND,17,JAX,IND,0,0,0,0,-6.139877151639666,0,0,0,0,3.106667908513235,0.5539680946887153,0,2.9516902127070352,0,0,0,0,0,0,0,0,0,0,0,0,0,0,0,0,0,0,0,0,0,0,0,0,0,0,0,0,0,0,0,0,-0.7505062048981204,0,0,0,0,0,0,0,0,0,0,0,0,0,0
2025_17_HOU_LAC,17,HOU,LAC,7.183875091548543,0.9084126821835525,-0.32781729858834296,0,0,-6.763602215331048,-0.3960593038934137,0,-9.083366203518722,0,0,0,0,0,0,0,0,0,0,0,0,0,3.5404487589839846,0,0,0,0,0,0,0,0,0,0,0,0,0,0,0,0,0,0,0,0,0,0,0,0,0,0,0,0,0,0,0,0,0,0,0,0,0
2025_17_HOU_LAC,17,LAC,HOU,0,0,-2.5275899549596943,0,-1.0743546850280836,0,0,0,0,-6.034394609526792,0,0,0,0,0,0,0.6809297924628481,0,0,0,0,0,0,0,0,0,0,0,0,0,0,0,0,0,0,0,0,0,0,0,0,0,0,0,0,0,0,0,0,0,0,0,0,0,0,0,0,0,0,0
2025_17_NYG_LV,17,NYG,LV,0,1.4786653780029155,5.957877747307066,-1.8789659170423239,0,0,0,0,0,6.945956500421744,1.3335229967487976,0,0,0,0,0,0.5059380712336861,0,0,0,0,0,0,0,0,0,0,0,0,0,0,0,0,0,0,0,0,0,0,0,0,0,0,0,0,0,0,0,0,0,0,0,0,0,0,0,0,0,0,0
2025_17_NYG_LV,17,LV,NYG,-4.549269236339825,1.2847618571249768,0,-8.233148200670257,0,-0.4897403186187148,0,-1.1790928058326244,0,0,0,0,0,0,0,0,0,0,0,0,0,0,0,0,0,0,0,0,0,0,0,0,0,0,0,0,0,0,0,0,0,0,0,0,0,0,0,0,0,0,0,0,0,0,0,0,0,0,0,0
2025_17_TB_MIA,17,MIA,TB,3.587459850287463,-2.3951934914803132,1.7240101249190047,0.021553623915588904,0,0,0,0,0,0.3078111775685102,0,0,0,0,0,0,0,0,0,0,0,0,0,0,0,0,0,0,0,0,0,0,0,0,0,0,0,0,0,0,0,0,0,0,0,0,0,0,0,0,0,0,0,0,0,0,0,0,0,0
2025_17_TB_MIA,17,TB,MIA,1.6495101153605238,0.8492371074389666,0,-0.007384191267192364,0,0,0,0,0,0,0,0,0,0,0,0,0,0,0,0,0,0,0,0,0,0,0,0,0,0,0,0,0,0,0,0,0,0,0,0,0,0,0,0,0,0,0,0,0,0,0,0,0,0,0,0,0,0,0,0
2025_17_NE_NYJ,17,NE,NYJ,0,0,8.31722550380686,0,-2.260859015310416,0,0,0,0,27.22122982435394,0,0,0,0,0,0,-1.3404199167271145,0,0.36309987973072566,0,0,0,0,0,0,0,0,0,0,0,0,0,0,0,0,0,0,0,0,0,0,0,0,0,0,0,0,0,0,0,0,0,0,0,0,0,0,0,0,0
2025_17_NE_NYJ,17,NYJ,NE,1.9709540649782866,-2.9768746402696706,0,-0.08622563979588449,0,0,-0.6168473994475789,0,-9.752600901048226,0,0,0,0,0,0,0,0,0,0,0,0,0,0,0,0,0,0,0,0,0,0,0,0,0,0,0,0,0,0,0,0,0,0,0,0,0,0,0,0,0,0,0,0,0,0,0,0,0,0,0
2025_17_NO_TEN,17,TEN,NO,0.7207063039531931,-1.19419574434869,0.6544605267699808,-6.372462539835924,-2.016871361178346,0,0,0,0,-9.425974200297205,-1.2781169735826552,-0.7968300295760855,0.6496091646840796,0,0,0,0,0,0,0,0,0,0,0,0,0,3.047991546220146,0,0,-0.21573066571727395,0,0,0,0,0,0,0,0,6.407523418776691,0,0,0,0,0,0,0,0,0,0,0,0,0,0,0,0,0,0,0,0,0
2025_17_NO_TEN,17,NO,TEN,0,0,-0.4191984692006372,0.9723800611690971,1.0432697373908013,0,0,0,0,8.957920697168447,0,0,0,0,0,0,0,0,0,0,0,0,0,0,0,0,0,0,0,0,0,0,0,0,0,0,0,0,0,0,0,0,0,0,0,0,0,0,0,0,0,0,0,0,0,0,0,0,0,0
2025_17_PHI_BUF,17,PHI,BUF,-6.915304314294835,3.0950943469651975,0,2.8294527851394378,0,0,0,-3.5476382153574377,-3.2910369876772165,0,0,0,1.4910148475319147,0,0,0,0,0,0,0,0,0,0,0,0,0,0,0,0,0,0,0,0,0,0,0,0,0,0,0,0,0,0,0,0,0,0,0,0,0,0,0,0,0,0,0,0,0,0,0
2025_17_PHI_BUF,17,BUF,PHI,-7.371554845609237,-1.8696384449722245,3.7264618258341216,0.8305592848919332,0,0,0,0,0,0,0,0,0,0,0,0,0,0,0,0,0,0,0,0,0,0,0,0,0,0,0,0,0,0,0,0,0,0,0,0,0,0,0,0,0,0,0,0,0,0,0,0,0,0,0,0,0,0,0,0
2025_17_CHI_SF,17,SF,CHI,0,0,-6.014575279230485,0,-0.44677827894338407,0,0,0,0,27.93047452540486,0,0,-1.686803807853721,0,0,0,0,0,0,0,0,0,0,0,0,0.47076664594351314,0.9234594769077376,0,0,0,0,-0.08415626996429637,0,0,0,0,0,0,0,0,0,0,0,0,0,0,0,0,0,0,0,0,0,0,0,0,0,0,0,0
2025_17_CHI_SF,17,CHI,SF,0,0,1.5520135260303505,0,-0.8606345359003171,0,0,0,0,18.84121526251474,0,0,0,0,0,0,0,1.797524034860544,0,0,0,0,0,0,0,0,0,0,0,0,0,0,0,0,0,0,0,0,0,0,0,0,0,0,0,0,0,0,0,0,0,0,0,0,0,0,0,0,0,0
2025_17_LA_ATL,17,ATL,LA,0,0,0.023460734216758095,-0.7345633393269964,0.23702990083256736,0,0,0,0,0,0,0,6.603194595773006,0,0,0,0,0,0,0,0,0,0,0,0,0,0,0,0,0,0,0,0,0,0,0,0,0,0,0,0,0,0,0,0,0,0,0,0,0,0,0,0,0,0,0,0,0,0,0
2025_17_LA_ATL,17,LA,ATL,3.9519380420679227,-1.2879619235754944,5.9469735188176855,-5.613540956421045,0,0.0058043767348863184,0,0,0,-9.508954406017438,0,0,-0.10059529755380936,0,0,0,0,0,0,0,0,0,0,0,0,0,0,0,0,0,0,0,0,0,0,0,0,0,0,0,0,0,0,0,0,0,0,0,0,0,0,0,0,0,0,0,0,0,0,0
2025_18_NO_ATL,18,ATL,NO,1.0217057408881374,0,0.8798586706398055,-10.920076151355397,-1.4109152216115035,0,0,0,0,-4.991872592161251,-0.8315177814987713,-0.09180421457858756,1.9204548075795174,0,0,0,0,0,0,0,0,0,0,0,0,0,0,-0.17215682019013911,0,0,0,0,0,0,0,0,0,0,0,0,0,0,0,0,0,0,0,0,0,0,0,0,0,0,0,0,0,0,0,0
2025_18_NO_ATL,18,NO,ATL,2.9889208589447662,-1.7671050776843913,-6.256723450729623,-4.22098894912051,0,0,0,-1.5988992782274,0,2.898992672365391,0,0,0,0,0,0,0,0,0,0,0,0,0,0,0,0,0,0,0,0,0.7598093327542301,0,0,0,0,0,0,0,0,0,0,0,0,0,0,0,0,0,0,0,0,0,0,0,0,0,0,0,0,0
2025_18_NYJ_BUF,18,BUF,NYJ,0,0,4.547871229908196,0.01369400485418737,2.340128103911411,0,0,0,0,20.776289631932976,0,0,0,0,0,0,-1.4144545074377675,0,0,0,0,0,0,0,0,-2.7529015047475696,0,0,0,0,0,0,0,0,0,0,0,0,0,0,0,0,0,0,0,0,0,0,0,0,0,0,0,0,0,0,0,0,0,0
2025_18_NYJ_BUF,18,NYJ,BUF,-12.03357160196174,0,0,0,0,0,0,0.010594031118787761,0,0,0,0,0,0,0,0,0,0,0,0,0,0,0,0,0,0,0,0,0,0,0,0,0,0,0,0,0,0,0,0,0,0,0,0,0,0,0,0,0,0,0,0,0,0,0,0,0,0,0,0
2025_18_DET_CHI,18,DET,CHI,0,0,-0.9122431499999948,0,0,0,0,0,0,11.83223370805987,0,0,0,0,0,0,0,-2.7043561243917793,0,0,0,0,0,0,0,0,0.7522307655598777,0,0,0,0,0.2631564633786865,0,0,0,0,0,0,0,0,0,0,0,0,0,0,0,0,0,0,0,0,0,0,0,0,0,0,0,0
2025_18_DET_CHI,18,CHI,DET,1.487461309763603,-6.170535588811617,6.670242744265357,-0.7337034532101825,0,0,0,0,0,0,0,0,0,0,0,0,0,0,0,0,0,0,0,0,0.6196051731531043,0,0,0,0,0,0,0,0,0,0,0,0,0,0,0,0,0,0,0,0,0,0,0,0,0,0,0,0,0,0,0,0,0,0,0
2025_18_CLE_CIN,18,CIN,CLE,0,0,-10.13547692541033,0,0,0,0,0,0,3.541066926365718,-1.1739076231606305,0,0,0,0,0,0,0,0,0,0,0,0,0,0,0,0.8754727696068585,0,0,0,0,0,0,0,0,0,0,0,0,0,0,0,0,0,0,0,0,0,0,0,0,0,0,0,0,0,0,0,0,0
2025_18_CLE_CIN,18,CLE,CIN,0,0,-0.4017261558910832,0,0,0,0,0,0,-6.315104328506638,-1.6586125200847164,0,-0.8786634267382074,0,0,0,0,2.7333873165771365,0,0,0,0,0,0,0,0,0,0,0,0,0,0,0,0,0,0,0,0,0,0,0,0,0,0,0,0,0,0,0,0,0,0,0,0,0,0,0,0,0,0
2025_18_LAC_DEN,18,LAC,DEN,-13.58106564171277,-12.303139753988944,0,-0.0442062426591292,0,-2.6791960517293774,0,0,0,0,0,0,0,0,0,0,0,0,0,0,0,0,0,0,0,0,0,0,0,0,0,0,0,0,0,0,0,0,0,0,0,0,0,0,0,0,0,0,0,0,0,0,0,0,0,0,0,0,0,0
2025_18_LAC_DEN,18,DEN,LAC,-5.874350999544869,1.357451868854696,-1.994982959702611,-4.541980186098954,0,0,0,0,0,0,0,0,0,0,0,0,0,0,0,0,0,0,0,0,0,0,0,0,0,0,0,0,0,0,0,0,0,0,0,0,0,0,0,0,0,0,0,0,0,0,0,0,0,0,0,0,0,0,0,0
2025_18_IND_HOU,18,HOU,IND,0,0,0,0,2.5690222705438632,0,0,0,0,3.3889916317303936,-3.4250251401659577,0,-2.1524439063784215,0,0,0,0,0,0,0,0,0,0,0,0,0,0,0,0,0,0,0,0,0,0,0,0,0,0,0,0,0,0,0,0,0,0,0,0,0,0,0,0,0,0,0,0,0,0,0
2025_18_IND_HOU,18,IND,HOU,0,0,7.250788633478805,-5.942216918425402,0,0,0,0,0,-6.9342834360523185,0,0,0,0,0,0,0,0,0,0,0,0,0,0,0,0,0,0,0,0,0,0,0,0,0,0,0,0,0,0,0,0,0,0,0,0,0,0,0,0,0,0,0,0,0,0,0,3.5125947825144976,0,0
2025_18_TEN_JAX,18,JAX,TEN,0,3.7212971421540715,7.057048070622841,1.0521620188402958,-1.157734190026531,0,0,0,0,3.853726259083487,0,0,0,0,0,0,0,0,0,0,0,0,0,0,0,0,0,0,0,0,0,0,0,0,0,0,0,0,0,0,0,0,0,0,0,0,0,0,0,0,0,0,0,0,0,0,0,0,0,0
2025_18_TEN_JAX,18,TEN,JAX,0,0,-2.493563676427584,0,-0.586299633141607,0,0,0,0,-2.967309392721015,0,0,-13.495337695725063,0,0,0,0,0,0,0,0,0,0,0,0,0,0,0,0,0,0,0,0,0,0,0,0,0,0,0,0,0,0,0,0,0,0,0,0,0,0,0,0,0,0,0,0,0,0,0
2025_18_ARI_LA,18,ARI,LA,0,0,3.2172882966697216,-0.2344696440268308,0,0,0,0,0,0,0,0,-8.87610109526363,0,0,0,0,0,0,0,0,0,0,0,0,0,0,0,0,0,0,0,0,0,0,0,0,0,0,0,0,0,0,0,0,0,0,0,0,0,0,0,0,0,0,0,0,0,4.4010514167603105,0
2025_18_ARI_LA,18,LA,ARI,8.115086519925386,6.881306131928005,0,0.6081076913978904,0,0,0,0,0,0,0,0,0,0,0,0,0,0,0,0,0,0,0.03259363952728034,0,0,0,0,0,0,0,0,0,0,0,0,0,0,0,0,0,0,0,0,0,0,0,0,0,0,0,0,0,0,0,0,0,0,0,0,0
2025_18_KC_LV,18,KC,LV,0,-1.2988854926079512,-5.040271317361559,-9.054297007853165,0,0,0,0,0,-13.517915105838112,-1.4334416433620394,0,-0.12576266331598163,0,0,0,0,0,0,0,0,0,0,0,0,0,0,0,0,0,0,0,0,0,0,0,0,0,0,0,0,0,0,0,0,0,0,0,0,0,0,0,0,0,0,0,0,0,0,0
2025_18_KC_LV,18,LV,KC,-1.1079710645135492,-7.080865308391011,-2.1578208795399405,-10.265413065390293,0,-0.32738694614356545,0,0.5508996024727821,0,-2.345678477664478,0,0,-3.09822195415346,0,0,0,0,0,0,0,0,0,0,0,0,0,0,0,0,0,0,0,0,0,0,0,0,0,0,0,0,0,0,0,0,0,0,0,0,0,0,0,0,0,0,0,0,0,0,-2.949867397896014
2025_18_GB_MIN,18,MIN,GB,0,2.4988611055305228,-3.0738615626760293,5.613171925964798,0,0,0,0,0,-4.049542265565833,0,0,0,0,0,0,0,0,0,0,0,0,0,0,0,0,0,0,0,0,0,0,0,0,0,0,0,0,0,0,0,0,0,0,0,0,0,0,0,0,0,0,0,0,0,0,0,0,0,0
2025_18_GB_MIN,18,GB,MIN,-13.287028832943179,0.5547061958756081,-3.066784051945433,0,0,0,0,0,0,0,0,0,0,0,0,0,0,0,0,0,0,0,0,0,0,0,0,0,0,0,0,0,0,0,0,0,0,0,0,0,0,0,0,0,0,0,0,0,0,0,0,0,0,0,0,0,0,0,0,0
2025_18_MIA_NE,18,NE,MIA,3.325880032840528,2.441629527020268,1.5658821922843345,7.399137437983882,0,0,0.2633547352818779,0,0,0,0,0,0,1.7791270327288657,0,0,0,1.6913951213355176,0,0,0,0,0,0,0,0,0,0,0,0,0,0,0,0,0,0,0,0,0,0,0,0,0,0,0,0,0,0,0,0,0,0,0,0,0,0,0,0,0,0
2025_18_MIA_NE,18,MIA,NE,-8.323622943758528,4.412784289510455,-5.604480634385254,0,0,0,0,-8.088892109459266,0,0,0,0,0,0,0,0,0,0,0,0,0,0,0,0,0,0,0,0,0,0,0,0,0,0,0,0,0,0,0,0,0,0,0,0,0,0,0,0,0,0,0,0,0,0,0,0,0,0,0,0
2025_18_DAL_NYG,18,NYG,DAL,2.312374859349802,-0.18644320772727951,1.0786643333123065,-0.7875863729366182,0,0,0,0,0,7.176104509388097,0,0,0,0,0,0,0,0,0,0,0,0,0,0,0,0,0,0,0,0,0,0,0,0,0,0,0,0,0,0,0,0,0,0,0,0,0,0,0,0,0,0,0,0,0,0,0,0,0,0
2025_18_DAL_NYG,18,DAL,NYG,2.7457201149434294,-1.676625735592097,0.32777308841468766,-4.781959455867764,0,0,0,-1.4393874667398934,0,0,0,0,0,0,0,0,0,0,0,0,0,0,0,0,0,0,0,0,0,0,0,0,0,0,0,0,0,0,0,0,0,0,0,0,0,0,0,0,0,0,0,0,0,0,0,0,0,0,0,0
2025_18_WAS_PHI,18,PHI,WAS,0,0,4.670459068554919,-7.22298343192185,0,2.2423485725885257,0,0,0,-6.883322658657562,0,0,0,0,0,0,1.651209250849206,0,0,0,0,0,0,0,0,0,0,0,0,0,0,0,0,0,0,0,0,0,0,0,0,0,0,0,0,0,0,0,0,0,0,0,0,0,0,0,0,0,0,0
2025_18_WAS_PHI,18,WAS,PHI,1.9606541668517172,-4.626745076995576,5.34237847206532,5.839898923877627,0,0,0,0,0,0,0,0,0,0,0,0,0,0,0,0,0,0,0,0,0,0,0,0,0,0,0,0,0,0,0,0,0,0,0,0,0,0,0,0,0,0,0,0,0,0,0,0,0,0,0,0,0,0,0,0
2025_18_BAL_PIT,18,BAL,PIT,-1.3541684212977998,13.645124058180954,0,-2.9188178208075066,0,0,0,0,0,0,0,0,0,0,0,0,0,0,0,0,0,0,0,0,0,0,0,0,0,0,-2.3616671282215975,0,0,0,0,0,0,0,0,0,0,0,0,0,0,0,0,0,0,0,0,0,0,0,0,0,0,0,0,0
2025_18_BAL_PIT,18,PIT,BAL,-1.5216018575010821,0.083025479252683,0,0,0,0,10.388773305039816,0,0.0024809956084936857,0,0,0,0,-6.883657535421662,0,0,0,0,0,0,0,0,0,-0.2741026221192442,0,0,0,0,0,0,0,0,0,0,2.0601758329721633,0,0,0,0,0,0,0,0,0,0,0,0,0,0,0,0,0,0,0,0,0,0,0,0,0
2025_18_SEA_SF,18,SEA,SF,0,0,0.48454660433344543,0,0,0,0,0,0,8.905749821774036,0,0,0,0,0,0,0,-2.18237846106058,0,0,0,0,0,0,0,0,0,0,0,0,0,0,0,0,0,0,0,0,0,0,0,0,0,0,0,0,0,0,0,0,0,0,0,0,0,0,0,0,0,0
2025_18_SEA_SF,18,SF,SEA,-1.3295168111137727,0,0,-10.795252262149006,0,-2.5544634854304604,0,0,0,0,0,0,-0.39837688964325935,0,0,0,0,0,0,0,0,0,0,0,0,0,0,0,0,0,0,0,0,0,0,0,0,0,0,0,0,0,0,0,0,0,0,0,0,0,0,0,0,0,0,0,0,0,0,0
2025_18_CAR_TB,18,TB,CAR,0.8940763742655515,-2.2641316694789566,0,4.349035417952109,0,-1.752858513421441,0,0,0,0,0,0,0,0,0,0,0,0,0,0,0,0,0,0,0,0,0,0,0,0,0,0,0,0,0,0,0,0,0,0,0,0,0,0,0,0,0,0,0,0,0,0,0,0,0,0,0,0,0,0
2025_18_CAR_TB,18,CAR,TB,4.199764582939679,-1.714999546064064,-6.821713177487254e-4,-4.2907052592312365,0,0,0.06592705319053493,0,0,0,0,0,0,0,0,0,0,0,0,0,0,0,0,0,0,0,0,0,0,0,0,0,0,0,0,0,0,0,0,0,0,0,0,0,0,0,0,0,0,0,0,0,0,0,0,0,0,0,0,0
2025_20_BUF_DEN,20,DEN,BUF,4.508671493676957,-0.1804832998313941,0,2.349649852152315,0,0,0,-0.4341463898308575,0,0,0,0,0,0,0,0,0,0,0,0,0,0,0,0,0,0,0,0,0,0,0,0,0,0,0,0,0,0,0,0,0,0,0,0,0,0,0,0,0,0,0,0,0,0,0,0,0,0,0,0
2025_20_BUF_DEN,20,BUF,DEN,-1.12267533513681,3.074643277825089,0,0.3549582524574362,0,6.271993596571872,0,0,0,0,0,-2.037139269273447,0,0,0,0,0,0,0,0,0,0,0,0,0,0,0,0,0,0,0,0,0,0,0,0,0,0,0,0,0,0,0,0,0,0,0,0,0,0,0,0,0,0,0,0,0,0,0,0
2025_20_SF_SEA,20,SF,SEA,-3.1877170026418753,-1.1694915633415803,0,-6.940371205564588,0,-5.494886113260005,0,-0.9214772302657366,0,0,0,0,-8.27153903740691,0,0,0,0,0,0,0,0,0,0,0,0,0,0,-0.2633052386227064,0,0,0,0,0,-1.1117869621375576,0,0,0,0,0,0,0,0,0,0,0,0,0,0,0,0,0,0,0,0,0,0,0,0,0,0
2025_20_SF_SEA,20,SEA,SF,0,0,0.864349942014087,0,1.3805734957568347,0,0,0,0,8.723346331511857,2.0367389082093723,0,0,0,0,0,0,0,0,0,0,0,0,0,0,0,0,0,0,0,0,0,0,0,0,0,0,0,0,0,0,0,0,0,0,0,0,0,0,0,0,0,0,0,0,0,0,0,0,0
2025_20_HOU_NE,20,NE,HOU,0,0,-0.5180018600076437,0,-1.744480484398082,0,0,0,0,-10.910920223919675,0,0,0,0,0,0,-1.487438079318963,0,0,0,-0.3001042822143063,0,0,0,0,0,0,0,0,0,0,0,0,0,0,0,0,0,0,0,0,0,0,0,0,0,0,0,0,0,0,0,0,0,0,0,0,0,0,0
2025_20_HOU_NE,20,HOU,NE,-7.215723735260152,-1.2600053069763817,2.9143710501957685,-11.86834567936603,0,-6.539569606906268,0,0,0,0,0,0,0,0,0,0,0,0,0,0,0,0,0,0,0,0,0,0,0,0,-0.607020104303956,0,0,0,-1.5659068274544552,0,0,0,0,0,0,0,0,0,0,0,0,0,0,0,0,0,0,0,0,0,0,0,0,0
2025_20_LA_CHI,20,CHI,LA,0,0,-8.352212815370876,1.7232386045507155,-1.8023637885635253,0,0,0,0,0,0,0,3.481531617435656,0,0,0,0,0,0,0,0,0,0,0,0,0,0,0,0,0,0,0,0,0,0,0,0,0,0,0,0,0,0,0,0,0,0,0,0,0,0,0,2.051602420397103,0,0,0,0,0,0,0
2025_20_LA_CHI,20,LA,CHI,0,0,-2.890977861592546,0,0,0,0,0,0,-0.25086097995517775,7.950151875720133,0,-2.753027973463759,0,0,0,0,0,0,0,0,0,0,0,0,0,1.4275392201379873,0,0,0,0,0,0,0,0,0,0,0,0.04106642119586468,0,0,0,0,0,0,0,0,0,0,0,0,0,0,0,0,0,0,0,0,0
2025_21_NE_DEN,21,DEN,NE,-12.448781573711301,-0.3706549779162742,-3.8979510409990326,-1.9432357898913324,0,0.519767693214817,0,0,0,0,0,0,0,0,0,0,0,0,0,0,0,0,0,0,0,0,0,0,0,0,0,0,0,0,0,0,0,0,0,0,0,0,0,0,0,0,0,0,0,0,0,0,0,0,0,0,0,0,0,0
2025_21_NE_DEN,21,NE,DEN,0.001876685234387221,-6.514110802410869,0,-2.2294329609413244,0,-0.958622008562088,0,0,0,0,0,-0.020899872794503893,0,1.669571894861292,0,0,0,0,0,0,0,0,0,0,0,0,0,0,0,0,-0.3706856996868737,0,0,0,0,0,0,0,0,0,0,0,0,0,0,0,0,0,0,0,0,0,0,0,0,0,0,0,0,0
2025_21_LA_SEA,21,LA,SEA,13.178120754135307,-1.7751870868378319,0,8.954043354548048,0,-5.161981572508713,2.0825906379614025,0,0,0,0,-0.04597465033293702,0,0,0,0,0,0,0,0,0,0,0,0,0,0,0,-0.1671047728159465,0,0,0.7670286106294952,0,0,0,0,0,0,0,0,0,0,0,0,0,0,0,0,0,0,0,0,0,0,0,0,0,0,0,0,0
2025_21_LA_SEA,21,SEA,LA,0,0,5.201991973386612,-0.24771762767340988,-0.635289256228134,0,0,0,0,-3.207924209535122,0,0,9.956270937669931,0,0,1.1560105080716312,0,0,0,0,0,0,0,0,0,0,0,0,0,0,0,0,0,0,0,0,0,0,0,0,0,0,0,0,0,0,0,0,0,0,0,0,0,0,0,0,0,0,0,0
2025_19_LA_CAR,19,CAR,LA,0,0,-7.994419703463791,-0.8442509082461795,-0.8072514000814408,0,0,0,0,0,0,0,8.361290625645779,0,0,0.6138546262518503,0,0,0,0,0,0,0,0,0,0,0,0,0,0,0,0,0,0,0,0,0,0,0,0,0,0,0,0,0,0,0,0,0,0,0,0,0,0,0,0,0,0,0,0
2025_19_LA_CAR,19,LA,CAR,-3.283945012648932,-1.2292407854110934,0,7.02207465498941,0,5.395165627181996,0,0,0,0,0,0,0,0,0,0,0,0,0,0,0,0,0,0,0,0,0,0,0,0,0,0,0,0,0,0,0,0,0,0,0,0,0,0,0,0,0,0,0,0,0,0,0,0,0,0,0,0,0,0
2025_19_GB_CHI,19,CHI,GB,-4.6212031276663765,-4.491871353122406,0,2.596561947954714,0,0,0,4.2608934315503575,6.365370658770191,3.035913026484195,0,0,0,0,0,0,0,0,0,0,0,0,0,0,0,0,0,0,0,0,0,0,0,0,1.053,0,0,0,0,0,0,0,0,0,0,0,0,0,0,0,0,0,0,0,0,0,0,0,0,0
2025_19_GB_CHI,19,GB,CHI,0,0,-1.3885437039425597,0,1.5317059708177112,0,0,0,0,13.612953195101822,0,0,0,0,0,0,0,0,0,0,0,0,0,0,0,0,1.7666273371723946,0,0,0,0,-1.2194272844475154,0,0,0,0,0,0,0,0,0,0,0,0,0,0,0,0,0,0,0,0,0,0,0,0,0,0,0,0
2025_19_BUF_JAX,19,JAX,BUF,6.898713929200312,-2.208146943943575,0,0.673124527966138,0,0,0,-1.0326899718493223,-1.3655321131990807,0,0,0,0,0,0,0,0,0,0,0,0,0,0,0,0,0,0,0,0,0,0,0,0,0,0,0,0,0,0,0,0,0,0,0,0,0,0,0,0,0,0,0,0,0,0,0,0,0,0,0
2025_19_BUF_JAX,19,BUF,JAX,0,0,5.940973292454146,0,0,0,0,0,0,9.455628515512217,0,0,-1.7288588265193534,0,0,0,0,0,0,0,0,0,0,0,0,0,0,0,0,0,0,0,0,0,0,0,0,0,0,0,0,0,0,0,0,0,0,0,0,0,0,0,0,0,0,0,0,0,0,0
2025_19_SF_PHI,19,SF,PHI,16.025974808610044,-8.611170797071676,0,0.809044077177532,0,0,-1.1587312747724354,0,0,0,0,0,0,0,0,0,0,0,0,0,0,0,0,0,0,0,0,0,0,0,0,0,0,0,0,0,-0.6492138482863083,0,0,0,0,0,0,0,0,0,0,0,0,0,0,0,0,0,0,0,0,0,0,0
2025_19_SF_PHI,19,PHI,SF,0,0,-0.5670140029978938,0,0,0,0,0,0,-5.638767973269056,0,0,0,0,0,0,0,0,0,0,0,0,0,0,0,0,2.4276610750239342,0,0,0,0,0,0,0,0,0,0,0,0,0,0,0,0,0,0,0,0,0,0,0,0,0,0,0,0,0,0,0,0,0
2025_19_LAC_NE,19,NE,LAC,-5.361479231229064,2.0422402833937667,0.6428344513988122,0,0,-2.468835764855612,4.746175249453066,0,-2.2686181738972664,0,0,-0.4839592635039156,0,0,0,0,0,0,0,0,0,0,0.7123271119198762,0,0,0,0,0,0,0,1.4667795153218322,0,0,0,0,0,0,0,0,0,0,0,0,0,0,0,0,0,0,0,0,0,0,0,0,0,0,0,0,0
2025_19_LAC_NE,19,LAC,NE,-3.015344741230365,-3.8194525895681046,0,0,0,-6.002734027046245,0,0,0,0,0,0,0,0,0,0,0,0,0,0,0,0,0,0,0,0,0,0,0,0,0,0,0,0,0,0,0,0,0,0,0,0,0,0,0,0,0,0,0,0,0,0,0,0,0,0,0,0,0,0
2025_19_HOU_PIT,19,PIT,HOU,0,0,-1.0986234119627625,0,-0.22282066103070974,0,0,0,0,-28.441973104790893,0,0,0,0,0,0,0,0,0,0,0,0,0,0,0,0,0,0,0,0,0,0,0,0,0,0,0,0,0,0,0,0,0,0,0,0,0,0,0,0,0,0,0,0,0,0,0,0,0,0
2025_19_HOU_PIT,19,HOU,PIT,4.3684942152653115,-1.881370410672389,0,-0.5691691942338366,0,0,0,0,0,0,0,0,0,2.9696273302542977,0,0,0,0,0,0,0,0,0,0,0,0,0,0,0,0,-0.63723774056416,0,0,0,0,0,0,0,0,0,0,0,0,0,0,0,0,0,0,0,0,0,0,0,0,0,0,0,0,0
2025_22_SEA_NE,22,SEA,NE,-0.4407887990257904,3.629271474084817,0,1.7308935499295401,0,-3.232902672838713,0,-2.446965649840422,0,0,0,0,0,0,0,0,0,0,0,0,0,0,0,0,0,0,0,0,0,0,0.16918466752395034,0,0,0,-3.155487696058117,0,0,0,0,0,0,0,0,0,0,0,0,0,0,0,0,0,0,0,0,0,0,0,0,0
2025_22_SEA_NE,22,NE,SEA,-4.797331490859389,-0.025916330981999636,0,2.1229756724787876,0,-6.757001829624642,0,0,0,0,0,0,-11.916870015033055,0,0,0,0,0,0,0,0,0,0,0,0,0,0,0,0,0,0,0,0,0,0,0,0,0,0,0,0,0,0,0,0,0,0,0,0,0,0,0,0,0,0,0,0,0,0,0
