nflverse_game_id,week,posteam,defteam,p_113,p_122,p_221,p_131,p_212,p_014,p_103,p_112,p_111,p_104,p_121,p_230,p_211,p_120,p_023,p_130,p_140,p_123,p_114,p_203,p_220,p_234,p_032,p_102,p_202,p_132,p_041,p_311,p_005,p_141,p_031,p_020,p_320,p_010,p_110,p_022,p_213,p_001,p_101,p_301,p_040
2025_01_DAL_PHI,1,DAL,PHI,7.479993361183399,3.500894497788977,-4.703437425778247,-0.7439778426778503,0.7994972032902297,-0.08504023239947855,0,0,0,0,0,0,0,0,0,0,0,0,0,0,0,0,0,0,0,0,0,0,0,0,0,0,0,0,0,0,0,0,0,0,0
2025_01_DAL_PHI,1,PHI,DAL,10.860189711905392,-2.188363970373757,0,0.7947328701266088,0,0,0,0,0,0,0,0,0,0,0,0,0,0,0,0,0,0,0,0,0,0,0,0,0,0,0,0,0,0,0,0,0,0,0,0,0
2025_01_KC_LAC,1,KC,LAC,8.486862240079017,-2.894621132236759,0,-0.7409351349342614,0,0,0,0,0,0,4.594753774115816,0.9192356745479628,0,0,0,0,0,0,0,0,0,0,0,0,0,0,0,0,0,0,0,0,0,0,0,0,0,0,0,0,0
2025_01_KC_LAC,1,LAC,KC,8.98601458213434,0.13477948406944051,0,0,0,0,1.230393797508441,1.157695781555958,1.2414140040054917,1.1993179137352854,3.5555260342662223,0,0,0,0,0,0,0,0,0,0,0,0,0,0,0,0,0,0,0,0,0,0,0,0,0,0,0,0,0,0
2025_01_TB_ATL,1,ATL,TB,9.905449706912055,-5.196186748857144,-1.1281350081262644,1.4131854182924144,0.6441937579074875,0,0,0,0,0,0,0,0,0,0,0,0,0,0,0,0,0,0,0,0,0,0,0,0,0,0,0,0,0,0,0,0,0,0,0,0
2025_01_TB_ATL,1,TB,ATL,9.218053344290643,1.2359773047501221,0,-1.7345726946368814,-0.7632680259412155,0,0,0,0,0,0,0,0,0,0,0,0,0,0,0,0,0,0,0,0,0,0,0,0,0,0,0,0,0,0,0,0,0,0,0,0
2025_01_CIN_CLE,1,CIN,CLE,1.2434063513093072,-3.176052432390861,0,-0.3422590047121048,0,0,0,0,0,0,-2.965284411155153,0,0,1.432382985309232,0,0,0,0,0,0,0,0,0,0,0,0,0,0,0,0,0,0,0,0,0,0,0,0,0,0,0
2025_01_CIN_CLE,1,CLE,CIN,-1.941385384687949,-3.630442565563772,0,-0.24748917552642524,0,0,0,0,0,0,0,0,2.1819357904605567,1.2024385108961724,0,0,0,0,0,0,0,0,0,0,0,0,0,0,0,0,0,0,0,0,0,0,0,0,0,0,0
2025_01_MIA_IND,1,IND,MIA,11.181373368453405,1.1104348762637901,0,3.431774349824991,0,0,0,0,0,0,0.47647289000451565,0,0,0,-0.7483068155124784,0,0,0,0,0,0,0,0,0,0,0,0,0,0,0,0,0,0,0,0,0,0,0,0,0,0
2025_01_MIA_IND,1,MIA,IND,-4.756905771326274,-1.1569317773245276,-0.2634167607757263,0,-5.893476883415133,0,0,0,0,0,0,0,0,0,0,0,0,0,0,0,0,0,0,0,0,0,0,0,0,0,0,0,0,0,0,0,0,0,0,0,0
2025_01_CAR_JAX,1,JAX,CAR,1.7595479980043187,6.722921764101516,0,-0.6676909996313043,-1.7424220922985114,0,0,-0.8977859341425729,0,0,1.3177923232433386,0,0,0,0,0,0,0,0,0,0,0,0,0,0,0,0,0,0,0,0,0,0,0,0,0,0,0,0,0,0
2025_01_CAR_JAX,1,CAR,JAX,-9.275017276779524,-3.2383955615223385,0,-1.1378660828340799,0.498621825769078,0,0,0,0,2.0521735423244536,0,0,0,0,0,0,0,0,0,0,0,0,0,0,0,0,0,0,0,0,0,0,0,0,0,0,0,0,0,0,0
2025_01_LV_NE,1,LV,NE,2.408581528508239,7.95261861729991,0,-4.216786602395587,0,0,0,0,0,0,0,0,0,0,0,0,0,0,0,0,0,0,0,0,0,0,0,0,0,0,0,0,0,0,0,0,0,0,0,0,0
2025_01_LV_NE,1,NE,LV,-1.2860588512000852,0.7925368256401271,1.198190369643271,0,-1.4135221623582765,0,0,-1.3222084914907568,0,0,-0.3039275766350329,0,0,0,0,-0.9150150035857223,0,0,0,0,0,0,0,0,0,0,0,0,0,0,0,0,0,0,0,0,0,0,0,0,0
2025_01_ARI_NO,1,ARI,NO,2.614386269334063,-1.4362444505095482,0,1.5295939960633405,0,0.11331955791683868,0,0,0,0,0,0,0,0,0,0,1.2559463963843882,0,0,0,0,0,0,0,0,0,0,0,0,0,0,0,0,0,0,0,0,0,0,0,0
2025_01_ARI_NO,1,NO,ARI,-0.17581635544122864,-5.17469022955629,0,0,-0.35512821725569665,0,0,-0.03609549533575773,0,0,0.6286707068793476,0,0,0,0,0.9418589170090854,0,0,0,0,0,0,0,0,0,0,0,0,0,0,0,0,0,0,0,0,0,0,0,0,0
2025_01_PIT_NYJ,1,NYJ,PIT,2.6321336051447295,8.734972091901117,0,0,2.1993015268817544,0,0,0,0,0,0,0,0,0,0,0,0,0,0,0,0,0,0,0,0,0,0,0,0,0,0,0,0,0,0,0,0,0,0,0,0
2025_01_PIT_NYJ,1,PIT,NYJ,7.328852605773136,1.5909508775185812,0,0.2033739561738912,1.8935811177361757,0,0,0,0,0,0,0,0,0,0,0,0,0,0,0,0,0,0,0,0,0,0,0,0,0,0,0,0,0,0,0,0,0,0,0,0
2025_01_NYG_WAS,1,WAS,NYG,3.6694273695757147,6.123400350130396,0,0,1.1923294079024345,-0.981141795986332,0,0,0,0,0,0,0,0,0.6148809462902136,0,0,0,0,-0.2129376963712275,0,0,0,0,0,0,0,0,0,0,0,0,0,0,0,0,0,0,0,0,0
2025_01_NYG_WAS,1,NYG,WAS,0,0,0,-1.377263731585117,0,0,0,0,0,0,0,0,0,0,0,0,0,-0.4120067955618718,-7.613906545786149,0,0,0,0,0,0,0,0,0,0,0,0,0,0,0,0,0,0,0,0,0,0
2025_01_TEN_DEN,1,TEN,DEN,-10.428728030804916,-12.495749535155483,0,0,0,0,0,0,0,0,0,0,0,-1.5564745205615522,0,0,0,0,0,0,0,0,0,0,0,0,0,0,0,0,0,0,0,0,0,0,0,0,0,0,0
2025_01_TEN_DEN,1,DEN,TEN,-2.321703647146933,-5.92146693921873,-0.7449439176707529,0,1.4957144174259156,0,0,-1.3002449200721458,0,0,-3.6350033601629548,0,1.9447291232063435,0,1.2770125188399106,0,0,0,0,-1.626606497215107,0,0,0,0,0,0,0,0,0,0,0,0,0,0,0,0,0,0,0,0,0
2025_01_SF_SEA,1,SEA,SF,-3.896272566243323,-3.5711544851073995,1.3128256232012063,0.09537548996740952,-3.019619621685706,0,0,0,0,0,0,0,-0.5514981909655035,0,0,0,0,0,0,0,0.543488016090123,0,0,0,0,0,0,0,0,0,0,0,0,0,0,0,0,0,0,0,0
2025_01_SF_SEA,1,SF,SEA,15.445518077578875,1.1090829027816653,-3.942906891577877,0,-3.339490025769919,0,0,0,0,0,0,0,0,0,0,0,0,0,0,0,0,0,0,0,0,0,0,0,0,0,0,0,0,0,0,0,0,0,0,0,0
2025_01_DET_GB,1,GB,DET,8.542953845599785,1.1076356890333008,0,-0.5660805983352475,1.5631866768817417,0,0,0,0,0,0,0,0,0,0,0,0,0,0,0,0,0,0,0,0,0,0,0,0,0,0,0,0,0,0,0,0,0,0,0,0
2025_01_DET_GB,1,DET,GB,-5.256938301025798,1.816938020172529,0,1.8787816113326699,-2.583459395682439,0,0,0,0,0,0,0,0,0,0,0,0,0,0,0,0,0,0,0,0,0,0,0,0,0,0,0,0,0,0,0,0,0,0,0,0
2025_01_HOU_LA,1,HOU,LA,-8.20818408801557,0.1947567390743643,1.711358513799496,0,-2.814461928792298,0,0,0,0,0,0,0,0,0,0,0,0,0,0,0,0,0,0,0,0,0,0,0,0,0,0,0,0,0,0,0,0,0,0,0,0
2025_01_HOU_LA,1,LA,HOU,-2.510344655136578,-1.6479507879703306,0,0,0,0,0,0,0,0,0,0,0,0,0,0,0,0,0,0,0,0,0,0,0,0,0,0,0,0,0,0,0,0,0,0,0,0,0,0,0
2025_01_BAL_BUF,1,BUF,BAL,11.852515244629554,-0.1467351836618036,2.320561854459811,3.4655897218035534,0.19447718712035567,0,0,0.579331237997394,0,0,0,1.0540653692441992,-0.42884620442055166,0,1.8717722288448355,0,0,0,0,0,0,0,0,0,0,0,0,0,0,0,0,0,0,0,0,0,0,0,0,0,0
2025_01_BAL_BUF,1,BAL,BUF,6.854307550867058,13.704940661671571,0,2.3168576516909525,2.5222640500287525,0,0,0,0,0,-5.2821719101048075,0,0,0,0,0,0,0,0,0,0,0,0,0,0,0,0,0,0,0,0,0,0,0,0,0,0,0,0,0,0
2025_01_MIN_CHI,1,MIN,CHI,-8.19048285115087,1.3579820053419098,0,2.9615488410927355,0.19200390542391688,0,0,0,0,0,0,0,0,0,0,-0.947,0,0,0,0,0,0,0,0,0,0,0,0,0,0,0,0,0,0,0,0,0,0,0,0,0
2025_01_MIN_CHI,1,CHI,MIN,-0.35153289442164914,-1.2913207207020605,0,-1.7949106534942985,0,1.8172652575885877,0,-0.24387227976694703,0,0,-1.0625393021618947,0,0,0,-0.6998965750972275,0,0,0,0,0,0,0.049861259874887764,0,0,0,0,0,0,0,0,0,0,0,0,0,0,0,0,0,0,0
2025_02_WAS_GB,2,GB,WAS,0.12497903267534438,2.4236983693554066,0,2.2654036873718724,2.6389585428405553,0,0,0,0,0,0,0,0,0,0,0,0,0,0,0,0,0,0,0,0,0,0,0,0,0,0,0,0,0,0,0,0,0,0,0,0
2025_02_WAS_GB,2,WAS,GB,-10.74752848605254,0.9816555230645463,0,0,0,3.1079317005933262,0,0,0,-0.2934699463658035,0,0,0,0,0,0,0,0,0,0,0,0,0,0,0,0,0,0,0,0,0,0,0,0,0,0,0,0,0,0,0
2025_02_CLE_BAL,2,CLE,BAL,-6.412861297244835,-12.566721292037982,0,0,0,0,0,0,0.7308576975483447,0,0,0,0,0,-1.4993420464452356,0,0,0,0,0,0,0,0,0,0,0,0,0,0,0,0,0,0,0,0,0,0,0,0,0,0
2025_02_CLE_BAL,2,BAL,CLE,4.625282128991586,-3.1586624766438716,0,3.9694099183543585,0,0,0,0,0,0,0,0,0,0,0,-0.21710452280240133,0,0,0,0,0,0,0,0,0,0,0,0,0,0,0,0,0,0,0,0,0,0,0,0,0
2025_02_JAX_CIN,2,JAX,CIN,8.479129674603012,5.941775494837202,0,0,0.2849300304078497,0,0,-8.20427650359639,0,0,0,0,0,0,0,0,0,0,0,0,0,0,0,0,0,0,0,0,0,0,0,0,0,0,0,0,0,0,0,0,0
2025_02_JAX_CIN,2,CIN,JAX,0.4410089275375557,1.132998828717973,0,-0.3501798384822905,0,0,0,0,0,0,0,0,0,0,0,0,0,0,0,0,0,0,0,0,0,0,0,0,0,0,0,0,0,0,0,0,0,0,0,0,0
2025_02_NYG_DAL,2,NYG,DAL,11.270980274830567,4.046000638161786,-0.8654121032450348,0.5640350081957877,0,0,0,0,0,0,0,0,0,0,0.02934328420087695,0,0,0,0,0,0,0,0,0,0,0,0,0,0,0,0,0,0,0,0,0,0,0,0,0,0
2025_02_NYG_DAL,2,DAL,NYG,10.957964838761892,0.8110592454031575,0.8833451976533979,0,-0.7170447886455804,3.2599219361436553,-0.46634071762673557,0,0,0,0,0,0,0,0,0,0,0,0,0,0,0,0,0,0,0,0,0,0,0,0,0,0,0,0,0,0,0,0,0,0
2025_02_CHI_DET,2,DET,CHI,17.03278568011698,6.717648118472425,0,0,0,0,0,0,0,0,-0.0014983848668634892,0,0,0,0,0,0,0,0,0,0,0,0,0,0,0,0,0,0,0,0,0,0,0,0,0,0,0,0,0,0
2025_02_CHI_DET,2,CHI,DET,-11.091889775532763,-0.2758527011901606,0,-1.6942692887969315,0,1.3363309061096516,0,0,0,0,0,0,0,0,0,0,0,0,0,0,0,0,0,0,0,0,0,0,0,0,0,0,0,0,0,0,0,0,0,0,0
2025_02_NE_MIA,2,NE,MIA,12.408188869742533,5.684106913628057,-1.027847649762407,1.0602526956936345,-1.6706690734717995,0,0,0,0,0,0,0,0,0,0,0,0,0,0,0,0,0,0,0,0,0,0,0,0,0,0,0,0,0,0,0,0,0,0,0,0
2025_02_NE_MIA,2,MIA,NE,7.068376158299012,-0.24429111403878778,0,0,-0.1771361951250583,0,0,0,0,-1.0706495784106664,0,0,0,0,0,0,0,0,0,0,0,0,0,0,0,0,0,0,0,0,0,0,0,0,0,0,0,0,0,0,0
2025_02_SF_NO,2,NO,SF,0.575092396024484,-5.36826189229032,0,-0.5480557505507022,1.660793874412775,0,0,0,0,0,0,0,0,0,0,0,0,0,0,0,0,0,0,0,0,0,0,0,0,0,0,0,0,0,0,0,0,0,0,0,0
2025_02_SF_NO,2,SF,NO,9.618728942724415,-2.135261856659781,2.0875738938339055,-0.5011051621986553,-3.005358970258385,0,0,0,0,0,0,0,0,0,0,0,0,0,0,0,0,0,0,0,0,0,0,0,0,0,0,0,0,0,0,0,0,0,0,0,0
2025_02_BUF_NYJ,2,NYJ,BUF,-10.608265639867177,-5.127955049159937,0,0,1.089955986943096,0,0,0,0,0,0,0,0.7659722606185824,0,0,0,0,0,0,0,0,0,0,0,0,0,0,0,0,0,0,0,0,0,0,0,0,0,0,0,0
2025_02_BUF_NYJ,2,BUF,NYJ,10.371705527857502,2.36804280616343,-0.19778434396721423,3.78864299929473,-0.9765660227858461,0,0,0,0,0,0.24928152561187744,0,0,0,-0.8972745577929615,0,0,0,0,0,0,0,1.2509052243549377,0,0,0,0,0,0,0,0,0,0,0,0,0,0,0,0,0,0
2025_02_SEA_PIT,2,SEA,PIT,-0.7097422528461008,9.993865316966549,-7.023595107137226,-0.03994421771494672,-2.9196367729455233,0,0,0,0,0,0,0,0,0,4.751648866030402,0,0,0,0,0,0,0,0,0,0,0,0,0,0,0,0,0,0,0,0,0,0,0,0,0,0
2025_02_SEA_PIT,2,PIT,SEA,1.3498730030260049,-9.481087290802312,0,-2.16900153642751,-1.5471946038596798,0,0,0,0,0,0,0,0,0,0,0,0,0,0,0.0841586961178109,1.053,0,0,0,0,0,0,0,0,0,0,0,0,0,0,0,0,0,0,0,0
2025_02_LA_TEN,2,TEN,LA,-12.03663648993789,1.6006385680520907,0,0,0,0,0,0,0,0,2.785128412535414,0,0,0,0,0,0,0,0,0,0,0,0,0,0,0,0,0,0,0,0,0,0,0,0,0,0,0,0,0,0
2025_02_LA_TEN,2,LA,TEN,15.155461979398886,5.745412837975891,0,0,0,0,0,0,0,-0.38249560724943876,0,0,0,0,0,0,0,0,0,0,0,0,0,0,0,0,0,0,0,0,0,0,0,0,0,0,0,0,0,0,0
2025_02_CAR_ARI,2,CAR,ARI,3.9979685538506744,-2.139610812257044,3.6758459475822747,0,-0.9719583538244478,0,0,0,0,0,-0.5231919654179364,0,0,0,0,-0.947,0,0,0,0,0,0,0,0,0,0,0,0,0,0,0,0,0,0,0,0,0,0,0,0,0
2025_02_CAR_ARI,2,ARI,CAR,-0.9703651957495327,6.254300223488826,0,-1.9578061738866381,0,0,0,0,0,0,-0.33262643148191273,0,0,1.6470317634521052,0,0,0,0,0,0,0,0,0,0,0,0,0,0,0,0,0,0,0,0,0,0,0,0,0,0,0
2025_02_DEN_IND,2,IND,DEN,12.647778269362158,2.4226121359388344,0,-5.681251412490383,0,0,0,0,0,0,0,0,0,0,0,0,0,0,0,0,0,0,0,0,0,0,0,0,0,0,0,0,0,0,0,0,0,0,0,0,0
2025_02_DEN_IND,2,DEN,IND,15.398078211836152,-3.447929667250719,3.182588831987232,0,-0.8162636372726411,0,0,0,0,0,-1.3450656462810002,0,0,0,0,0,0,0,0,0,0.5171892014914192,0,0,0,0,0,0,0,0,0,0,0,0,0,0,0,0,0,0,0,0
2025_02_PHI_KC,2,PHI,KC,-4.56546210874912,7.274042369273957,0,-1.8303481903276406,0,0,0,0.03667033213423565,0,0,0,0,0,0,0,0,0,0,0,0,0,0,0,0,0,0,0,0,0,0,0,0,0,0,0,0,0,0,0,0,0
2025_02_PHI_KC,2,KC,PHI,0.23176328758081777,-0.12267951160902157,1.4068106696358882,-0.1028509121388197,-4.019381553636706,0,0,0,0,0,0,0,0,0,0,-3.813302053255029,0,0,0,0,0,0,0,0,0,0,0,0,0,0,0,0,0,0,0,0,0,0,0,0,0
2025_02_ATL_MIN,2,ATL,MIN,-2.684167517774232,0.4538657127360963,0,0,0,0,0,0,0,0,0,0,0,0,0,0,0,0,0,0,0,0,0,0,0,0,0,0,0,0,0,0,0,0,0,0,0,0,0,0,0
2025_02_ATL_MIN,2,MIN,ATL,-18.566372424757112,-1.4356821223627776,0,0,-1.533583389944397,0,0,0,0,0,0,0,0,0,0,0,0,0,0,0,0,0,0,0,0,0,0,0,0,0,0,0,0,0,0,0,0,0,0,0,0
2025_02_LAC_LV,2,LV,LAC,-19.15830323875401,-3.5160434888093732,1.0078720146557316,-0.9034570176154375,0,0,0,0,0,0,-1.647614186629653,0,0,0,0,0,0,0,0,0,0,0,0,0,0,0,0,0,0,0,0,0,0,0,0,0,0,0,0,0,0
2025_02_LAC_LV,2,LAC,LV,7.631478663068265,0.7787551586516201,0,0,0,-0.015854654018767178,1.3472104407846928,-7.089886776753701,0.12163398810662329,4.615162367797504,-6.363941568299197,0,0,-2.8942789974162006,0,0,0,0,0,0,0,0,0,-0.38111723808106035,0,0,0,0,0,0,0,0,0,0,0,0,0,0,0,0,0
2025_02_TB_HOU,2,HOU,TB,-1.8807862050764315,-3.7196624205680564,0,0,0.18539537058677524,0,0,0,0,0,0,0,0,0,0,0,0,0,0,1.4695004205568694,0,0,0,0,0,0,0,0,0,0,0,0,0,0,0,0,0,0,0,0,0
2025_02_TB_HOU,2,TB,HOU,8.659838233035702,3.0867911607492715,0,0,0.42231407086364925,0,0,0,0,0,0,0,0,0,0,0,0,0,0,0,0,0,0,0,0,0,0,0,0,0,0,0,0,0,0,0,0,0,0,0,0
2025_03_MIA_BUF,3,MIA,BUF,1.4667406646767631,0,0,0,-1.0698330016457476,0,0,0,0,1.6693707818049006,0,0,0,0,0,0,0,0,0,0,0,0,0,0,0,0,0,0,0,0,0,0,0,0,0,0,0,0,0,0,0
2025_03_MIA_BUF,3,BUF,MIA,13.027451956765779,1.4139460234437138,-2.3829511283547617,1.3614044431014918,0.7836322002112865,0,0,-0.41357883089222014,0,0,1.2418541174265556,0,0,0,0.6268720812086956,0,0,0,0,0,0,0,0,0,0,0,0,0,0,0,0,0,0,0,0,0,0,0,0,0,0
2025_03_ATL_CAR,3,ATL,CAR,-19.97821685209705,-2.402395661221817,0,0,0,0,0,0,0,0,0,0,0,0,0,0,0,0,0,0,0,0,0,0,0,0,0,0,0,0,0,0,0,0,0,0,0,0,0,0,0
2025_03_ATL_CAR,3,CAR,ATL,-3.9151511434576625,-0.3965869735635543,0,1.3458231615368277,0.20731793297454715,0,0,0,0,0,2.425542840559501,0,0,0,0,0,0,0,0,0,0,0,0,0,0,0,0,0,0,0,0,0,0,0,0,0,0,0,0,0,0
2025_03_GB_CLE,3,CLE,GB,-4.500443374459822,-1.1681876648653997,0,-0.489261491689831,0,0,0,0,-1.1889031522441655,0,0,0,0,-0.11964383021404501,-2.086331812199205,0,0,0,0,0,0,0,0,0,0,0,0,0,0,0,0,0,0,0,0,0,0,0,0,0,0
2025_03_GB_CLE,3,GB,CLE,0.7720587621591446,-2.350452604703605,0,0,-0.8577062143012881,0,0,0,0,0,0,0,0,0,0,0,0,0,0,0,0,0,0,0,0,0,0,0,0,0,0,0,0,0,0,0,0,0,0,0,0
2025_03_HOU_JAX,3,HOU,JAX,-7.909612210163187,-0.21466973709175363,0,0,-3.699305448681116,0,0,0,0,0,0,0,0,0,0,0,0,0,0,-0.25210619368590415,0,0,0,0,0,0,0,0,0,0,0,0,0,0,0,0,0,0,0,0,0
2025_03_HOU_JAX,3,JAX,HOU,1.3770491439782817,-6.011057249591696,0,-1.1867099296068773,0.5324398707598448,0,0,-4.644339404650964,0,0,0,0,0,0,0,0,0,0,0,0,0,0,0,0,0,0,0,0,0,0,0,0,0,0,0,0,0,0,0,0,0
2025_03_CIN_MIN,3,MIN,CIN,3.465019970212289,1.935491273412481,0,0,0,0,0,0,0,0,0,0,0,0,0,0,0,0,0,0,0,0,0,0,0,0,0,0,0,0,0,0,0,0,0,0,0,0,0,0,0
2025_03_CIN_MIN,3,CIN,MIN,-17.569033952153745,-21.270374459098093,0,0.6717922260868363,0,0,0,0,0,0,0,0,0,0,0,0,0,0,0,0,0,0,0,0,0,0,0,0,0,0,0,0,0,0,0,0,0,0,0,0,0
2025_03_PIT_NE,3,NE,PIT,-2.549237316532526,-6.49447468816652,0,0.6888546929694712,0.21557742409640923,0,0,0,0,0,0,0,0,0,0,0,0,0,0,0,0,0,0,0,0,0,0,0,0,0,0,0,0,0,0,0,0,0,0,0,0
2025_03_PIT_NE,3,PIT,NE,-2.249630919075571,4.966302338987589,0,-1.8639835900976323,-0.031111255753785372,0,0,0,0,0,1.6501636551693082,0,0,0,0,0,0,0,0,0,0,0,0,0,0,0,0,0,0,0,0,0,0,0,0,0,0,0,0,0,0
2025_03_LA_PHI,3,LA,PHI,8.0900413094254109,-7.952788084279746,0,0,0,0,0,0,0,0,0,0,0,0,0,0,0,0,0,0,0,0,0,0,0,0,0,0,0,0,0,0,0,0,0,0,0,0,0,0,0
2025_03_LA_PHI,3,PHI,LA,-7.006067611466162,5.119459121837281,0,3.47818485845346,-0.8427773870062083,0,0,0,0,0,0,0,0,0,0,0,0,0,0,0,0,0,0,0,0,0,0,0,0,0,0,0,0,0,0,0,0,0,0,0,0
2025_03_NYJ_TB,3,NYJ,TB,-8.895207776210288,-2.5753454461228102,0,0,2.8046663065324537,0,0,0,0,0,0,0,0,0,0,0,0,0,0,0,0,0,0,0,0,0,0,0,0,0,0,0,0,0,0,0,0,0,0,0,0
2025_03_NYJ_TB,3,TB,NYJ,-0.3172238865512321,1.676651103538461,0,-1.5861689958255738,-0.7068761677364819,0,0,0,0,0,0,0,0,0,0,0,0,0,0,0,0,0,0,0,0,0,0,0,0,0,0,0,0,0,0,0,0,0,0,0,0
2025_03_IND_TEN,3,TEN,IND,-9.027959396310443,-0.44380867574363947,0,0,0,0,0,0,0,0,0,0,0,0.7241390402778052,0,0,0,0,0,0,0,0,0,0,0,0,0,0,0,0,0,0,0,0,0,0,0,0,0,0,0
2025_03_IND_TEN,3,IND,TEN,11.495126110817235,12.15416754828766,0,-0.7280845751520246,0,0,0,0,0,0,0,0,0,0,0,0,0,0,0,0,0,0,0,0,0,0,0,0,0,0,0,0,0,0,0,0,0,0,0,0,0
2025_03_LV_WAS,3,WAS,LV,-0.40664390214851087,-5.123542700777762,0,6.428035079850815,4.769395828479901,2.732253080466762,0,3.8746506471652538,0,0,0.2409204957075417,0,0,0,0,0,0,0,0,0,0,0,0,0,0,0,0,0,0,0,0,0,0,0,0,0,0,0,0,0,0
2025_03_LV_WAS,3,LV,WAS,-1.0403470431626776,2.617710728838574,0,0,0,0,0,0,0,0,0,0,0,0,0,0,0,0,0,0,0,0,0,0,0,0,0,0,0,0,0,0,0,0,0,0,0,0,0,0,0
2025_03_DEN_LAC,3,LAC,DEN,-0.5217105306765251,1.397376641340088,0,0,0,0,-3.3923938483931124,-2.455330356635386,0.6098642683355138,3.2692665912327357,0.47569994378872904,0,0,0,0,0,0,0,0,0,0,0,0,0,0,0,0,0,0,0,0,0,0,0,0,0,0,0,0,0,0
2025_03_DEN_LAC,3,DEN,LAC,-13.206007650290971,6.549443258205429,3.66895241237944,-1.0887411418370903,-0.29502015840262175,-1.0301170903228614,0,0,0,0,0,0,-1.6876321760937572,0,0,0,0,0,0,0,0,0,0,0,0.8378919130191207,0,0,0,0,0,0,0,0,0,0,0,0,0,0,0,0
2025_03_NO_SEA,3,NO,SEA,-1.6193315918746563,-3.9370023879455402,0,-1.9154293579049408,0,0,0,0,0,0,0,0,0,0,0,0,0,0,0,-0.5065728262998164,0,0,0,0,0,0,0,0,0,0,0,0,0,0,0,0,0,0,0,0,0
2025_03_NO_SEA,3,SEA,NO,3.439300258644149,5.998621265986003,-3.274669943959452,-2.0646382842678577,2.3166356270667166,0,0,-0.4508731198729947,0,0,0,0,0,0,0.874463502044111,0,0,0,0,-1.1856394279748201,0.6201973793213256,0,0,0,0,0,0,0,0,0,0,0,0,0,0,0,0,0,0,0,0
2025_03_DAL_CHI,3,CHI,DAL,7.3020627024059825,6.826799281057902,0,1.8453221474774182,0,-1.119488004827872,0,0,0,0,-0.5575891805347055,0,0,0,0.9104871936724521,0,0,0,0,0,0,0,0,0,0,0,0,0,0,0,0,0,0,0,0,0,0,0,0,0,0
2025_03_DAL_CHI,3,DAL,CHI,-2.8642549495256406,1.212641620368231,0.4335045461775735,0,-0.6302039972506464,0.03638322604820132,0,0,0,0,0,0,0,0,0,0,0,0,0,0.3136480103712529,0,0,0,0,0,0,0,0,0,0,0,0,0,0,0,0,0,0,0,0,0
2025_03_ARI_SF,3,ARI,SF,-2.442555836531488,1.2225844332424458,0,0.4901840368984267,0,0,0,-0.8039565202780068,0,0,1.368905765004456,0,2.432199670933187,0.7149215021927375,0,0,0,0,0,0,0,0,0,0,0,0,0,0,0,0,0,0,0,0,0,0,0,0,0,0,0
2025_03_ARI_SF,3,SF,ARI,-3.404231138855756,-1.1398955245385878,0,0,-0.08066460757981986,0,0,0,0,0,0,-1.1143408851348795,0,0,0,0,0,0,0,0,0,0,0,0,0,0,0,0,0,0,0,0,0,0,0,0,0,0,0,0,0
2025_03_KC_NYG,3,NYG,KC,-7.715978638269007,-0.7265945513089869,0,0,-0.3242715129163116,-0.2681461879401468,0,0,0,0,0,0,0,0,0,0,0,0,0,0,0,0,0,0,0,0,0,0,0,0,0,0,0,0,0,0,0,0,0,0,0
2025_03_KC_NYG,3,KC,NYG,16.03534540575362,-3.0487564918033807,0,-2.8804311618441716,2.3719286165433004,0,0,0,0,0,-0.6541503223124892,0,0,0,0,0,0,0,0,0,0,0,0,0,0,0,0,0,0,0,0,0,0,0,0,0,0,0,0,0,0
2025_03_DET_BAL,3,DET,BAL,16.319892477995808,4.769284395035356,0,3.7848592473892495,-0.6394460300216451,0,0,0,0,0,0,0,0,0,0,0,0,0,0,0,0,0,0,0,0,0,0,0,0,0,0,0,0,0,0,0,0,0,0,0,0
2025_03_DET_BAL,3,BAL,DET,9.214050976654814,-4.0605577145761345,0,3.20143529138295,0,0,0,0,0,0,0,0,0,0,0,-2.8853042007249314,0,0,0,0,0,0,0,0,0,0,0,0,0,0,0,0,0,0,0,0,0,0,0,0,0
2025_04_SEA_ARI,4,ARI,SEA,-0.10834650495691955,-3.6370837753638625,0,-0.29066172358579934,0,0,0,0,0,0,0,0,0,0,0,0,0,0,0,0,0,0,0,0,0,0,0,0,0,0,0,0,0,0,0,0,0,0,0,0,0
2025_04_SEA_ARI,4,SEA,ARI,8.00074231038441,4.461317924105627,0.5908065579424147,-3.65802230394911,-1.00274097424699,0,0,0,0,0,0,0,0,0,-0.7611013939604163,0,0,0,0,0,-0.6037836271279957,0,0,0,0,0,0,0,0,0,0,0,0,0,0,0,0,0,0,0,0
2025_04_MIN_PIT,4,PIT,MIN,6.508908613934182,2.3882148634947393,0.8360161200980656,-1.1575027198996395,-1.7476778489071876,0,0,3.4579757169121876,0,0,-0.635541335970629,0,0.4843466109596193,0,0,0,0,0,0,0,0,0,0,0,0,0,0,0,0,0,0,0,0,0,0,0,0,0,0,0,0
2025_04_MIN_PIT,4,MIN,PIT,-4.052687576711616,6.3465999127947725,0,0.3799013781826943,0,0,0,0,0,0,0,0,0,0,0,0,0,0,0,0,0,0,0,0,0,0,0,0,0,0,0,0,0,0,0,0,0,0,0,0,0
2025_04_WAS_ATL,4,ATL,WAS,10.33512827171944,8.510912362646426,0,0,-1.60804734879639,0,0,0,0,0,0,0,0,0,0,0,0,0,0,0,0,0,0,0,0,0,0,0,0,0,0,0,0,0,0,0,0,0,0,0,0
2025_04_WAS_ATL,4,WAS,ATL,6.744626196548428,2.371576063276734,-0.3381131772766821,-0.4814723082818091,-1.729694111389108,0,0,2.534309960436076,0,0,-0.3266661469386891,0,0,0,0,0,0,0,0,0,0,0,0.788208253448829,-1.6578776902751997,0,0,0,0,0,0,0,0,0,0,0,0,0,0,0,0,0
2025_04_NO_BUF,4,BUF,NO,3.187438275114119,-0.034572405042126775,0.48920279706362635,-0.09575742454035208,5.5816503841779195,0,0,0,0,0,0,0,0,0,0,0,0,0,0,0,0,0,0,0,0,0,0,0,0,0,0,0,0,0,0,0,0,0,0,0,0
2025_04_NO_BUF,4,NO,BUF,-12.232464207089102,8.108059007674456,1.2742875411640853,-1.911723853845615,-0.4758628713898361,0,0,0,0,0.5070105178747326,0,0,0,0,0,-0.947,0,0,0,0,0,0,0,0,0,0,0,0,0,0,0,0,0,0,0,0,0,0,0,0,0
2025_04_CLE_DET,4,DET,CLE,-3.92520335819035,-4.292258919769665,-0.2539994176477194,0,0,0,0,0,0,0,0,0,0,0,0,0,0,0,0,0,0,0,0,0,0,0,0,0,0,0,0,0,0,0,0,0,0,0,0,0,0
2025_04_CLE_DET,4,CLE,DET,-10.227838357622062,-13.53158328045071,0,-1.0245721186511219,0,0,0,2.171129833208397,0,0,0,0,0,0.4781388364499435,-0.1455159867182374,0,0,0,0,0,0,0,0,0,0,0,0,0,0,0,0,0,0,0,0,0,0,0,0,0,0
2025_04_TEN_HOU,4,TEN,HOU,-17.911955181597314,2.0855870831056844,0,0,0,0,0,-0.5578045300208032,0,0,0,0,0,0,0,0,0,0,0,0,0,0,0,0,0,0,0,0,0,0,0,0,0,0,0,0,0,0,0,0,0
2025_04_TEN_HOU,4,HOU,TEN,10.936234425193295,-4.236002139979973,0,0,0,0,0,2.0401364596327767,0,0,0,0,-1.8161323452368379,0,0,0,0,0,0,0,0,0,0,0,-0.3729310242924839,0,0,0,0,0,0,0,0,0,0,0,0,0,0,0,0
2025_04_CAR_NE,4,CAR,NE,-4.6162203820834256,2.5260459713172168,1.709202287485823,1.201036877115257,-0.4030232458608225,0,0,0,0,0,-2.511954756162595,0,0,0,0,0,0,0,0,0,0,0,0,0,0,0,0,0,0,0,0,0,0,0,0,0,0,0,0,0,0
2025_04_CAR_NE,4,NE,CAR,10.96500492026098,1.7254555534163956,0,0,4.017153255059384,0,0,0,0,0,-1.005709489574656,0,0,0,0,0.6260867821692955,0,0,0,0,0,0,0,0,0,0,0,0,0,0,0,0,0,0,0,0,0,0,0,0,0
2025_04_LAC_NYG,4,LAC,NYG,6.2146262591151515,0,0,-7.87802509724861,0,0,-0.4212426214944571,-0.42197897541336715,0,-4.617932899214793,0,0,0,0,0,0,0,0,0,0,0,0,0,0,0,0,0,0,0,0,0,0,0,0,0,0,0,0,0,0,0
2025_04_LAC_NYG,4,NYG,LAC,-2.0058011968021763,-3.536697798583191,0,0,0,0,0,0,0,0,0,0,0,0,0,0,0,0,0,0,0,0,0,0,0,0,0,0,0,0,0,0,0,0,0,0,0,0,0,0,0
2025_04_PHI_TB,4,TB,PHI,-9.186246796122031,0.78291041508782655,0,0,-0.20224536745809019,0,0,0,0,0.33959426637738943,0,0,0,0,0,0,0,0,0,0,0,0,0,0,0,0,0,0,0,0,0,0,0,0,0,0,0,0,0,0,0
2025_04_PHI_TB,4,PHI,TB,0.5237900710106129,2.034007244568784,0,-2.191031416412443,-2.700950227677822,0,0,0,0,0,0,0,0,0,0,-1.951239154965151,0,0,0,0,0,0,0,0,0,0,0,0,0,0,0,0,0,0,0,0,0,0,0,0,0
2025_04_IND_LA,4,IND,LA,-10.560635577376653,-0.033900397131219506,0,2.2166128917597234,0,0,0,0,0,0,0,0,0,0,0,0,0,0,0,0,0,0,0,0,0,0,0,0,0,0,0,0,0,0,0,0,0,0,0,0,0
2025_04_IND_LA,4,LA,IND,4.629272042979637,-3.2120338464155793,0,0,0,0,0,0,0,0,0,0,0,0,0,0,0,0,0,0,0,0,0,0,0,0,0,0,0,0,0,0,0,0,0,0,0,0,0,0,0
2025_04_JAX_SF,4,SF,JAX,6.200449958846267,-8.824546381481923,-2.5376491022179835,0,1.5977162662311457,0,0,0,0,0,0,0,0,0,0,0,0,0,0,0,0,0,0,0,0,0,0,0,0,0,0,0,0,0,0,0,0,0,0,0,0
2025_04_JAX_SF,4,JAX,SF,-3.1124758259393275,4.799951121545862,0,0.11600151238963008,1.0634384013246745,0,0,2.278821293890466,0,0,0,0,0,0,0,0,0,0,0,0,0,0,0,-0.5764837530441582,0,0,0,0,0,0,0,0,0,0,0,0,0,0,0,0,0
2025_04_BAL_KC,4,BAL,KC,-9.543746996459523,6.0702998492924305,0,-0.4730738341459073,0,0,0,0,0,0,0,0,0,0,0,0,0,0,0,0,0,0,0,0,0,0,0,0,0,0,0,0,0,0,0,0,0,0,0,0,0
2025_04_BAL_KC,4,KC,BAL,13.473528017876783,-1.5417497091984842,0,1.1154241272015497,-1.3162977052270435,0,0,1.9075825311010703,1.749325268319808,0,-0.46650044014677405,0,0,0,0,0,0,0,0,0,0,0,0,0,0,0,0,0,0,0,0,0,0,0,0,0,0,0,0,0,0
2025_04_CHI_LV,4,CHI,LV,3.3125645556181644,-8.537395960767753,0,-0.4242564566084184,0,-2.4398604903835803,0,0,0,0,0,0,0,0,-0.7620680085383356,0,0,0,0,0,0,0,0,0,0,0,0,0,0,0,0,0,0,0,0,0,0,0,0,0,0
2025_04_CHI_LV,4,LV,CHI,-1.9082057397681873,-7.807993713999167,0,0,0,0,0,0,0,0,-0.2675974068697542,0,0,0,0,0,0,0,0,0,0,0,0,0,0,0,0,0,0,0,0,0,0,0,0,0,0,0,0,0,0
2025_04_GB_DAL,4,GB,DAL,24.663499134792907,2.63159431272652,0,-1.1553672479349189,3.4028072389482986,0,0,0,0,0,0,0,0,0,0,0,0,0,0,0,0,0,0,0,0,0,0,0,0,0,0,0,0,0,0,0,0,0,0,0,0
2025_04_GB_DAL,4,DAL,GB,18.35839241167015,2.0959687771101017,-0.3393838405027054,0.4973336216935422,3.1319134967634454,0,0,0,0,0,0,-0.7812079754367005,0.19163577910512686,0,0,0,0,0,0,0,0,0,0,0,0,0,0,0,0,0,0,0,0,0,0,0,0,0,0,0,0
2025_04_NYJ_MIA,4,MIA,NYJ,1.0978981720131795,-0.7205846598371863,6.213254399423022,0,0.5518391720252112,0,0,0,0,0,0,0,0,0,0,0,0,0,0,0,0,0,0,0,0,0,0,0,0,0,0,0,0,0,0,0,0,0,0,0,0
2025_04_NYJ_MIA,4,NYJ,MIA,-0.9501247107723938,10.4792480980251,0,0,-1.0023730883840472,0,0,-0.6132524097338319,0,0,1.5341440419433638,0,-2.9444811653811485,0,0,0,0,0,0,0,0,0.13688082748558372,0,0,0,0,0,0,0,0,0,0,0,0,0,0,0,0,0,0,0
2025_04_CIN_DEN,4,CIN,DEN,-8.112892839945413,-0.18625288759358227,0,0,0,0,0,0,0,0,0,0,0,0,0,0,0,0,0,-1.0493446823675185,0,0,0,0,0,0,0,0,0,0,0,0,0,0,0,0,0,0,0,0,0
2025_04_CIN_DEN,4,DEN,CIN,9.583872209361289,5.086871686275117,0,0.7942282506846823,1.4514197362586856,2.6186427845968865,0,-1.1511020176112652,0,0,-2.3431143485940993,0,1.434440276119858,0,0,-1.3977175182080828,0,0,0,0,0,0,0,0,0,0,0,0,0,0,0,0,0,0,0,0,0,0,0,0,0
2025_05_SF_LA,5,SF,LA,2.985543171974318,-0.9176727409358136,-5.028782330977265,0,14.124967535724863,0,0,0,0,0,0,-0.3932538193766959,0,0,0,0,0,0,0,0,0,0,0,0,0,0,0,0,0,0,0,0,0,0,0,0,0,0,0,0,0
2025_05_SF_LA,5,LA,SF,6.427516257500068,0.1446039430447854,0,0,0,0,0,0,0,0,0,0,0,0,0,0,0,0,0,0,0,0,0,0,0,0,0,0,0,0,0,0,0,0,0,0,0,0,0,0,0
2025_05_MIN_CLE,5,CLE,MIN,-1.7474142195424065,-0.385170990251936,0,-3.940369969524909,0.8681404141243547,0,0,0,0.6083023368264548,0,1.5284813670441508,0,0,0,-0.10038264212216408,0,0,0,0,0,0,0,0,0,0,0,0,0,0,0,0,0,0,0,0,0,0,0,0,0,0
2025_05_MIN_CLE,5,MIN,CLE,12.076431940524554,-5.401862054946832,0,0,-1.4323993418365717,0,0,0,0,0,0,0,0,0,0,0,0,0,0,0,0,0,0,0,0,0,0,0,0,0,0,0,0,0,0,0,0,0,0,0,0
2025_05_HOU_BAL,5,HOU,BAL,22.27063305887079,0.23633478907868266,0,0,-0.36698291543871164,0,0.9971863214159384,-0.20972172124311328,0,0,0,0,0.8692530958393156,0,0,0,0,0,0,0,-0.9383421285601798,0,0,0,0.5226726366672665,0,0,0,0,0,0,0,0,0,0,0,0,0,0,0,0
2025_05_HOU_BAL,5,BAL,HOU,-3.9875328943890054,-12.416156186574137,0,2.4688476182636805,-0.04848842293722555,0,0,0,0,0,0,0,0,0,0,0,0.7245082195149735,0,0,0,0,0,0,0,0,0,0,0,0,0,0,0,0,0,0,0,0,0,0,0,0
2025_05_MIA_CAR,5,MIA,CAR,-4.044054498139303,3.7624840706479965,6.811786536127329,0,-2.89130845409818,0,0,0,0,0,0,1.1599747975124046,0,0,0,0,0,0,0,0,0,0,0,0,0,0,0,0,0,0,0,0,0,0,0,0,0,0,0,0,0
2025_05_MIA_CAR,5,CAR,MIA,12.575746927963337,-2.161162717937259,0.9381972190458328,-0.15919276792556047,-0.18062456278130412,0.22625063953866054,0,0,0,-1.992111999719083,0,0,0,0,0,1.3655236600898206,0,0,0,0,0,0,0,0,0,0,0,0,0,0,0,0,0,0,0,0,0,0,0,0,0
2025_05_LV_IND,5,IND,LV,10.9092781064976,3.189366514285328,0,1.81649847785593,0,0,0,-0.3657868691952899,0,0,2.8817603274947032,0,0,0,0.8245915671433323,0,0,0,0,0,0,0,0,0,0,0,0,0,0,0,0,0,0,0,0,0,0,0,0,0,0
2025_05_LV_IND,5,LV,IND,-10.809183037931877,2.6127084543113597,0,0,-0.1618598912609741,0,0,0,0,0,0,0,0,0,-4.986160667147487,0,0,0,0,0,0,0,0,0,0,0,0,0,0,0,0,0,0,0,0,0,0,0,0,0,0
2025_05_NYG_NO,5,NO,NYG,3.756921636120192,-1.893105263938196,0,6.595928728114814,0,0,0,0,0,0,0,0,0,0,0,0,0.37793479490490656,0,0,0,0,0,0,0,0,-2.2862901104963385,0.5967206038767472,0,0,0,0,0,0,0,0,0,0,0,0,0,0
2025_05_NYG_NO,5,NYG,NO,-19.721472192555666,-2.3511790733900853,0,2.698284513375256,0,0,0,0,0,0,0,0,0,0,0,0,0,0,0,0,0,0,0,0,0,0,0,0,0,0,0,0,0,0,0,0,0,0,0,0,0
2025_05_DAL_NYJ,5,NYJ,DAL,10.22561953504218,-0.5628158466424793,-3.540639827027917,0,-6.664536400523502,0,0,0,0,0,1.4489091754658148,0,-0.9225926762446761,0,0,0,0,0,0,0,0.6154910571058281,0,0,0,0,0,0,0,0,0,0,0,0,0,0,0,0,0,0,0,0
2025_05_DAL_NYJ,5,DAL,NYJ,9.81563136146552,3.4971650672960095,5.323903003358282,-0.09846078604459763,1.673402750864625,0,0,0,0,0,0,0,0,0,-0.5501736516598612,0,0,0,0,0,0,0,0,0,0,0,0,0,0,0,0,0,0,0,0,0,0,0,0,0,0
2025_05_DEN_PHI,5,DEN,PHI,5.2181599142204504,-0.2906310719698668,0,1.3320001595129725,0,-1.9815598637035614,0,-0.542803741293028,0,0,-0.8211089517571963,0,-0.5294094504788518,0,0,0,0,0,0,0.045269174966961145,0,0,0,0,1.0045879853423685,0,0,0,0,0,0,0,0,0,0,0,0,0,0,0,0
2025_05_DEN_PHI,5,PHI,DEN,-3.3556605648935744,4.5890318476594985,0,0,0,0,0,0,0,0,0,0,0,0,0,0,0,0,0,0,0,0,0,0,0,0,0,0,0,0,0,0,0,0,0,0,0,0,0,0,0
2025_05_TEN_ARI,5,ARI,TEN,-1.2485619353828952,-0.4551536529324949,-0.7133194706402719,1.2578176826355048,0,0,0,-0.4150792551226914,0,0,-3.3698591050342657,0,0,0,0,1.116580118832644,-0.2047606537817046,0,0,0,0,0,0,0,0,0,0,0,0,0,0,0,0,0,0,0,0,0,0,0,0
2025_05_TEN_ARI,5,TEN,ARI,1.6313733630866805,-3.4492037396412343,0,-0.18371945153921843,0.1816128034843132,0,0,-0.9066802074667066,0.5465347601566464,0,0.4977398425107822,0,0,0.5497730952338316,0,3.2990536419674754e-4,0,0,0,0,0,0,0,0,-0.4822529046796262,0,0,0,0,0,0,0,0,0,0,0,0,0,0,0,0
2025_05_TB_SEA,5,TB,SEA,19.262346351371697,5.221743500500452,0,0.8057378174853511,0.0620552686159499,0,0,0,0,-1.3021965726462805,0,0,0,0,0,0,0,0,0,0,0,0,0,0,0,0,0,0,0,0,0,0,0,0,0,0,0,0,0,0,0
2025_05_TB_SEA,5,SEA,TB,3.952311680302955,19.18486819352256,-0.27627312939148396,1.0199621101492085,0.17029543733224273,0,0,-5.438767098705284,0,0,0,0,0,0,0.28291532064661906,0,0,0,0,0,1.7709379548905417,0,0,0,0,0,0,0,0,0,0,0,0,0,0,0,0,0,0,0,0
2025_05_DET_CIN,5,DET,CIN,7.321659184002783,7.467884197481908,0,1.3848536334116943,-4.060064302408136,0,0,0,0,0,0,0,0,0,0,0,0,0,0,0,0,0,0,0,0,0,0,0,0,0,0,0,0,0,0,0,0,0,0,0,0
2025_05_DET_CIN,5,CIN,DET,11.694139859039986,-12.89330238691764,0,0,0,0,0,0,0,0,0,0,0,0,0,0,0,0,0,0,0,0,0,0,0,0,0,0,0,0,0,0,0,0,0,0,0,0,0,0,0
2025_05_WAS_LAC,5,LAC,WAS,-5.811888674882353,-1.2916108893114142,0,-0.8715375787578523,0,0,-0.874899688991718,2.310638638213277,0,-1.5666697919368744,-0.45824576378799975,0,0,0,0,-1.6592417483916506,0,0,0,0,0,0,0,0,0,0,0,0,0,0,0,0,0,0,0,0,0,0,0,0,0
2025_05_WAS_LAC,5,WAS,LAC,17.183969434962698,-4.044376926089171,0,0,0,-1.2458695070818067,0,1.0738515560515225,0,0,1.5682133025256917,0,0,0,0,0,0,0,0,0,0,0,0,0,0,0,0,0,0,0,0,0,0,0,0,0,0,0,0,0,0
2025_05_NE_BUF,5,NE,BUF,5.35242342254927,-0.841113861475425,-0.7534867762587965,-1.4951564944931306,2.511483149952255,0,0,0,0,0,0,0,0,0,0,-0.8546098942889504,0,0,0,0,0,0,0,0,0,0,0,0,0,0,0,0,0,0,0,0,0,0,0,0,0
2025_05_NE_BUF,5,BUF,NE,7.322372961906083,-1.1124354323837906,-8.496004458051175,1.2344201914966106,1.2184865025337785,-0.00966190782492049,0,0,0,0,0,0,0,0,0,0,0,0,0,0,0,0,0,0,0,0,0,0,0,0,0,0,0,0,0,0,0,0,0,0,0
2025_05_KC_JAX,5,JAX,KC,0,-3.382343915407546,0,-2.8265689604450017,-0.41479486296884716,0,0,14.46433226999148,-0.9325121873989701,0,0,0,0,0,0,0,0,0,0,0,0,0,0,0,0,0,0,0,0,0,0,0,0,0,0,0,0,0,0,0,0
2025_05_KC_JAX,5,KC,JAX,12.180956809548661,-5.739419911813457,0,4.468679249810521,0.29061464191181585,0,0,0,0,0,0,0,0,0,0,0,0,0,0,0,0,0,0,0,0,0,0,0,0,0,0,0,0,0,0,0,0,0,0,0,0
2025_06_PHI_NYG,6,PHI,NYG,-6.111549927537684,0.7251815255731344,0,1.3442667956114747,0,0,0,0,0,0,0.2704951863270253,0,0,0,0,0,0,0,0,0,0,0,0,0,0,0,0,0,0,0,0,0,0,0,0,0,0,0,0,0,0
2025_06_PHI_NYG,6,NYG,PHI,8.852620917605236,7.247095503174933,0,3.799539470055606,-0.964251065190183,0,0,0,0,0,0,0,0,0,0,0.5981666237930767,0,0,0,0,0,0,0,0,0,0,0,0,0,0,0,0,0,0,0,0,0,0,0,0,0
2025_06_DEN_NYJ,6,DEN,NYJ,-6.3827752150223125,-0.15483314025914297,-0.0276076786685735,-0.5033315937034786,0.3665584255941212,1.3542315598867622,0,-2.8822602313011885,0,0,0,0,0.1685581199126318,0,0,0,0,0,0,0,0,0,0,0,-0.4983506620628759,0,0,0,0,0,0,0,0,0,0,0,0,0,0,0,0
2025_06_DEN_NYJ,6,NYJ,DEN,-19.53292197006059,-4.647758097737096,0,0,0.8500276261474937,0,0,0,0,0,-1.4025865263538435,0,-0.31473577907308936,0,0,0,0,0,0,0,0,0,0,0,0,0,0,1.0702710826299153,0,0,0,0,0,0,0,0,0,0,0,0,0
2025_06_LA_BAL,6,BAL,LA,0.17106775962747633,-21.478195924218177,0,-3.139401037886273,0,0,0,0,0,0,0,0,0,0,0,-3.16813388915034,0,0,0,0,0,0,0,0,0,0,0,0,0,0,0,0,0,0,0,0,0,0,0,0,0
2025_06_LA_BAL,6,LA,BAL,3.506115304371278,-1.3044947306625545,0,-1.9298000253620557,0,0,0,0,0,0,0,0,0,0,0,0,0,0,0,0,0,0,0,0,0,0,0,0,0,0,0,0,0,0,0,0,0,0,0,0,0
2025_06_DAL_CAR,6,DAL,CAR,16.44033832797865,-0.9405959383002482,0.9071764688706025,0,-1.0784163419739343,0,0,-1.2481751894811168,0,0,0,0,0,0,0,0,0,0,0,0.4521580806467682,0,0,0,0,-0.7841542644309811,0,0,0,0,0,0,0,0,0,0,0,0,0,0,0,0
2025_06_DAL_CAR,6,CAR,DAL,5.1723155552185744,0.34203679056372494,0,2.752910538983997,4.109322265954688,0,0,0,0,0,0,0,0,0,0,0,0,0,0,0,0,0,0,0,0,0,0,0,0,0,0,0,0,0,0,0,0,0,0,0,0
2025_06_ARI_IND,6,IND,ARI,4.501858173321089,9.412780053011375,0,-4.517643134458922,0,0,0,0,0,0,0,0,0,0,0,0,0,0,0,0,0,0,0,0,0,0,0,0,0,0,0,0,0,0,0,0,0,0,0,0,0
2025_06_ARI_IND,6,ARI,IND,-6.81583221874319,10.590959171880968,0,0,0,0,-1.5769863585592248,5.4346876902272925,0,0,-1.3259157332358882,0,0,2.2640737216570415,-2.937534488795791,0,0,0,0,0,0,0,0,0,0,0,0,0,0,0,0,0,0,0,0,0,0,0,0,0,0
2025_06_SEA_JAX,6,JAX,SEA,-2.6434959217440337,0.7398953277152032,0,0,0,0,0,-2.380255067413633,0,0,0,0,0,0,0,-0.947,0,0,0,0,0,0,0,0,0,0,0,0,0,0,0,0,0,0,0,0,0,0,0,0,0
2025_06_SEA_JAX,6,SEA,JAX,-6.854397862770329,13.23439743439667,-2.081743751768954,-2.239552093378734,-1.028246331778012,0,0,0,0,0,0,0,0,0,0.05781962146284059,0,0,0,0,0,0,0,0,0,0,0,0,0,0,0,0,0,0,0,0,0,0,0,0,0,0
2025_06_LAC_MIA,6,MIA,LAC,1.7258969405626077,-0.7892085747811501,1.1805936902528629,-0.7032800343004055,0.3077545042033307,0,0,0,0,0,0,0,0,0,0,0,0,0,0,0,0,0,0,0,0,0,0,0,0,0,0,0,0,0,0,0,0,0,0,0,0
2025_06_LAC_MIA,6,LAC,MIA,-3.4441805018845084,2.9195732917869464,0,5.842746607138519,0,0,0,0,0,1.3372869868762791,0,0,0,0,0,0,0,0,0,0,0,0,0,0,0,0,0,0,0,0,0,0,0,0,0,0,0,0,0,0,0
2025_06_CLE_PIT,6,PIT,CLE,-2.7230454002204967,4.556079060272629,-0.0860161492601037,-0.5867247218859275,3.8155738660134375,0,0,2.098831099458039,0,0,-0.9140460976050235,0,0,0,0,0,0,0,0,0,0,0,0,0,0,0,0,0,0,0,0,0,0,0,0,0,0,0,0,0,0
2025_06_CLE_PIT,6,CLE,PIT,-0.49283100540334357,-7.57452680246206,-0.3608100973069668,-1.0821303990669549,0,0,0,-2.842289963387884,0,0,0.23877700371667743,0,0,2.5731439884984866,-0.15986112981350864,0,0,0,0,0,0,0,0,0,0,0,0,0,0,0,0,0,0,0,0,0,0,0,0,0,0
2025_06_SF_TB,6,TB,SF,11.38271857353536,1.7858394897922407,0,0.9305208842270076,-0.24413799797184765,0,0,0,0,0,0,0,0,0,0,0,0,0,0,0,0,0,0,0,0,0,0,0,0,0,0,0,0,0,0,0,0,0,0,0,0
2025_06_SF_TB,6,SF,TB,-9.231301036656813,-1.1790121634257957,1.69393410399789,0,1.174380183161702,0,0,0,0,0,0,1.3678721713949926,0,0,0,0,0,0,0,0,0,0,0,0,0,0,0,0,0,0,0,0,0,0,0,0,0,0,0,0,0
2025_06_TEN_LV,6,TEN,LV,-12.237862342909532,-0.020065410993993282,0,1.0614092289470136,-2.2732825158163905,0,0,0,0.6475942176766694,0,0.06257778708823025,0,-1.9489020768087357,0.5936909537413158,0,0,0,0,0,0,0,0,0,0,0,0,0,0,0,0,0,0,0,0,0,0,0,0,0,0,0
2025_06_TEN_LV,6,LV,TEN,1.8024424985633232,-4.444441284063663,0,0,0,0,0,0,0,0,0,0,0,-1.710402540746145,0,0,0,0,0,0,0,0,0,0,0,0,0,0,0,0,0,0,0,0,0,0,0,0,0,0,0
2025_06_CIN_GB,6,GB,CIN,5.185339487114339,8.785834003589116,0,-0.5636994474334642,-0.6017707160208374,0,0,0,0,0,0,0,0,0,0,0,0,0,0,0,0,0,0,0,0,0,0,0,0,0,0,0,0,0,0,0,0,0,0,0,0
2025_06_CIN_GB,6,CIN,GB,6.76574276170077,0.04162244260078296,0,0,0,0,0,0,0,0,0,0,0,0,0,0,0,0,0,0,0,0,0,0,0,0,0,0,0,0,0,0,0,0,0,0,0,0,0,0,0
2025_06_NE_NO,6,NO,NE,-5.519486299247586,1.4619306129752658,0.37237698753597215,-0.855049348785542,0,0,0,0,0,0,0,0,0,0,0,0,1.1653354454319924,0,0,0,0,0,0,0,0,0,0,0,0,0,0,0,0,0,0,0,0,0,0,0,0
2025_06_NE_NO,6,NE,NO,15.85699412099851,-5.539211267838255,0,0.5424938756041229,-0.8247552434913814,0,0,0,0,0,0,0,0,0,0,-0.6612610940500163,0,0,0,0,0,0,0,0,0,0,0,0,0,0,0,0,0,0,0,0,0,0,0,0,0
2025_06_DET_KC,6,DET,KC,2.4393294117762707,4.583353194990195,0,-3.7960920510813594,0,0,0,0,0,0,1.2700086500844918,0,0,0,0,0,0,0,0,0,0,0,0,0,0,0,0,0,0,0,0,0,0,0,0,0,0,0,0,0,0
2025_06_DET_KC,6,KC,DET,11.676408167824636,3.4719750482181553,0,-1.813850982056465,3.231296498561278,0,0,0,0,0,1.123317618330475,0,0,0,0,0.956179607543163,0,0,0,0,0,0,0,0,0,0,0,0,0,0,0,0,0,0,0,0,0,0,0,0,0
2025_06_BUF_ATL,6,ATL,BUF,-0.9492329701897688,9.828345441605332,0,-1.0677226235275157,1.7423206140520051,0,0,0,0,0,0,0,0,0,0,0,0,0,0,0,0,0,0,0,0,0,0,0,0,0,0,0,0,0,0,0,0,0,0,0,0
2025_06_BUF_ATL,6,BUF,ATL,-9.143653218547115,-2.5852628832217306,7.297673332912382,0,-1.505959814414382,0,0,0,0,0,0,0,0,0,0,0,0,0,0,0,0,0,0,0,0,0,0,0,0,0,0,0,0,0,0,0,0,0,0,0,0
2025_06_CHI_WAS,6,CHI,WAS,9.074810894745989,-1.1564145064912736,0,0,0,0.12991044754131575,0,0,0,0,0,0,0,0,0,0,0,0,0,0,0,0,0,0,0,0,0,0,0,0,0,0,0,0,0,0,0,0,0,0,0
2025_06_CHI_WAS,6,WAS,CHI,9.705423534945249,-2.6113584769773297,0,0,0,1.7846792209893465,0,-0.649158840358723,0,0,-7.5982184847816825,0,1.2186224926263094,0,0,0,0,0,0,0,0,0,0,0,0,0,0,0,0,0,0,0,0,0,0,0,0,0,0,0,0
2025_07_PIT_CIN,7,PIT,CIN,5.362135817995295,7.702242762432434,0.6696454414050095,3.268734469078481,-0.5228804111829959,0,0,1.0901491289841942,0,0,0,0,0,0,0,0,0,0,0,0,0,0,0,0,0,0,0,0,0,0,0,0,0,0,0,0,0,0,0,0,0
2025_07_PIT_CIN,7,CIN,PIT,23.143210632425003,0.44333056721370667,0,-0.5746036510681733,0,0,0,0,0,0,0,0,0,0,0,0,0,0,0,0,0,0,0,0,0,0,0,0,0,0,0,0,0,0,0,0,0,0,0,0,0
2025_07_LA_JAX,7,JAX,LA,0,0.6276423066155985,0,0,-0.44091130956076086,0,-2.012728255824186,-11.358096897732691,0,0,0,0,0,0,0,0,0,0,0,0,0,0,0,2.411989864660427,0,0,0,0,0,0,0,0,0,0,0,0,0,0,0,0,0
2025_07_LA_JAX,7,LA,JAX,6.112306943512522,0,0,9.917523938813247,0,0,0,0,0,0,0,0,0,0,0,0,0,0,0,0,0,0,0,0,0,0,0,0,0,0,0,0,0,0,0,0,0,0,0,0,0
2025_07_NO_CHI,7,CHI,NO,0.2336916621228573,1.766505589330336,0,2.989044367452152,0,0,0,0,0,0,0,0,0,0,0,0,0,0,0,0,0,0,0,0,0,0,0,0,0,0,0,0,0,0,0,0,0,0,0,0,0
2025_07_NO_CHI,7,NO,CHI,-0.8030699490143494,-8.075585553771816,-3.6191612003021874,-0.3639707281254232,0,0,0,0,0,0,0,0,0,0,0,0,0,0,0,0,0,0,0,0,0,0,0.9743987962137908,0,0,0,0,0,0,0,0,0,0,0,0,0,0
2025_07_MIA_CLE,7,CLE,MIA,4.972180122626014,-6.71005155901451,0,0,1.325850180350244,0,0,-0.583887753658928,0,0,0.9442287664860487,0,0,0.26018656231462955,0,0,0,0,0,0,0,0,0,0,0,0,0,0,0,0,0,0,0,0,0,0,0,0,0,0,0
2025_07_MIA_CLE,7,MIA,CLE,-11.090043162533668,-0.9694066533260446,2.323940046830103,0,-20.308242732833605,0,0,0,0,0,0,0,0,0,0,0,0,0,0,0,0,0,0,0,0,0,0,0,0,0,0,0,0,0,0,0,0,0,0,0,0
2025_07_LV_KC,7,LV,KC,-11.143759819067782,-9.511007093824446,0,-0.655235125683248,-0.7211226536892354,0,0,0,0,0,0,0,0,0,0,0,0,0,0,0,0,0,0,0,0,0,0,0,0,0,0,0,0,0,0,0,0,0,0,0,0
2025_07_LV_KC,7,KC,LV,4.682597388101396,9.423096681915922,0,-1.0161714932182804,0.31920021248515695,0,0,0.9048293784726411,0,0.8183838567929342,1.7519112257286906,2.166183802066371,0,0,0,0,0,0,0,0,0,0,0,0,0,0,0,0,0,0,0,0,0,0,0,0,0,0,0,0,0
2025_07_PHI_MIN,7,PHI,MIN,7.5881260892652325,2.4555895540397614,0,-0.2627231498481706,0.11892854853067547,0,0,5.839424783247523,0,0,-3.268271217995789,0,0,0,0,0,0,0,0,0,0,0,0,0,0,0,0,0,0,0,0,0,0,0,0,0,0,0,0,0,0
2025_07_PHI_MIN,7,MIN,PHI,-7.054645909130016,1.3598282901803032,0,0.6498687363346107,-1.0612227369565517,0,0,0,0,0,0,0,0,0,0,0,0,0,0,0,0,0,0,0,0,0,0,0,0,0,0,0,0,0,0,0,0,0,0,0,0
2025_07_CAR_NYJ,7,NYJ,CAR,-9.469384519735646,-4.944808228057809,-1.111430672230199,0,-0.07509932364337146,0,0,0,0,0,-0.34658806887455285,0,0,0,0,0,0,0,0,0,0,0,0,0,0,0,0,0,0,0,0,0,0,0,0,0,0,0,0,0,0
2025_07_CAR_NYJ,7,CAR,NYJ,-0.43024247914539826,-0.2449196010711603,-1.7350074991118163,-4.124433482182212,2.3685298711061478,-0.7803137151058763,0,0,0,-0.12313206621911377,0,0,0,0,0,0,0,0,0,0,0,0,0,0,0,0,0,0,0,0,0,0,0,0,0,0,0,0,0,0,0
2025_07_NE_TEN,7,TEN,NE,-13.207502399619974,2.000473589869216,0,-0.9901926853344776,0,0,0,0,0,0,-2.635997887235135,0,0,0,0,0,0,0,0,0,0,0,0,0,0,0,0,0,0,0,0,0,0,0,0,0,0,0,0,0,0
2025_07_NE_TEN,7,NE,TEN,16.078227483073864,1.5475623863749206,0,-0.1802346738986671,-0.8619798114523292,0,0,0,0,0,0,0,0,0,0,0,0,0,0,0,0,0,0,0,0,0,0,0,0,0,0,0,0,0,0,0,0,0,0,0,0
2025_07_NYG_DEN,7,NYG,DEN,24.614856553598774,-6.0145791651448235,0,-2.506737754039932,0,0,0,0,0,0,0,0,0,0,0,1.1365884792758152,0,0,0,0,0,0,0,0,0,0,0,0,0,0,0,0,0,0,0,0,0,0,0,0,0
2025_07_NYG_DEN,7,DEN,NYG,7.986554028117331,1.881694663374219,1.7414873223751783,-1.6925890704151243,0.05723045073682442,0,0,-0.82037357360241,0,0,0,-0.372014410502743,-0.5884004575200379,0,0,0,0,0,0,0,0,0,0,0,0,0,0,0,0,0,0,0,0,0,0,0,0,0,0,0,0
2025_07_IND_LAC,7,IND,LAC,21.22609093970107,3.7923687850125134,0,0.6694831802742556,0,0,0,-0.7814069754094817,0,0,0,0,0,0,0,0,0,0,0,0,0,0,0,0,0,0,0,0,0,0,0,0,0,0,0,0,0,0,0,0,0
2025_07_IND_LAC,7,LAC,IND,12.382345871439714,-2.1300654163351282,0,0,0,-4.6127684097155,0.06248558440711349,-1.2350561016937718,0,3.830725918058306,0.6070597177022137,0,0,0,0,0,0,0,0,0,0,0,0,0,0,0,0,0,0,0,0,0,0,0,0,0,0,0,0,0,0
2025_07_GB_ARI,7,ARI,GB,4.227877625918498,-3.7733125104554968,0,-1.3166234625387006,0,0,0.057375984732061625,1.4477508757845499,0,0,-0.8400214188732207,0,0,0,0,0,0,0,0,0,0,0,0,0,0,0,0,0,0,0,0,0,0,0,0,0,0,0,0,0,0
2025_07_GB_ARI,7,GB,ARI,6.513639638590027,3.3789927910547704,0,-1.7889775247313082,-0.8621283993124962,0,0,0,0,0,0,0,0,0,0,0,0,0,0,0,0,0,0,0,0,0,0,0,0,0,0,0,0,0,0,0,0,0,0,0,0
2025_07_WAS_DAL,7,DAL,WAS,15.963372807290796,-3.1640242236317135,-0.48108114721253514,-0.9062795299105346,-1.2092650965205394,2.3247868990292773,-1.6515393430599943,0,0,0,0,0,0,0,0,0,0,0,0,-0.2303771710721776,0,0,0,0,0,0,0,0,0,0,0,0,0,0,0,0,0,0,0,0,0
2025_07_WAS_DAL,7,WAS,DAL,-1.7254086963948794,-10.741666332716587,0,-2.4562053271802142,0,2.2495865740347654,0,0,0,0,2.123271929565817,0,0,0,0,0,0,0,0,0,0,0,0,0,0,0,0,0,0,0,0,0,0,0,0,0,0,0,0,0,0
2025_07_ATL_SF,7,ATL,SF,-14.533724916400388,4.234521308001975,0,0,2.9790483840042725,0,0,0,0,0,0,0,0,0,0,0,0,0,0,0,0,0,0,0,0,0,0,0,0,0,0,0,0,0,0,0,0,0,0,0,0
2025_07_ATL_SF,7,SF,ATL,6.259235810009612,0.26407885272055864,2.5407379257376306,0,-6.858378382836236,0,0,0,0,0,0,0,0,0,0,0,0,0,0,0,0,0,0,0,0,0,0,0,0,0,0,0,0,0,0,0,0,0,0,0,0
2025_07_HOU_SEA,7,SEA,HOU,-26.447035158625837,0.9552024971926585,-0.7649978446475769,-0.10708634566981345,4.034712955006398,2.4778651552041993,0,0,0,0,0,0,0,0,3.5041039544157684,0,0,0,0,0,1.105789780325722,0,0,0,0,0,0,0,0,0,0,0,0,0,0,0,0,0,0,0,0
2025_07_HOU_SEA,7,HOU,SEA,-10.200515247384814,-5.2141223905636,0,0,-0.8693644183222204,0,-2.4274337195965927,-1.6427649447869044,0,0,0,0,-2.276895036222413,0,0,0,0,0,0,0,0,0,0,0,0,0,0,0,0,0,0,0,0,0,0,0,0,0,0,0,0
2025_07_TB_DET,7,DET,TB,-12.382589157747526,7.184842781862244,0,-0.47357676818501204,0,0,0,0,0,0,0.7522390428930521,0,0,0,0,-0.5759525429457426,0,0,0,0,0,0,0,0,0,0,0,0,0,0,0,0,0,0,0,0,0,0,0,0,0
2025_07_TB_DET,7,TB,DET,-24.467121690893332,-0.8409057771787047,0,-0.4061701556202024,0,0,0,0,0,0,2.397331950138323,0,0,0,0,0,0,0,0,0,0,0,0,0,0,0,0,0,0,0,0,0,0,0,0,0,0,0,0,0,0
2025_08_MIN_LAC,8,MIN,LAC,-15.645189139684904,-2.0402138822246343,0,0,0,0,0,0,0,0,0,0,0,0,0,0,0,0,0,0,0,0,0,0,0,0,0,0,0,0,0,0,0,0,0,0,0,0,0,0,0
2025_08_MIN_LAC,8,LAC,MIN,9.855144999175852,-0.17632838868303224,0,-0.06738227885216475,0,0,1.8962323935659087,-1.2888742054346949,-0.8200086220167577,0,7.386929618918495,0,0,0,0,0,0,0,0,0,0,0,0,0,0,0,0,0,0,0,0,0,0,0,0,0,0,0,0,0,0
2025_08_MIA_ATL,8,MIA,ATL,-0.6278233724127191,-0.6504655601456761,0.16327406466007233,0,2.1440922672627494,0,1.1543594895629212,2.197829110256862,0,1.4795276736840606,0,0,-0.05827352637425065,0,0,0,0,0,0,6.222991756745614,0,0,0,0,0.30145617958623916,0,0,0,0,0,0,0,0,0,0,0,0,0,0,0,0
2025_08_MIA_ATL,8,ATL,MIA,-14.195204621355515,-2.539625544149185,0,0,2.7670805180678144,0,0,0,0,0,0,0,0,0,0,0,0,0,0,0,0,0,0,0,0,0,0,0,0,0,0,0,0,0,0,0,0,0,0,0,0
2025_08_CHI_BAL,8,CHI,BAL,6.094703982973867,-3.8934119836776517,0,0,0,-0.73738910688553,-1.3379918658174574,0,0,0,3.9451184780336916,0,0,0,0,-1.1291294159600511,0,0,0,0,0,0,0,0,0,0,0,0,0,0,0,0,0,0,0,0,0,0,0,0,0
2025_08_CHI_BAL,8,BAL,CHI,7.550819586426588,1.7411952972614704,5.491567114426289,-2.166918891191017,1.0018492134986445,0,0,0,0,0,0,0,0,0,0,0,0,0,0,0,0,0,0,0,0,0,0,0,0,0,0,0,0,0,0,0,0,0,0,0,0
2025_08_BUF_CAR,8,CAR,BUF,-15.599778412725666,-2.903133434825577,0,0.5244866239372641,-0.815857327892445,-0.3024306856095791,0,0,0,0,0,0,0,0,0,0,0,0,0,0,0,0,0,0,0,0,0,0,0,0,0,0,0,0,0,0,0,0,0,0,0
2025_08_BUF_CAR,8,BUF,CAR,8.88124008699357,0,4.79065143619664,2.2079720250330865,4.029366536182351,0,0,0,0,0,0,0,0.6963571664236952,0,0,0,0,0,0,0,0,0,0,0,0,0,0,0,0,0,0,0,0,0,0,0,0,0,0,0,0
2025_08_NYJ_CIN,8,CIN,NYJ,8.113728037354633,5.105536149610998,0,0,0,0.4338679765933193,0,0,0,0.8657893351046368,0,0,0,0,0,0,0,0,0,0,0,0,0,0,0,0,0,0,0,0,0,0,0,0,0,0,0,0,0,0,0
2025_08_NYJ_CIN,8,NYJ,CIN,10.25223881840858,10.44685256563492,0.7896050285780802,0,4.258706367196282,0,0,0,0,0,-2.5591917266428936,0,0.6988435832317919,0,0,0,0,0,0,0,0,0,0,0,0,0,0,0,0,0,0,0,0,0,0,0,0,0,0,0,0
2025_08_SF_HOU,8,HOU,SF,16.51806694231722,-2.568689242936671,0,0,-0.8825791252893396,0,4.373985404439736,0.0022733117955446858,0,0,0,0,0,0,0,0,0,0,0,0,0,0,0,0,-1.0254869560012594,0,0,0,0,0,0,0,0,0,0,0,0,0,0,0,0
2025_08_SF_HOU,8,SF,HOU,1.3067184780084062,-0.499477899633348,0,0,-2.66491524841683,0,0,0,0,0,0,0.7231044294021558,0,0,0,0,0,0,0,0,0,0,0,0,0,0,0,0,0,0,0,0,0,0,0,0,0,0,0,0,0
2025_08_CLE_NE,8,NE,CLE,-1.0645369160402502,4.276533025316894,0,2.439749975746963,0.4196987852919847,0,0,0,0,0,0,0,0,0,0,0,0,0,0,0,0,0,0,0,0,0,0,0,0,0,0,0,0,0,0,0,0,0,0,0,0
2025_08_CLE_NE,8,CLE,NE,-12.194230931655467,-0.4253123537199571,0,0,-1.6675308009143919,0,0,0,0,0,0.39941119705326855,0,0,0,-3.109684376104269,0,0,0,0,0,0,0,0,0,0,0,0,0,0,0,0,0,0,0,0,0,0,0,0,0,0
2025_08_NYG_PHI,8,PHI,NYG,9.897935337894296,14.062766925781034,0,-1.95911288051866,0,0,0,4.879094486939721,0,0,-0.4734864122001454,0,0,0,0,0,0,0,0,0,0,0,0,0,0,0,0,0,0,0,0,0,0,0,0,0,0,0,0,0,0
2025_08_NYG_PHI,8,NYG,PHI,-5.788518382986183,8.908711445343215,0,0,0,0,0,0,0,0,0,0,0,0,0,0,0,0,0,0,0,0,0,0,0,0,0,0,0,0,0,0,0,0,0,0,0,0,0,0,0
2025_08_TB_NO,8,NO,TB,-30.4029890244846,-3.2336201888974756,0,-0.4717691147234291,0,0,0,0,0,-0.5655234770383686,0,0,0,0,0,0,0,0,0,0,0,0,-0.49448896292597055,0,0,0,0.9464218802750111,0,0,0,0,0,0,0,0,0,0,0,0,0,0
2025_08_TB_NO,8,TB,NO,-2.045602629524431,-6.670825015520677,0,-0.7899050533305854,0,0,0,0,0,0,0,0,0,0,0,0,0,0,0,0,0,0,0,0,0,0,0,0,0,0,0,0,0,0,0,0,0,0,0,0,0
2025_08_DAL_DEN,8,DEN,DAL,18.94722313501433,2.554294943562243,-1.5711576855974272,1.3529006150492933,0.21127071988303214,0,0,0,0,0,-0.8664859497803263,0,0,0,1.409371235058643,1.3533833725959994,0,0,0,0,-0.6019736968446523,0,0,0,0,0,0,0,0,0,0,0,0,0,0,0,0,0,0,0,0
2025_08_DAL_DEN,8,DAL,DEN,8.815265269780394,3.201667193789035,1.246294708456844,0,-8.181003415316809,0,0,0,0,0,0,0.608848316129297,0,0,0,0,0,0,0,0,0,0,0,0,0,0,0,0,0,0,0,0,0,0,0,0,0,0,0,0,0
2025_08_TEN_IND,8,IND,TEN,16.226277547096497,-0.12312121322611347,0,-0.29471827019006014,2.1172994443331845,0,0,0,0,0,0.3923705262131989,0,0,0,0,0,0,0,0,0,0,0,0,0,0,0,0,0,0,0,0,0,0,0,0,0,0,0,0,0,0
2025_08_TEN_IND,8,TEN,IND,4.063200417382177,-5.053663447208237,0,0,-2.0894196038134396,0,0,0,0,0,0,0,0,0,0,0.5697350174887106,0,0,0,0,0,0,0,0,0,0,0,0,0,0,0,0,0,0,0,0,0,0,0,0,0
2025_08_GB_PIT,8,GB,PIT,12.099563256379394,9.702227758709341,0,-1.0436094076040376,0,0,0,0,0,0,0,0,0,0,0,0,0,0,0,0,0,0,0,0,0,0,0,0,0,0,0,0,0,0,0,0,0,0,0,0,0
2025_08_GB_PIT,8,PIT,GB,3.0389121945532978,-9.035035617656405,0,-1.254548053315375,0,0,0,0.9760127066401765,0,0,0,0,0,0,0,0,0,0,0,0,-0.947,0,0,0,0,0,0,0,0,0,0,0,0,0,0,0,0,0,0,0,0
2025_08_WAS_KC,8,WAS,KC,-7.775628810282797,-0.7636581988772377,0,0,0.6052607833407819,-0.5337439924478531,0,0,0,0,0,0,0,0,0,0,0,0,0,0,0,0,0,0,0,0,0,0,0,0,0,0,0,0,0,0,0,0,0,0,0
2025_08_WAS_KC,8,KC,WAS,8.453464822319802,5.7440584897994995,0,1.8681791611015797,0,0,0,-0.6366810986073688,2.394977171206847,0,0,-0.009622431884054095,0,0,0,0,0,0,0,0,0,0,0,0,0,0,0,0,0,0,0,0,0,0,0,0,0,0,0,0,0
2025_09_BAL_MIA,9,MIA,BAL,-8.492410636223621,-1.6902788530569524,0,0,-6.873515190248103,0,1.7348895192262717,0.2042039108928293,0,1.9272065139375627,0,0,0.18034654296934605,0,0,0,0,0,0,0,0,0,0,0,-0.29191156663000584,0,0,0,0,0,0,0,0,0,0,0,0,0,0,0,0
2025_09_BAL_MIA,9,BAL,MIA,2.9158370193908922,10.580762613739353,-2.7527252188301645,-0.5713523977901787,3.451639029546641,0,0,0,0,0,0,-1.9114690521382727,0,0,0,0,0,0,0,0,0,0,0,0,0,0,0,-0.24578949104761705,0,0,0,0,0,0,0,0,0,0,0,0,0
2025_09_CHI_CIN,9,CHI,CIN,27.162313068686352,-0.2751371142365969,0,0,0,2.5775145246298052,0,4.674447114462964,0,0,1.128533674017127,0,0,0,0,0,0,0,0,0,0,0,0,0,0,0,0,0,0,0,0,0,0,0,0,0,0,0,0,0,0
2025_09_CHI_CIN,9,CIN,CHI,18.720373709313666,-1.2885511854547076,0,0,0,0,0,0,0,-3.026142170303501,0.4548438701312989,0,0,0,0,0,0,0,0,0,0,0,0,0,0,0,0,0,0,0,0,0,0,0,0,0,0,0,0,0,0
2025_09_MIN_DET,9,DET,MIN,2.7761524044506527,-5.547030323883519,0,0,-2.3591881215106696,0,0,2.6727561997249722,0,0,-0.18047367956023663,0,0,0,0,0,0,0,0,0,0,0,0,0,0,0,0,0,0,0,0,0,0,0,0,0,0,0,0,0,0
2025_09_MIN_DET,9,MIN,DET,-3.0133712871458584,2.927626427379437,0,-0.2724500672193244,2.890668125124648,0,0,0,0,0,0,0,0,0,0,-2.591211462271139,0,0,0,0,0,0,0,0,0,0,0,0,0,0,0,0,0,0,0,0,0,0,0,0,0
2025_09_CAR_GB,9,CAR,GB,8.514581354509573,-2.537897372705629,0,0.5373642826711178,-0.5492697148583829,0.054706177848856896,0,0,0,0,0,0,0,0,0,0,0,0,0,0,0,0,0,0,0,0,0,0,-0.39695600094273686,0,0,0,0,0,0,0,0,0,0,0,0
2025_09_CAR_GB,9,GB,CAR,7.074950894007715,-6.033962350862566,0,0,-0.3924278293270618,0,0,0,0,0,0,0,0,0,0,0,0,0,0,0,0,0,0,0,0,0,0,0,0,0,0,0,0,0,0,0,0,0,0,0,0
2025_09_DEN_HOU,9,HOU,DEN,-7.632763845809912,-3.024150957353413,0,0,2.0583594186464325,0,-0.3939335491741076,-0.5845500704599544,0,0,0,0,-0.46440239367075264,0,0,0,0,0,0,0,-1.6546509463805705,0,0,0,-0.6285293226828799,0,0,0,0,0,0,0,0,0,0,0,0,0,0,0,0
2025_09_DEN_HOU,9,DEN,HOU,-2.658612987265343,-0.9993198767770082,1.7963270634645596,-3.0399538084166124,-0.6809255419648252,0,0,0,0,0,0,0,0,0,0,0,0,0,0,0,0,0,0,0,0,0,0,0,0,0,0,0,0,0,0,0,0,0,0,0,0
2025_09_ATL_NE,9,ATL,NE,-0.9551582689892588,3.0582150275586173,0,0,1.1241099637118168,0,0,0,0,0,0,0,0,0,0,0,0,0,0,0,0,0,0,0,0,0,0,0,0,0,0,0,0,0,0,0,0,0,0,0,0
2025_09_ATL_NE,9,NE,ATL,-2.1592070055959436,1.5361547426437028,0,0.8602377060451545,0,0,0,0,0,0,0.6350752338767052,0,0,0,0,0,0,0,0,0,0,0,0,0,0,0,0,0,0,0,0,0,0,0,0,0,0,0,0,0,0
2025_09_SF_NYG,9,NYG,SF,12.593460582617563,-2.7647542240752685,0,0,0,0,0,0,0,0,0,0,0,0,0,0,0,0,0,0,0,0,0,0,0,0,0,0,0,0,0,0,0,0,0,0,0,0,0,0,0
2025_09_SF_NYG,9,SF,NYG,4.435198901931006,3.3102611456997693,3.1897086945245974,0,8.894236826512497,0,0,0,0,0,0,0,0,0,0,0,0,0,0,0,0,0,0,0,0,0,0,0,0,0,0,0,0,0,0,0,0,0,0,0,0
2025_09_IND_PIT,9,PIT,IND,-4.477209804264451,0.5126744431473229,2.192141710082069,-3.9149758777057286,-0.4000827497802675,0,0,-1.2376810483110603,0,0,0,0,0,0,0,0,0,0,0,0,1.364922553068027,0,0,0,0,0,0,0,0,0,0,0,0,0,0,0,0,0,0,0,0
2025_09_IND_PIT,9,IND,PIT,-1.6574846956063993,-1.1059168226784095,0,0.49626563396304846,0,0,0,-6.356522388619991,0,0,1.685289135959465,0,0,0,0,-1.2251709350384772,0,0,0,0,0,0,0,0,0,0,0,0,0,0,0,0,0,0,0,0,0,0,0,0,0
2025_09_LAC_TEN,9,TEN,LAC,0.04243839477966871,-0.8716667516855523,0,0,-2.1199524644762278,0,0,-1.4827326444689044,0,0,-1.5461549505125731,0,0,-4.991004474810325,0,0,0,0,0,0,0,0,0,0,0,0,0,0,0,0,0,0,0,0,0,0,0,0,0,0,0
2025_09_LAC_TEN,9,LAC,TEN,-0.6176443995302174,0,0,0,0,0,0,1.9497823656420223,0,0,4.063081124710152,0,0,0,0,0,0,0,0,0,0,0,0,0,0,0,0,0,0,0,0,0,0,0,0,0,0,0,0,0,0
2025_09_NO_LA,9,NO,LA,-3.1188349438016303,-4.723292603506707,0,-0.7342881641816348,0,0,0,0,0,0,0,0,0,0,0,0,0,0,0,0,0,0,-0.5449473472544923,0,0,0.6478990998584777,0,0,0,-3.434821048984304,0,0,0,0,0,0,0,0,0,0,0
2025_09_NO_LA,9,LA,NO,11.974034376665795,0,0,11.617562151979655,0,0,0,0,0,0,0,0,0,0,0,0,0,0,0,0,0,0,0,0,0,0,0,0,0,0,0,0,0,0,0,0,0,0,0,0,0
2025_09_JAX_LV,9,JAX,LV,6.91554232526662,2.339531312813051,0,0,-1.702973691164516,0,0.5248465669574216,4.03334148862632,0,0,-1.9702331672306173,0,-0.3160163280554116,0,0,0,0,0,0,0,0,0,0,0,0,0,0,0,0,0,0,0,0,0,0,0,0,0,0,0,0
2025_09_JAX_LV,9,LV,JAX,7.475602592268959,5.900049944670116,0,-2.039222967461683,0,0,0,0,0,0,0,0,0,0,0,-0.9878852528636344,0,0,0,0,0,0,0,0,0,0,0,0,0,0,0,0,0,0,0,0,0,0,0,0,0
2025_09_KC_BUF,9,BUF,KC,8.531940841581672,0.5951000049244612,3.6467239221531096,0.9757204935303889,-0.7226680694147944,0,0,0,0,0,0,0,1.2513747242919635,0,0,0,0,0,0,0,0,0,0,0,0,0,0,0,0,0,0,0,0,0,0,0,0,0,0,0,0
2025_09_KC_BUF,9,KC,BUF,-4.707325361226905,-0.502408915282432,0,1.841530945384875,0.774274343624711,0,0,0,0,0,0,0,0,0,3.5050005026860163,0,0,0,0,0,0,0,0,0,0,0,0,0,0,0,0,0,0,0,0,0,0,0,0,0,0
2025_09_SEA_WAS,9,WAS,SEA,-5.263854002056178,2.1070326010813005,0,2.1015217551321257,-1.9973329733184073,0,0,0,0,0,0,0,0,0,0,0,0,0,0,-0.5336109390482306,0,0,0,0,0,0,0,0,0,0,0,0,0,0,0,0,0,0,0,0,0
2025_09_SEA_WAS,9,SEA,WAS,22.853559780391336,4.375372747133952,-0.46951377351069823,1.091431628447026,-0.2776204190449789,0,0,0,0,0,0,0,0,0,-3.977893604664132,0,0,0,0,0,-0.4100746350013651,0,0,0,0,0,0,0,0,0,0,0,0,0,0,0,0,0,0,0,0
2025_09_ARI_DAL,9,DAL,ARI,-9.05804267406659,-1.0028071425040253,-0.25120844854973257,0.7767258834792301,0,-0.12824458989780396,0,0,0,0,0,0,0,0,0,0,0,0,0,0,0,0,0,0,0,0,0,0,0,0,0,0,0,0,0,0,0,0,0,0,0
2025_09_ARI_DAL,9,ARI,DAL,10.13348870442882,0.5190201440709643,0,-1.860813625564333,0,0.8524318772833794,-0.9433425968163647,-1.5799082208541222,0,0,-0.3029389887233265,0,0,-0.6835958286537789,0.4829092992004007,1.3916050859261304,0,0,0,0,0,0,0,0,0,0,0,0,0,0,0,0,0,0,0,0,0,0,0,0,0
2025_10_LV_DEN,10,LV,DEN,-5.9707667636191895,-16.705654025368858,0,-0.8813429598230869,0,0,0,0,0,0,0,0,0,0,0,0,0,0,0,0,0,0,0,0,0,0,0,0,0,0,0,0,0,0,0,0,0,0,0,0,0
2025_10_LV_DEN,10,DEN,LV,-10.18030199710886,-3.090057536435779,1.5979799320339225,-4.031719361392031,-0.9298772210604511,0,0,-0.32409609225578606,0,0,-1.05974708404392,0,0,0,0,0,0,0,0,0,0,0,0,0,0,0,0,0,0,0,0,0,0,0,0,0,0,0,0,0,0
2025_10_ATL_IND,10,IND,ATL,-6.842087452954552,15.210347843007185,0,3.1348813489750027,0,0,0,0,0,0,0,0,0,0,0,0,0,0,0,0,0,0,0,0,0,0,0,0,0,0,0,0,0,0,0,0,0,0,0,0,0
2025_10_ATL_IND,10,ATL,IND,-2.8313256412220653,6.163227676836075,2.780645148945041,-0.48865198786370456,-5.978040116639912,0,0,0,0,0,0,0,0,0,0,0,0,0,0,0,0,0,0,0,0,0,0,0,0,0,0,0,0,0,0,0,0,0,0,0,0
2025_10_NO_CAR,10,CAR,NO,-17.37684028327389,-0.5348304838407785,0,-0.18998123775236309,0,0,0,0,0,2.19841375015676,0,0,0,0,0,0,0,0,0,0,0,0,0,0,0,0,0,0,0,0,0,0,0,0,0,0,0,0,0,0,0
2025_10_NO_CAR,10,NO,CAR,12.170088048733305,-5.156957205605263,0,2.983458141097799,0,0,0,0,0,0,0,0,0,0,0,-0.5716532029327936,-0.6778395886649378,0,0,0,0,0,0,0,0,1.8297879172605462,-1.2922663462813944,0,0,0,0,0,0,0,0,0,0,0,0,0,0
2025_10_NYG_CHI,10,CHI,NYG,-1.395517340048003,7.971776423975825,0,0,0,0,0,0,0,0,-1.5219536581425928,0,0,0,0,0,0,0,0,0,0,0,0,0,0,0,0,0,0,0,0,0,0,0,0,0,0,0,0,0,0
2025_10_NYG_CHI,10,NYG,CHI,-7.025473055294208,10.260092414335581,0,-3.6329982456518337,0,0,0,0,0,0,0,0,0,0,0,0,0,0,0,0,0,0,0,0,0,0,0,0,0,0,0,0,0,0,0,0,0,0,0,0,0
2025_10_JAX_HOU,10,HOU,JAX,11.066404627301324,-1.3199908631066792,0,0,-1.4031740503851324,0,0.14971715211868286,-0.7482005002093501,0,0,0,0,0,0,0,0,0,0,0,0,0,0,0,0,0,0,0,0,0,0,0,0,0,0,0,0,0,0,0,0,0
2025_10_JAX_HOU,10,JAX,HOU,-5.885247830402533,-0.16635741718346253,0,0,-1.690291678532958,0,0.51573785970686,-5.974540018592961,0,0,1.363335526548326,0,0,0,0,0,0,0,0,0,0,0,0,0,0,0,0,0,0,0,0,0,0,0,0,0,0,0,0,0,0
2025_10_BUF_MIA,10,MIA,BUF,0.38010130686806365,9.836836586007848,0.02738668629899621,0,4.269937049713917,0,-0.09647670295089483,-1.3931355047388934,0,0,0,0,3.3156030487734824,0,0,0,0,0,0,0.7098125745542347,0,0,0,0,-1.1219323565601371,0,0,0,0,0,0,0,0,0,0,0,0,0,0,0,0
2025_10_BUF_MIA,10,BUF,MIA,0.38568681482877587,-0.9820365277118981,-6.062259234429803,0.506984801730141,0,0,0,0,0,0,0,0,0.5375779685564339,0,0,0,0,0,0,0,0,0,0,0,0,0,0,0,0,0,0,0,0,0,0,0,0,0,0,0,0
2025_10_BAL_MIN,10,BAL,MIN,1.1435827341933704,-1.4317426212827002,-2.2710956760946583,0.5804405816015787,3.6545972031163982,0,0,0,0,0,0,0.7372766896733083,0,0,0,0,0,0,0,0,0,0,0,0,0,0,0,-0.6620902395807207,0,0,0,0,0,0,0,0,0,0,0,0,0
2025_10_BAL_MIN,10,MIN,BAL,-4.705493217353083,1.4275237931287847,-4.301973065827042,0,2.099221261916682,0,0,0,0,0,0,0,0,0,0,0,0,0,0,0,0,0,0,0,0,0,0,0,0,0,0,0,0,0,0,0,0,0,0,0,0
2025_10_CLE_NYJ,10,CLE,NYJ,3.33286259782103,-3.795846690032998,0,-1.5829196444246918,-1.6237230226397514,0,0,0,0,0,0.5042557017877698,0,0,0,0,0,0,0,0,0,0,0,0,0,0,0,0,0,0,0,0,0,0,0,0,0,0,0,0,0,0
2025_10_CLE_NYJ,10,NYJ,CLE,-6.3920750645267965,2.5878636607085355,0,0,-2.143900169117842,0,0,0,0,0,-5.78993634681683,0,0.2646096788230352,0,0,0,0,0,0,0,0,0,0,0,0,0,0,0,0,0,0,0,0,0,0,0,0,0,0,0,0
2025_10_NE_TB,10,TB,NE,2.196492240300489,0.09495794796384871,0,0.23725812329212204,1.1599106772337109,0,0,0,0,0,-0.05043937471043314,0,0,0,0,0,0,0,0,0,0,0,0,0,0,0,0,0,0,0,0,0,0,0,0,0,0,0,0,0,0
2025_10_NE_TB,10,NE,TB,2.697631201794138,3.909648953238502,0,0.0837198588415049,-0.49929731898009777,0,0,0,0,0,-1.017774190637283,0,0,0,0,6.443192458798876,0,0,0,0,0,0,0,0,0,0,0,0,0,0,0,0,0,0,0,0,0,0,0,0,0
2025_10_ARI_SEA,10,SEA,ARI,0.1044988926461603,1.4134965611447114,2.993818423245102,0,-6.279560233001403,0,0,0,0,0,0,0,1.2760746860003565,0,5.756048619834473,0,0,0,0,0,-0.26276340015465394,0,0,0,0,0,0,0,0,0,0,0,0,0,0,0,0,0,0,0,0
2025_10_ARI_SEA,10,ARI,SEA,-1.1550583488715347,0.17821219963673496,0,0.45576775074005127,0,0,0,-7.522905827965587,0,0,-3.1474642178509384,0,0,-4.212771556223743,-0.502487271791324,0,0,0,0,0,0,0,0,0,0,0,0,0,0,0,0,0,0,0,0,0,0,0,0,0,0
2025_10_LA_SF,10,LA,SF,12.993884833122138,1.1672225793008693,0,12.758532476436812,0,0,0,0,0,0,0,0,0,0,0,0,0,0,0,0,0,0,0,0,0,0,0,0,0,0,0,0,0,0,0,0,0,0,0,0,0
2025_10_LA_SF,10,SF,LA,-5.575619726339821,-1.557417601638008,7.048795721028,0,7.1617181687033735,0,0,0,0,0,0,0,0,0,0,0,0,0,0,0,0,0,0,0,0,0,0,0,0,0,0,0,0,0,0,0,0,0,0,0,0
2025_10_DET_WAS,10,WAS,DET,5.3826493447356265,2.3352120382043067,0.21745606244076043,-1.3876898442395031,2.457396278856322,0,0,0,0,0,0,0,0,0,0,0,0,0,0,0,0,0,0,0,0,0,0,0,0,0,0,0,0,0,0,0,0,0,0,0,0
2025_10_DET_WAS,10,DET,WAS,22.223366127345944,4.4429838648648,0,2.4898542564478703,0.3631420502788387,0,0,0.8814810309559107,0,0,4.1059135249233805,0,-0.598356390488334,0,0,0,0,0,0,0,0,0,0,0,0,0,0,0,0,0,0,0,0,0,0,0,0,0,0,0,0
2025_10_PIT_LAC,10,PIT,LAC,-2.9065595706444025,-16.109142372832764,-0.8103900868445635,0.25940780888777226,-1.278349376982078,0,0,0.34212385572027415,0,0,1.1095350579125807,0,0,0,0,0,0,0,0,0,0,0,0,0,0,0,0,0,0,0,0,0,0,0,0,0,0,0,0,0,0
2025_10_PIT_LAC,10,LAC,PIT,-3.6200687426424265,-2.709433516545687,0,0,0,2.204805021872744,0.5593935230281204,-3.098638155439403,0,0,-1.3747269294837534,0,0,0,0,0,0,0,0,0,0,0,0,0,0,0,0,0,0,0,0,0,0,0,0,0,0,0,0,0,0
2025_10_PHI_GB,10,GB,PHI,-10.575596410953308,1.2317748684436083,0,0,-0.9263209647033364,0,0.5850323567865416,-0.5542215269524604,0,0,0,0,0,0,0,0,0,0,0,0,0,0,0,0,0,0,0,0,0,0,0,0,0,0,0,0,0,0,0,0,0
2025_10_PHI_GB,10,PHI,GB,-2.607321990739478,-0.0454625622369349,0.8801982125150971,-0.6332621673354879,0,0,0,1.307643907610327,0,0,-3.2671536475536413,0,0,0,0,0,0,0,0,0,0,0,0,0,0,0,0,0,0,0,0,0,0,0,0,0,0,0,0,0,0
2025_11_NYJ_NE,11,NYJ,NE,1.1125005831709132,-4.912420752691105,0,0,-1.050630888203159,0,0,0,0,0,0,0,0,0,0,0,0,0,0,0,0,0,0,0,0,0,0,0,0,0,0,0,0,0,0,0,0,0,0,0,0
2025_11_NYJ_NE,11,NE,NYJ,2.7080961072959253,-0.04459448345005512,0,0,0,0,0,-0.8062355365254916,0.6071031470783055,3.395538419135846,3.0009893405949697,0,0,0,0,0,0,0,0,0,0,0,0,0,0,0,0,0,0,0,0,0,0,0,0,0,0,0,0,0,0
2025_11_WAS_MIA,11,MIA,WAS,-2.1186606098199263,1.9350837154389726,0.10672565904678777,0,-0.6962760969763622,0,0,-1.2962851709238516,0,-0.9381785728037357,1.6566974607412703,0,0.9043007089640014,0,0,0,0,0,0,0.9455255970242433,0,0,0,0,-0.8717158151557669,0,0,0,0,0,0,0,0,0,0,0,0,0,0,0,0
2025_11_WAS_MIA,11,WAS,MIA,9.87285951519285,-3.6098984690615907,0,-0.5247261056210846,0,-0.532309778034687,0,-0.017949426779523492,0,0,-0.9036488800193183,0,0,0,0,0,0,0,0,0,0,0,0,0,0,0,0,0,0,0,1.2035468449466862,0,0,0,0,0,0,0,0,0,0
2025_11_CAR_ATL,11,ATL,CAR,1.6604067792068236,5.981084539729636,0,0,-1.8161169388270362,0,0,0,0,0,0,0,0,0,0,0,0,0,0,0,0,0,0,0,0,0,0,0,0,0,0,0,0,0,0,0,0,0,0,0,0
2025_11_CAR_ATL,11,CAR,ATL,13.442356176916087,-5.190708170295693,-3.2825431158416905,1.5413892213412352,-0.49795698281377554,0,0,0,0,0,0,0,0,0,0,0,0,0,0,1.6180441288743168,0,0,0,0,0,0,0,0,0,0,0,0,0,0,0,0,0,0,0,0,0
2025_11_TB_BUF,11,TB,BUF,5.2709185871297795,0.18576841294998303,1.069069048971869,-1.1438290610094555,-0.5223540837178007,0,0,0,0,0,0,0,0,0,0,0,0,0,0,0,0,0,0,0,0,0,0,0,0,0,0,0,0,0,0,0,0,0,0,0,0
2025_11_TB_BUF,11,BUF,TB,13.59835703810677,6.081246152017956,-1.4625400998047553,0,-3.7650449185310864,0,0,0,0,0,0,0,1.251090548292268,0,0,0,0,0,0,0,0,0,0,0,0,0,0,0,0,0,0,0,0,0,0,0,0,0,0,0,0
2025_11_LAC_JAX,11,LAC,JAX,-20.68129654340923,0.5180278527550399,0,0,0,-0.46866716886870563,0,-1.3472859114408493,-0.6098014893941581,0,0,0,0,0,0,0,0,0,0,0,0,0,0,0,0,0,0,0,0,0,0,0,0,0,0,0,0,0,0,0,0
2025_11_LAC_JAX,11,JAX,LAC,13.50324212439591,-0.18872763437684625,0,0,0.14012720243772492,0,0,0.6276898083160631,0,0,-4.36316002192325,0,0,0,0,0,0,0,0,0,0,0,0,0,0,0,0,0,0,0,0,0,0,0,0,0,0,0,0,0,0
2025_11_CHI_MIN,11,MIN,CHI,-5.151111846887147,0.9532255672384053,0,0,-5.491456385876518,0,0,0,0,0,0,0,0,0,0,0,0,0,0,0,0,0,0,0,0,0,0,0,0,0,0,0,0,0,0,0,0,0,0,0,0
2025_11_CHI_MIN,11,CHI,MIN,2.667902008431059,-4.029687624290555,0,0.8254253236809745,0,-2.074006015434861,0,-0.9052099202526733,0,0,0.20025423755633742,0,0,0,0,0,0,0,0,0,0,0,-1.417242743074894,0,0,0,0,0,0,0,0,0,0,0,0,0,0,0,0,0,0
2025_11_GB_NYG,11,NYG,GB,1.8584917405387387,7.6492286901629996,0,-0.5456239227205515,0,0,0,0,0,0,0,0,0,0,0,0.7153571991075296,0,0,0,0,0,0,0,0,0,0,0,0,0,0,0,0,0,0,0,0,0,0,0,0,0
2025_11_GB_NYG,11,GB,NYG,11.719265907872003,7.000814296770841,0,0,-0.2754996719304472,0,0,0.8490951299318112,0,0,0,0,0,0,0,0,0,0,0,0,0,0,0,0,0,0,0,0,0,0,0,0,0,0,0,0,0,0,0,0,0
2025_11_CIN_PIT,11,PIT,CIN,9.02875156078866,0.9883144900086336,2.4834980370942503,-1.5829150733796062,0.7747771602589637,0,0,1.7739695867639966,0,0,-1.6097642036620528,0,-0.11429880833020434,0,0,0,0,0,0,0,0,0,0,0,0,0,0,0,0,0,0,0,0,0,0,0,0,0,0,0,0
2025_11_CIN_PIT,11,CIN,PIT,-9.936278039151585,-3.024541270526126,0,0,0,-0.6313054489822472,0,0,0,0,0,0,0,0,1.6069747982546687,0,0,0,0,0,0,0,0,0,0,0,0,0,0,0,0,0,0,0,0,0,0,0,0,0,0
2025_11_HOU_TEN,11,HOU,TEN,5.075553602369173,-1.166325522121042,0,0,-0.9579893510090187,-0.5885726899141446,-1.9663782646821346,0,0,0,0,0,0,0,0,0,0,0,0,0.6984624535543844,0,0,0,0,-5.666234829113819,0,0,0,0,0,0,0,0,0,0,0,0,0,0,0,0
2025_11_HOU_TEN,11,TEN,HOU,-3.552528125543401,-0.5797189635341056,0,0,-0.07510831765830517,0,0,-1.092581748496741,0,0,-0.37725503579713404,0,0,0,0,0,0,0,0,0,0,0,0,0,0,0,0,0,0,0,0,0,0,0,0,0,0,0,0,0,0
2025_11_SF_ARI,11,SF,ARI,0.698915940444241,-1.8452331343432888,-0.9981964770704508,0,12.11992176482454,0,0,0,0,0,0,0,0,0,0,0,0,0,0,0,0,0,0,0,0,0,0,0,0,0,0,0,0,0,0,0,0,0,0,0,0
2025_11_SF_ARI,11,ARI,SF,15.598359968185633,-15.966153362940531,0,-1.42461035476299,0,0,0,0.5202675040345639,0,0,0.2728334632702172,0,0,-0.947,0,0,0,0,0,0,0,0,0,0,0,0,0,0,0,0,0,0,0,0,0,0,0,0,0,0,0
2025_11_SEA_LA,11,LA,SEA,1.7636350953252986,0,0,-11.658175669552293,0,0,0,0,0,0,0,0,0,0,0,0,0,0,0,0,0,0,0,0,0,0,0,0,0,0,0,0,0,0,0,0,0,0,0,0,0
2025_11_SEA_LA,11,SEA,LA,-0.21427138917468946,-16.402451150802285,0.6547190553392284,-0.4243620273191482,0.4388495626626536,2.01955486118095,0,0,0,0,0,0,0,0,-2.026579089655817,0,0,0,0,0,0,0,0,0,0,0,0,0,0,0,0,0,0,0,0,0,0,0,0,0,0
2025_11_BAL_CLE,11,CLE,BAL,-18.129485586716328,-2.1630217352107746,0,0.06264655315317214,0,0,0,0,-0.8034593281336129,0,-1.565193259040825,0,0,0,0,0,0,0,0,0,-1.7707722121849656,0,0,0,0,0,0,0,0,0,0,0,0,0,0,0,0,0,0,0,0
2025_11_BAL_CLE,11,BAL,CLE,-3.1222540959913743,-8.568956866511144,1.4130968503304757,0,3.3990308621141594,0,0,0,0,0,0,0,0,0,0,0,0,0,0,0,0,0,0,0,0,0,0,0,0,0,0,0,0,0,0,0,0,0,0,0,0
2025_11_KC_DEN,11,DEN,KC,2.8591706589359505,-0.6215639059664682,-0.995852853928227,0,-0.2411765136057511,-1.3506148716010697,0,0,0,0,0.0480587420752272,0,0,0,0,0,0,0,0,1.2262577098445036,0,0,0,0,0,0,0,0,0,0,0,0,0,0,0,0,0,0,0,0,0
2025_11_KC_DEN,11,KC,DEN,5.926251647250661,-0.41161804302828386,0,2.938874935556669,-0.15273971919668838,0,0,0,0,0,0,0,0,0,0,0,0,0,0,0,0,0,0,0,0,0,0,0,0,0,0,0,0,0,0,0,0,0,0,0,0
2025_11_DET_PHI,11,PHI,DET,-5.551288419535668,-5.2313047707721125,-2.2625211430713534,0,0,0,0,-0.5287773487798404,0,0,0,0,0,0,0,0,0,0,0,0,0,0,0,0,0,0,0,0,0,0,0,0,0,0,0,0,0,0,0,0,0
2025_11_DET_PHI,11,DET,PHI,-17.14031167992133,0,0,0,2.8873700597323477,0,-1.0819899358320981,0,0,0,0,0,-2.786329652182758,0,0,0,0,0,0,-5.523845823132433,0,0,0,0,0,0,0,0,0,0,0,0,0,0,0,0,0,0,0,0,0
2025_11_DAL_LV,11,DAL,LV,11.820317981102354,3.0414271355839446,0.3128777732490562,-0.5694000806543045,-4.151771952514537,0,0,0,0,0,0,0,0,0,0,0,0,0,0,0,0,0,0,0,0,0,0,0,0,0,0,0,0,0,0,0,0,0,0,0,0
2025_11_DAL_LV,11,LV,DAL,-2.044928539195098,-1.9748235127588547,0,-7.695422824830801,0,0,0,0,0,0,0,0,0,0,0,0,0,0,0,0,0,0,0,0,0,0,0,0,0,0,0,0,0,0,0,0,0,0,0,0,0
2025_12_BUF_HOU,12,HOU,BUF,-7.000060191778999,-0.4151835987577215,-1.032678467221558,0,0,0,2.090333116648253,2.4318573218770325,0,0,0.1049060911173001,0,-0.8258488730061799,0,0,0,0,0,0,0,0,0,0,0,0.16522926231846213,0,0,0,0,0,0,0,0,0,0,0,0,0,0,0,0
2025_12_BUF_HOU,12,BUF,HOU,-13.895026144831352,0.43462544050998986,-1.1130434738006443,2.665246634860523,-1.1932016080245376,0,0,0,0,0,0,0,2.4275117395445704,0,0,0,0,0,0,0,0,0,0,0,0,0,0,0,0,0,0,0,0,0,0,0,0,0,0,0,0
2025_12_NYJ_BAL,12,NYJ,BAL,-11.915734701536323,1.264813637419138,0,0,0.2340718067716807,0,0,0,0,0,-0.12378945795353502,0,-1.257372508291155,0,0,0,0,0,0,0,0,0,0,0,0,0,0,0,0,0,0,0,0,0,0,0,0,0,0,0,0
2025_12_NYJ_BAL,12,BAL,NYJ,-0.4911837715525085,-1.0417628152063116,-0.8080595837091096,0.31686715071555227,3.682416558736217,0,0,0,0,0,0,1.744859584257938,0,0,0,0,0,0,0,0,0,0,0,0,0,0,0,0,0,0,0,0,0,0,0,0,0,0,0,0,0
2025_12_PIT_CHI,12,CHI,PIT,-3.2072058235691614,5.138296041346621,0,-1.351040095789358,0,0,0,1.8846579811070114,0,0,0,0,0,0,-1.7243937465827912,0,0,0,0,0,0,0,0,0,0,0,0,0,0,0,0,0,0,0,0,0,0,0,0,0,0
2025_12_PIT_CHI,12,PIT,CHI,5.653168972610729,-0.939522591070272,2.3286794539017137,0.15736631164327264,-5.068333037896082,0,0,0.5104673244059086,0,0,0.8299306025728583,0,0,0,0,0,0,0,0,0,0,0,0,0,0,0,0,0,0,0,0,0,0,0,0,0,0,0,0,0,0
2025_12_NE_CIN,12,NE,CIN,4.165823494856306,3.381468785693869,0,-2.7542717087233264,0,0,0,0,0,-1.6399312485009432,0,0,0,0,0,-1.5476964573026635,0,0,0,0,0,0,0,0,0,0,0,0,0,0,0,0,0,0,0,0,0,0,0,0,0
2025_12_NE_CIN,12,CIN,NE,-3.84336516473865,-7.895918450434692,-0.5968460473231971,0,2.5282746872399002,0,0,0,0,0,0.525649671908468,0,0,0,-1.61872806889005,0,0,0,0,0,0,0,-0.12566076824441552,0,0,0,0,0,0,0,0,0,0,0,0,0,0,0,0,0,0
2025_12_NYG_DET,12,NYG,DET,15.60170709618717,-0.2740509218419902,0.970299810054712,-2.162577904993668,0,0,0,0,0,0,0,0,0,0,0,-2.371360613091383,0,0,0,0,0,0,0,0,0,0,0,0,0,0,0,0,0,0,0,0,0,0,0,0,0
2025_12_NYG_DET,12,DET,NYG,-1.5235643818445923,-0.5509277309756726,0,0,-2.3138705312740058,0,0,10.51366785634309,0,1.4130278515691952,0.7152756073046476,0,0,0,0,0,0,0,0,2.105826976126991,0,0,0,0,0,0,0,0,0,0,0,0,0,0,0,0,0,0,0,0,0
2025_12_MIN_GB,12,MIN,GB,-11.239151427722385,-5.549517329258379,-3.980721725150943,0,1.8766671234625392,0,0,0,0,0,0,0,0,0,0,0,0,0,0,0,0,0,0,0,0,0,0,0,0,0,0,0,0,0,0,0,0,0,0,0,0
2025_12_MIN_GB,12,GB,MIN,0.6685297569378821,0.09633307525655255,0,0,0,0,-0.5393425701186061,2.2386719470385947,0,0,1.0577483595116064,0,0,0,0,0,0,0,0,0,0,0,0,0,0,0,0,0,0,0,0,0,0,0,0,0,0,0,0,0,0
2025_12_IND_KC,12,IND,KC,-3.616524813151667,3.4193755939486437,0,-2.9633986479602754,0,0,0,0,0,0,2.2134395535103977,0,0,0,0,0,0,0,0,0,0,0,0,0,0,0,0,0,0,0,0,0,0,0,0,0,0,0,0,0,0
2025_12_IND_KC,12,KC,IND,8.793789246944197,-8.070712623957544,0,0.8006502940552309,1.8973902458092198,0,0,0,0,-0.6185787781141698,-0.02485510577676653,0,0,0,0,0,0,0,0,0,0.2237075064331293,0,0,0,0,0,0,0,0,0,0,0,0,0,0,0,0,0,0,0,0
2025_12_SEA_TEN,12,TEN,SEA,5.978314820444211,0.09617271408205852,0,-1.640868061920628,-1.1347945872112177,0,0,-1.9805271605904973,-3.6074781235074624,0,1.5675973347388208,0,0,0,0,0,0,0,0,0,0,0,0,0,0,0,0,0,0,0,0,0,0,0,0,0,0,0,0,0,0
2025_12_SEA_TEN,12,SEA,TEN,8.007486386026171,4.749249194690492,1.1308125054929405,-1.4732273891277146,2.2763737929053605,-3.033767666434869,0,0,0,0,0,0,0,0,-0.6209712100680918,0,0,0,0,0,0,0,0,0,2.0170034323236905,0,0,0,0,0,0,0,0,0,0,0,0,0,0,0,0
2025_12_JAX_ARI,12,ARI,JAX,-4.16543224314872,-4.225373626686633,0,1.1013868788722903,0,0,-0.0033830614993348718,-1.2416142094880342,0,0,-3.284079828299582,0,0,0.7936946874251589,0,-0.07758949004346505,0,0,0,0,0,0,0,0,0,0,0,0,0,0,0,0,0,0,0,0,0,0,0,0,0
2025_12_JAX_ARI,12,JAX,ARI,-15.98961952479442,13.231864312430844,0,0,0,-0.08694821555400267,0,-0.027494952199049294,0,-3.6607323305215687,-1.049092672066763,0,-3.3193757354165427,0,0,0,0,0,0,0,0,0,0,0,0,0,0,0,0,0,0,0,0,0,0,0,0,0,0,0,0
2025_12_CLE_LV,12,CLE,LV,2.7516409351825315,-6.1477220269152895,0,-0.17413394042523578,-6.217731122509576,0,0,-0.5663348361849785,0,0,-0.7600879963138141,0,0,0,0,0,0,0,0,0,0,0,0,0,0,0,0,0,0,0,0,0,0,0,0,0,0,0,0,0,0
2025_12_CLE_LV,12,LV,CLE,-16.643497486016713,-5.993141991461115,0,-3.819859369075857,0,0,0,0,0,0,0,0,0,0,0,0,0,0,0,0,0,0,0,0,0,0,0,0,0,0,0,0,0,0,0,0,0,0,0,0,0
2025_12_PHI_DAL,12,DAL,PHI,2.75425225679376,-1.2911624436965212,0,1.584924025752116,1.3831817149475683,-0.6185130465310067,0,0,0,0,0,-0.07977788397693075,0,0,-5.438078864826821,0,0,0,0,0,0,0,0,0,0,0,0,0,0,0,0,0,0,0,0,0,0,0,0,0,0
2025_12_PHI_DAL,12,PHI,DAL,-0.0785225555923168,-2.1583268472459167,0,3.820627223874908,0,0,0,-1.3841450363397598,0,0,0,0,0,0,0,0,0,0,0,0,0,0,0,0,0,0,0,0,0,0,0,0,0,0,0,0,0,0,0,0,0
2025_12_ATL_NO,12,ATL,NO,-7.047306032591345,0,0,1.7176345068584196,-0.7298210634509039,0,0,0,0,0,0,0,0,0,0,0,0,0,0,0,0,0,0,0,0,0,0,0,0,0,0,0,0,0,0,0,0,0,0,0,0
2025_12_ATL_NO,12,NO,ATL,-17.592732720810666,2.2740781424799934,0,-0.5649703831877559,0,0,0,0,0,0,0,0,0,0,-0.008498216164298356,0,1.9292894303798676,0,0,0,0,0,0.6457404248649254,0,0,0,-4.491610898869112,0,0,-0.8558057724933388,0,0,0,0,0,0,0,0,0,0,0
2025_12_TB_LA,12,TB,LA,-26.225245540379547,-1.4233297975733876,0,0,-1.4476344967843033,0,0,0,0,1.4332404439337552,0,0,0,0,0,0,0,0,0,0,0,0,0,0,0,0,0,0,0,0,0,0,0,0,0,0,0,0,0,0,0
2025_12_TB_LA,12,LA,TB,2.3186069584157085,2.625918584293686,0,-0.6882433568243869,0,0,0,0,0,0,0,0,0,0,0,0,0,0,0,0,0,0,0,0,0,0,0,0,0,0,0,0,0,0,0,0,0,0,0,0,0
2025_12_CAR_SF,12,SF,CAR,0.08377734192922293,0.9503937104018405,3.0462918072589673,0,-4.172118361108005,0,0,0,0,0,0,0,0,0,0,0,0,0,0,0,0,0,0,0,0,0,0,0,0,0,0,0,0,0,0,0,0,0,0,0,0
2025_12_CAR_SF,12,CAR,SF,-4.953045554374061,1.7446827174862847,0,-0.31044644804205745,0,0,0,0,0,0,0,0,0,0,0,-7.283757156052161,0,0,0,0,0,0,0,0,0,0,0,0,0,0,0,0,0,0,0,0,0,0,0,0,0
2025_13_GB_DET,13,GB,DET,13.460122474776092,6.1248756350250915,0,0,0.021045474568381906,0,0,-2.976939950021915,0,0,2.1433487489121035,0,0,0,0,0,0,0,0,0,0,0,0,0,0,0,0,0,0,0,0,0,0,0,0,0,0,0,0,0,0
2025_13_GB_DET,13,DET,GB,0.613447063402675,-1.560279613651801,0,0,1.046328300901223,0,0,2.8332901328685693,0,0,-0.30314451263984665,0,0,0,0,0,0,0,0,0.40658773749601096,0,0,0,0,0,0,0,0,0,0,0,0,0,0,0,0,0,0,0,0,0
2025_13_KC_DAL,13,DAL,KC,12.175738244346757,-2.2451354491640814,-1.3525663325563073,0,8.431817491946276,1.906991970984726,0,0,0,0,0,0,0,0,0,0,0,0,0,0,0,0,0,0,0,0,0,0,0,0,0,0,0,0,0,0,0,0,0,0,0
2025_13_KC_DAL,13,KC,DAL,10.28944633284118,1.5776703394949436,0,-0.8420499393250793,0,0,0,-2.019426393089816,0,0,2.5656458348967135,0,0,0,0,0,0,0,0,0,0,0,0,0,0,0,0,0,0,0,0,0,0,0,0,0,0,0,0,0,0
2025_13_CIN_BAL,13,CIN,BAL,6.963136936465067,-4.5606670358794466,0,-0.8249071075115353,0,0,0,0,0,0,0,0,0,0,0,0,0,0,0,0,0,0,0,0,0,0,0,0,0,0,0,0,0,0,0,0,0,0,0,0,0
2025_13_CIN_BAL,13,BAL,CIN,-6.878374430409167,-14.198774907388724,0,0,1.3167632755357772,0,0,0,0,0,0,0,0,0,0,0,0,0,0,0,0,0,0,0,0,0,0,0,0,0,0,0,0,0,0,0,0,0,0,0,0
2025_13_CHI_PHI,13,CHI,PHI,10.307177468520866,-7.8435972952865995,0,2.6604779831832275,0,0.6796992833260447,0,0,0,0,-0.7215761837433092,0,0,0,-1.4563971324823797,0,0,0,0,0,0,0,0,0,0,0,0,0,0,0,0,0,0,0,0,0,0,0,0,0,0
2025_13_CHI_PHI,13,PHI,CHI,0.7639446800408011,1.8627621561754495,0,0,-0.5739496690221131,0,0,0,0,0,0,0,0,0,0,0,-4.986970319412649,0,0,0,0,0,0,0,0,0,0,0,0,0,0,0,0,0,0,0,0,0,0,0,0
2025_13_LA_CAR,13,LA,CAR,2.816099116054829,0,0,4.763546510308515,0,0,0,0,0,0,0,0,0,0,0,0,0,0,0,0,0,0,0,0,0,0,0,0,0,0,0,0,0,0,0,0,0,0,0,0,0
2025_13_LA_CAR,13,CAR,LA,10.905053005934697,-0.9949877976905555,1.6827586378203705,0.512746718712151,-0.45927272096741945,0,0,0,0,0,0,0,0,0,0,0,0,0,0,0,0,0,0,0,0,0,0,0,0,0,0,0,0,0,0,0,0,0,0,0,0
2025_13_SF_CLE,13,SF,CLE,6.838895894054426,-2.46770213812124,0,0,-3.242531582771335,0,0,0,0,0,0,-0.4008053923607804,0,0,0,0,0,0,0,0,0,0,0,0,0,0,0,0,0,0,0,0,0,0,0,0,0,0,0,0,0
2025_13_SF_CLE,13,CLE,SF,-3.8549532429897226,-2.7904917106498033,0,0.2959258167976513,-0.10019374918192625,0,0,0,0,0,-7.1948831003392115,0,0,0,0,0,0,0,0,0,0,0,0,0,0,0,0,0,0,0,0,0,0,0,0,0,0,0,0,0,0
2025_13_HOU_IND,13,IND,HOU,-1.541879032817746,4.8242905287770554,0,-5.1186943331267685,0,0,0,0,0,0,0,0,0,0,0,0,0,0,0,0,0,0,0,0,0,0,0,0,0,0,0,0,0,0,0,0,0,0,0,0,0
2025_13_HOU_IND,13,HOU,IND,8.05601241534811,-2.981464678712655,0.5820132305379957,0,0.14307103131432086,0,-0.9816709137521684,0.3729646358406171,0,0,1.4118908359960187,0,-4.278519378392957,0,0,0,0,0,0,0,0,0,0,0,0,0,0,0,0,0,0,0,0,0,0,0,0,0,0,0,0
2025_13_NO_MIA,13,MIA,NO,-0.702518111634268,2.327420993945381,-0.8265657537267543,1.0528207703027874,1.3466603943332527,0,0,-0.6383653056109324,0,0,-3.6000140933902003,0,-3.9769204630865715,0,0,0,0,0,0,0,0,0,0,0,-2.537158173043281,0,0,0,0,0,0,0,0,0,0,0,0,0,0,0,0
2025_13_NO_MIA,13,NO,MIA,-8.819534276082267,-2.7551765302196145,0,-0.23373494908446446,0,0,0,0,0,0,0,0,0,0,0,0,0,0,0,0,0,0,0,0,0,0,0,0,0,-0.3674760377034545,0,0,0,0,0,0,0,0,0,0,0
2025_13_ATL_NYJ,13,ATL,NYJ,4.160392219083294,13.77446521676029,0,-2.3693176517263055,-2.50811834671702,0,0,0,0,0,0,0,0,0,0,-0.5772060540330131,0,0,0,0,0,0,0,0,0,0,0,0,0,0,0,0,0,0,0,0,0,0,0,0,0
2025_13_ATL_NYJ,13,NYJ,ATL,0.6325184754473021,1.8755654333799612,0.12140874308533967,-0.3009619184304029,-1.3848433218663558,0,0,0.9337986984755844,0,0,0,0,-0.3792420925165061,0,0,0,0,0,0,0,0,0,0,0,0,0,0,0,0,0,0,0,0,0,0,0,0,0,0,0,0
2025_13_ARI_TB,13,TB,ARI,2.628284616271696,-6.150702439568704,0,-0.4245721830520779,0.8198798458615784,0,0,0,0,-1.5988141186535358,2.9882184629677795,0,0,0,0,0,0,0,0,0,0,0,0,0,0,0,0,0,0,0,0,0,0,0,0,0,0,0,0,0,0
2025_13_ARI_TB,13,ARI,TB,-1.738541166880168,5.539454410559057,0,1.5912981952424161,0,0,0.04805011232383549,-4.12663895910373,0,0,-2.891890329774469,0,0,0,0,0,0,0,0,0,0,0,0,0,0,0,0,0,0,0,0,0,0,0,0,0,0,0,0,0,0
2025_13_JAX_TEN,13,JAX,TEN,1.566899815019319,-3.229748747253325,0,3.371656400267966,0.9496136317029595,0,0,-0.7831553329597227,0,-1.2796873808838427,0,0,0,0,0,0,0,0,0,0,0,0,0,0,0,0,0,0,0,0,0,0,0,0,0,0,0,0,0,0,0
2025_13_JAX_TEN,13,TEN,JAX,-20.058402006272047,-0.3491484274272807,0,0,0,0,0,0,0,0,-1.861004987731576,0,0,0,0,0,0,0,0,0,0,0,0,0,0,0,0,0,0,0,0,0,0,0,0,0,0,0,0,0,0
2025_13_MIN_SEA,13,MIN,SEA,-16.564930890628602,-5.3427635107073,0.1484240383724682,0,-12.114144828752615,0,0,0,0,0,0,0,0,0,0,0,0,0,0,0,0,0,0,0,0,0,0,0,0,0,0,0,0,0,0,0,0,0,0,0,0
2025_13_MIN_SEA,13,SEA,MIN,4.3438442664671015,-4.1930080529231315,-6.758633135047601,-0.4624798216391355,0.07955415156902745,-1.2748750673141775,0,0,0,0,0,0,-0.5836278473143466,0,-0.3828169722110033,0,0,0,0,0,0,0,0,0,0,0,0,0,0,0,0,0,0,0,0,0,0,0,0,0,0
2025_13_LV_LAC,13,LV,LAC,0.5817056762170978,-4.060382284951629,0,-8.323900285147829,0,0,0,0,0,0,0,0,0,0,0,0,0,0,0,0,0,0,0,0,0,0,0,0,0,0,0,0,0,0,0,0,0,0,0,0,0
2025_13_LV_LAC,13,LAC,LV,6.608899308233426,-0.2853688804898411,0,2.1798910570214503,0,2.081580290920101,0,0.7319771150359884,-0.9679626592551358,2.0664784347754903,-3.4328904584108386,0,0,0,0,0,0,0,0,0,0,0,0,0,0,0,0,0,0,0,0,0,0,0,0,0,0,0,0,0,0
2025_13_BUF_PIT,13,BUF,PIT,3.0657510206801817,8.084501213743351,-1.2084544950167584,-0.4500953424721956,-2.086896751250606,0,0,0,0,0,0,0,0,0,0,0,0,0,0,0,0,0,0,0,0,0,0,0,0,0,0,0,0,0,0,0,0,0,0,0,0
2025_13_BUF_PIT,13,PIT,BUF,-0.8631566105177626,-2.4551630771020427,0.6028464059345424,0.5675358137814328,0.0832311362028122,0,0,-4.319901472190395,0,0,-11.858105829916894,0,0,0,0,0,0,0,0,0,0,0,0,0,0,0,0,0,0,0,0,0,0,0,0,0,0,0,0,0,0
2025_13_DEN_WAS,13,DEN,WAS,8.522182960721153,-0.37014766363427043,-0.3757826335495338,0,-0.2960834582336247,1.800867902347818,0,0.8542415190022439,0,0,0.3852732237428427,0,-0.751564042060636,0,0,0,0,0,0,0,0.8849102047388442,0,0,0,0,0,0,0,0,0,0,0,0,0,0,0,0,0,0,0,0
2025_13_DEN_WAS,13,WAS,DEN,13.07900488709852,-1.4112657659570687,0,-1.241347378701903,-1.4434092224109918,1.2040989576780703,0,0,0,0,-0.6532279643870424,0,-1.6881652964220848,0,0,0,0,0,0,0,0,0,0,0,0,0,0,0,0,0,0,0,0,0,0,0,0,0,0,0,0
2025_13_NYG_NE,13,NE,NYG,6.666443193744215,-3.7806798979872838,0,2.622676265949849,3.318454282208145,0.6481130723841488,0,0.536325246503111,0,0,-0.5356504142982885,0,0,0,0,0,0,0,0,0,0,0,0,0,0,0,0,0,0,0,0,0,0,0,0,0,0,0,0,0,0
2025_13_NYG_NE,13,NYG,NE,2.839116915929597,-3.385454309929628,0,0,0,0,0,0,0,0,0,0,0,0,0,0,0,0,0,0,0,0,0,0,0,0,0,0,0,0,0,-3.7585701181087643,0,0,0,0,0,0,0,0,0
2025_14_DAL_DET,14,DET,DAL,5.6803045618996,0,0,0,0,0,4.4374801309313625,-0.5707138050929643,0,-1.599014267558465,2.108839293650817,0,0,0,0,0,0,0,0,5.791142265079543,0,0,0,0,0,0,0,0,0,0,0,0,0,0,0,0,0,0,0,0,0
2025_14_DAL_DET,14,DAL,DET,-11.60076940155616,-0.81102036772063,0.20108131365850568,-1.3171441855374724,9.136583662591875,0,0,0,0,0,0,0,0,0,0,0,0,0,0,0,0,0,0,0,0,0,0,0,0,0,0,0,0,0,0,0,0,0,0,0,0
2025_14_SEA_ATL,14,ATL,SEA,-13.56124201077661,-7.888950587192085,0,1.4714997288538143,0.9462350929388776,0,0,0,0,0,0,0,0,0,0,0,0,0,0,0,0,0,0,0,0,0,0,0,0,0,0,0,0,0,0,0,0,0,0,0,0
2025_14_SEA_ATL,14,SEA,ATL,10.289845219970292,-2.135524922645072,0.04286600789055228,0,-0.6320184983778745,1.5151830745162442,0,0,0,0,0,0,0,0,0,0,0,0,0,0,-1.8279540879884735,0,0,0,0,0,0,0,0,0,0,0,0,0,0,0,0,0,0,0,0
2025_14_PIT_BAL,14,BAL,PIT,0.04516177062760107,-1.6499049936042254,3.8432258386164904,0,1.5288992369896732,0,0,0,0,0,0,0,0,0,0,0,0,0,0,0,-1.892030324524967,0,0,0,0,0,0,0,0,0,0,0,0,0,0,0,0,0,0,0,0
2025_14_PIT_BAL,14,PIT,BAL,4.416160819151209,3.889173369097989,1.8976900688721798,-0.45186728541739285,1.3907035239390098,0,0,-1.3771009581396356,0,0,-1.2036903253756464,0,0,0,0,0,0,0,0,2.455536256718915,1.3645331194275059,0,0,0,0,0,0,0,0,0,0,0,0,0,0,0,0,0,0,0,0
2025_14_TEN_CLE,14,TEN,CLE,-11.723101604791541,-1.7638341475394554,0,0,0.981511720456183,0,0,7.6560078031616285,0,0,-1.8283765792148188,0,0,0,0,0,0,0,0,0,0,0,0,0,0,0,0,0,0,0,0,0,0,0,0,0,0,0,0,0,0
2025_14_TEN_CLE,14,CLE,TEN,-2.978422267769929,0.20544684053953433,0,-0.5942184485029429,0.7470552739687264,0,0,-0.7861020790878683,0,0,-1.5879996780566872,0,0,1.2051752085098997,0,0,0,0,0,0,0,0,0,0,0,0,0,0,0,0,0,0,0,0,0,0,0,0,0,0,0
2025_14_CHI_GB,14,CHI,GB,-3.9903431168915295,9.45241368090501,0,-2.898632720578462,0,0,0,0,0,0,0,0,0,0,2.082353441219311,1.3782629533670843,0,0,0,0,0,0,0,0,0,0,0,0,0,0,0,0,0,0,0,0,0,0,0,0,0
2025_14_CHI_GB,14,GB,CHI,5.599062100955052,2.2249747640744317,0,0,1.5712574718054384,0,1.0316176188644022,-1.8701638211496174,0,0,2.0666675886604935,0,0,0,0,0,0,0,0,0,0,0,0,0,0,0,0,0,0,0,0,0,0,0,0,0,0,0,0,0,0
2025_14_IND_JAX,14,JAX,IND,8.570067123328965,0.6355447579990141,0,-0.12515464896569028,0,0,0,0,0,0,-1.340561558958143,0,0,0,0,-3.6137213497422636,0,0,0,0,0,0,0,0,0,0,0,0,0,0,0,0,0,0,0,0,0,0,0,0,0
2025_14_IND_JAX,14,IND,JAX,-13.582279589724054,0.6735021771164611,0,2.395008912193589,0,0,0,0,0,0,0,0,0,0,0,0,0,0,0,0,0,0,0,0,0,0,0,0,0,0,0,0,0,0,0,0,0,0,0,0,0
2025_14_WAS_MIN,14,MIN,WAS,13.173298469496846,-0.42530234926380217,2.428423900913913,0.7240165148396045,2.3741876458516344,0,0,0,0,0,0,0,0,0,0,0,0,0,0,0,0,0,0,0,0,0,0,0,0,0,0,0,0,0,0,0,0,0,0,0,0
2025_14_WAS_MIN,14,WAS,MIN,-9.801437786431052,-4.583358577569015,0,4.424955783295445,0,0,0,0,0,0,0,0,0,0,-8.54931355745066,-0.8357427919982001,0,0,0,0,0,0,0,0,0,0,0,0,0,0,0,0,0,0,0,0,0,0,0,0,0
2025_14_MIA_NYJ,14,MIA,NYJ,-2.839963242874255,2.954597796739824,3.936319787258981,0,6.611852114845533,0,0.8962056416203268,-0.9811111713643186,0,0,0.36744584736879915,0,0.4464974149595946,0,0,0,0,0,0,0,0,0,0,0,1.94957036775304,0,0,1.119800040498376,0,0,0,0,-0.8727893957402557,0,0,0,0,0,0,0,0
2025_14_MIA_NYJ,14,NYJ,MIA,-20.06797082868583,-4.2279729333822615,-0.9855933404760435,0,-0.034484513802453876,0,0,0,0,0,0,0,1.6758716946933419,0,0,0,0,0,0,0,0,0,0,0,0,0,0,0,0,0,0,0,0,0,0,0,0,0,0,0,0
2025_14_NO_TB,14,NO,TB,5.8993305099490705,-4.547702178418854,0,-2.410930552869104,0,0,0,0,0,0,0,0,0,0,2.024344466626644,0,0,0,0,0,0,0,-0.34654155373573303,0,0,0,0,0,0,0,0,-0.5564377778209746,0,0,0,0,0,0,0,0,0
2025_14_NO_TB,14,TB,NO,-0.36806124708339016,2.6091343834414147,-5.895739707222674,-4.263158279936761,-2.4397831151727587,0,0,0,0,-0.2564904950559139,0,0,0,0,0,0,0,0,0,0,0,0,0,0,0,0,0,0,0,0,0,0,0,-0.4374248909812821,0,0,0,0,0,0,0
2025_14_DEN_LV,14,DEN,LV,-0.47493796733840554,0.9344213916338049,7.440134895325173,0,1.946839880081825,0,0,0,0,0,-6.046039634384215e-4,0,0,0,0,0,0,0,0,0,0,0,0,0,0,0,0,0,0,0,0,0,0,0.9273094300879166,0,0,0,0,0,0,0
2025_14_DEN_LV,14,LV,DEN,4.940035739807298,-5.616406034794636,0,-0.8642728903796524,0,0,0,0,0,0,0,0,0,0,0,0,0,0,0,0,0,0,0,0,0,0,0,0,0,0,0,0,0,0,0,0,0,0,0,0,0
2025_14_LA_ARI,14,ARI,LA,2.523447045545735,-9.326910145347938,0,3.077885005972348,0,0,0.5545750973979011,0,0,0,-1.7084466752130538,0,0,0,0,0,0,0,0,0,0,0,0,0,0,0,0,0,0,0,0,0,0,0,0,0,0,0,0,0,0
2025_14_LA_ARI,14,LA,ARI,13.26834036441213,0,0,15.907895366573939,0,0,0,0,0,0,0,0,0,0,0,0,0,0,0,0,0,0,0,0,0,0,0,0,0,0,0,0,0,0,0,0,0,0,0,0,0
2025_14_CIN_BUF,14,CIN,BUF,11.660761839710176,-1.951690017842222,0,0,0.33110840804874897,0,0,0,0,-0.8284037369303405,0.9316700678900816,0,0,0,0,0,0,0,0,0,0,0,0,0,0,0,0,0,0,0,0,0,0,0,0,0,0,0,0,0,0
2025_14_CIN_BUF,14,BUF,CIN,17.69848806821101,-7.895426142989891,2.2876230124384165,0.18922192906029522,5.245474056719104,0,0,0,0,0,0,-0.47139833089010796,0,0,0,0,0,0,0,0,0,0,0,0,0,0,0,0,0,0,0,0,0,0,0,0,0,0,0,0,0
2025_14_HOU_KC,14,KC,HOU,-22.88220239460336,6.2855519383447245,0,-0.7755712491925806,0.2676029811264016,0,0,0,0,0,0.29218265850795433,0,0,0,-1.6399722103960812,0,0,0,0,0,0,0,0,0,0,0,0,0,0,0,0,0,0,0,0,0,0,0,0,0,0
2025_14_HOU_KC,14,HOU,KC,-7.339174707478378,-0.7373664979822934,-0.42745094059500843,0,0,0,3.53665003873175,1.4895545825129375,0,0,0,0,-0.28431171982400727,0,0,0,0,0,0,0,0,0,0,0,-0.9514872905565426,0,0,0,0,0,0,0,0,0,0,0,0,0,0,0,0
2025_14_PHI_LAC,14,PHI,LAC,-16.603897784738628,-3.268329936677154,0,0,1.1900763094890863,0,0,0,0,0,0,0,0,0,-0.6686375811403447,0,0,0,0,0,0,0,0,0,0,0,0,0,0,0,0,0,0,0,0,0,0,0,0,0,0
2025_14_PHI_LAC,14,LAC,PHI,-12.004452229579838,-1.2170055762398988,0,0,0,0,-1.7377323291283222,-1.0087962861871347,-1.0559879104839638,-1.5308572724461555,0.26183171733282506,0,0,0,0,0,0,0,0,0,0,0,0,0,0,0,0,0,0,0,0,0,0,0,0,0,0,0,0,0,0
2025_15_ATL_TB,15,TB,ATL,11.222523630984764,0,0,0,1.9823789808433503,0,0,-1.0147639113711193,0,-2.902409648193337,0,0,0,0,0,0,0,0,0,0,0,0,0,0,0,0,0,0,0,0,0,0,0,0,0.7258562640636228,0,0,0,0,0,0
2025_15_ATL_TB,15,ATL,TB,9.637905970492401,5.053959495853633,0,-0.02682985302805896,-1.8638234695536084,0,0,0,0,0,0,0,0,0,0,0,0,0,0,0,0,0,0,0,0,0,0,0,0,0,0,0,0,0,0,0,0,0,0,0,0
2025_15_CLE_CHI,15,CHI,CLE,-3.841409412135686,6.693630218913313,0,0.19812161318259314,0,0,0,0,0,0,0,0,0,0,0,0,0,0,0,0,0,0,0,0,0,0,0,0,0,0,0,0,0,0,0,0,0,0,0,0,0
2025_15_CLE_CHI,15,CLE,CHI,-11.103018580270167,-13.910971872683149,0,-0.7961294730193913,0,0,0,0,0,0,0,0,0,-0.28838722105138004,0,0,0,0,0,0,0,0,0,0,0,0,0,0,0,0,0,0,0,0,0,0,0,0,0,0,0
2025_15_BAL_CIN,15,BAL,CIN,0.1868783120423032,3.2118981758248992,0.6011216720216908,2.0065036533633247,1.1959735557320528,0,0,0,0,0,0,0,0,0,0,0,0,0,0,0,0,0,0,0,0,0,0,0.40052016265690327,0,0,0,0,0,0,0,0,0,0,0,0,0
2025_15_BAL_CIN,15,CIN,BAL,-0.9728133391472511,-20.82060473866295,0,0,2.3682776463683695,0,0,0,0,0,0,0,0,0,0,0,0,0,0,-4.728029740741476,0,0,0,0,0,0,0,0,0,0,0,0,0,0,0,0,0,0,0,0,0
2025_15_ARI_HOU,15,HOU,ARI,12.928914779896546,9.85702785642934,0,-0.9719498317572288,0,0,-0.3491645202739164,-6.384938816627255,0,0,-0.7934282974456437,0,0,0,0,0,0,0,0,0,0,0,0,0,0,0,0,0,0,0,0,0,0,0,0,0,0,0,0,0,0
2025_15_ARI_HOU,15,ARI,HOU,3.0086697374936193,-11.495919008681085,0,5.408982106077019,0,0,0,-0.0396487550605088,0,0,4.813179253629642,0,0,-1.2840706787246745,0,2.012466112151742,0,0,0,0,0,0,0,0,0,0,0,0,0,0,0,0,0,0,0,0,0,0,0,0,0
2025_15_NYJ_JAX,15,JAX,NYJ,22.095110442164938,-3.614581813919358,0,0,0.49617123807547614,0,0,-0.5600761024397798,0,0,0,0,0,0,0,0,0,0,0,0,0,0,0,0,0,0,0,0,0,0,0,0,0,0,0,0,0,0,0,0,0
2025_15_NYJ_JAX,15,NYJ,JAX,-14.155891880661539,3.571337423112709,0.5458083885605447,0,0.8921621390618384,0,0,-0.10771124006714672,0,0,-0.07087344862520695,0,-1.340300296782516,0,0,0,0,0,0,0,0,0,0,0,0,0,0,0,0,0,0,0,0,0,0,0,0,0,0,0,0
2025_15_LAC_KC,15,KC,LAC,-3.8398903448876673,-2.430852877383586,0,-1.1745337240281515,0,0,0,0,0,0,0.5279658404178917,0,0,0,0,0,0,0,0,0,0,0,0,0,0,0,0,0,0,0,0,0,0,0,0,0,0,0,0,0,0
2025_15_LAC_KC,15,LAC,KC,-1.7327987981165074,0.03846681164577603,0,0,0,0,3.3100941288284957,-0.023050544490172298,-0.5201444689300843,0,-0.5829591287765652,0,0,0,0,0,0,0,0,0,0,0,0,-1.1396187550271861,0,0,0,0,0,0,0,0,0,0,0,0,0,0,0,0,0
2025_15_BUF_NE,15,NE,BUF,2.464783681342397,0.6376599129289389,0,0.46943563577951863,0.42285926919430494,0,0,0,0.7188725327141583,0,7.248755501117557,0,0,0,0,0,0,0,0,0,0,0,0,0,0,0,0,0,0,0,0,0,0,0,0,0,0,0,0,0,0
2025_15_BUF_NE,15,BUF,NE,10.656916796317091,3.2276091825042386,-1.7666458443854935,1.2473863376653753,0.6615211400203407,0,0,0,0,0,0,0,0.6593652225565165,0,3.808110022568144,0,0,0,0,0,0,0,0,0,0,0,0,0,0,0,0,0,0,0,0,0,0,0,0,0,0
2025_15_WAS_NYG,15,WAS,NYG,1.8738741821595437,1.9546270683640614,0,0.03032348060514778,-0.2781749109271914,0,0,-0.1313365245005116,0,-2.7805866341152807,-1.0401675053872168,0,0,0,0,0,0,0,0,0,0,0,0,0,0,0,0,0,0,0,0,0,0,0,0,0,0,0,0,0,0
2025_15_WAS_NYG,15,NYG,WAS,-2.8327457519333366,5.4688275161606725,0,0,0,0,0,0,0,0,0,0,0,0,0,0,0,0,0,0,0,0,0,0,0,0,0,0,0,0,0,0,0,0,0,0,0,0,0,0,0
2025_15_LV_PHI,15,PHI,LV,5.992296609636577,4.663647769135423,3.612802625866607,-3.080891802266706,3.0301715374807827,4.157418319024146,0,0,0,0,0.09534783102571964,0,0,0,0,0,0.46815724059706554,0,0,0,0,0,0,0,0,0,0,0,0,0,0,0,0,0,0,0,0,0,0,0,0
2025_15_LV_PHI,15,LV,PHI,-8.660212072427385,-8.126686718431301,0,0,0,0,0,-0.1703087225323543,0,0,-0.2711786557920277,0,0,0,0,0,0,0,0,0,0,0,0,0,0,0,0,0,0,0,0,0,0,0,0,0,0,0,0,0,0
2025_15_GB_DEN,15,DEN,GB,22.617240939696785,0.5682567013427615,-1.0048001384129748,-1.7233409861801192,-2.094578105257824,0,-2.592688886448741,3.3055607837159187,0,0,-7.012939662963618,0,-0.08829984866315499,0,0,0,0,0,0,0,-0.947,0,0,0,0,0,0,0,0,0,0,0,0,0,0,0,0,0,0,0,0
2025_15_GB_DEN,15,GB,DEN,-2.511042381144442,3.998162650037557,0,0,0,0,-0.6269411840476096,2.1690592942759395,0,0,0,0,0,0,0,0,0,0,0,0,0,0,0,0,0,0,0,0,0,0,0,0,0,0,0,0,0,0,0,0,0
2025_15_DET_LA,15,DET,LA,7.122611403329746,-0.30835677625145763,0,2.589107247069478,0,0,-0.6100385480094701,3.3609193096053787,0,0,-0.33459863846655935,0,0,0,0,0,0,0,0,-0.47618895404651385,0.5861612828448415,0,0,0,0,0,0,0,0,0,0,0,0,0,0,0,0,0,0,0,0
2025_15_DET_LA,15,LA,DET,-5.467481295248025,-0.8978382723871619,0,21.086744912841823,0,0,0,0,0,0,0,0,0,0,0,0,0,0,0,0,0,0,0,0,0,0,0,0,0,0,0,0,0,0,0,0,0,0,0,0,0
2025_15_CAR_NO,15,NO,CAR,6.024330919098235,-0.9868191272253171,0,2.2856572060554754,0,0,0,0,0,0,1.0560453804500867,0,0,0,0,0,-1.3182434922782704,0,0,0,0,0,1.0198019684758037,0,0,0,0,0,0,0,0,0,0,0,0,0,0,0,0,0,0
2025_15_CAR_NO,15,CAR,NO,10.187415647685707,-0.7824331420706585,-3.2041066905949265,-0.7342591704800725,0,2.0319004408083856,0,-0.5379039464751258,0,0,-1.707557225599885,0,0,0,0,0,0,0,0,0,0,0,0,0,0,0,0,0,0,0,0,0,0,0,0,0,0,0,0,0,0
2025_15_IND_SEA,15,IND,SEA,-3.67848726320069,1.5757514595752582,0,0,-0.9082217084942386,0,0,0,0,0,0,0,0,0,0,0,0,0,0,0,0,0,0,0,0,0,0,0,0,0,0,0,0,0,0,0,0,0,0,0,0
2025_15_IND_SEA,15,SEA,IND,-7.38670137646543,2.2604233433376066,0,-0.8122825158643536,1.2041006740182638,1.7193052332248546,0,0,0,0,0,0,0,0,0,0,0,0,0,0,0,0,0,0,0,0,0,0,0,0,0,0,0,0,0,0,0,0,0,0,0
2025_15_TEN_SF,15,TEN,SF,2.3778039141311584,6.715528905915562,0,0,0,0,0,-1.2304671366000548,0,0,0.41158935643034056,0,0,0.5639460802776739,0,0,0,0,0,0,0,0,0,0,0,0,0,0,0,0,0,0,0,0,0,0,0,0,0,0,0
2025_15_TEN_SF,15,SF,TEN,9.855502305824185,1.6198436822742224,-2.462678389274515,0,8.702912373497384,0,0,0,0,0,0,0.543488016090123,0,0,0,0,0,0,0,0,0,0,0,0,0,0,0,0,0,0,0,0,0,0,0,0,0,0,0,0,0
2025_15_MIN_DAL,15,MIN,DAL,11.30501251828769,-4.481618611025624,-0.31776859663659707,0.5537689350278061,2.2162655407446437,0,0,0,0,0,0,0,0,0,0,0,0,0,0,0,2.4118227001745254,0,0,0,0,0,0,0,0,0,0,0,0,0,0,0,0,0,0,0,0
2025_15_MIN_DAL,15,DAL,MIN,1.8349746395387578,6.219944287993712,-0.6532615194446407,-0.3667244443495292,-1.141727865790017,-1.2771291153187008,0,0,0,0,0,0,0,0,0,0,0,0,0,0,0,0,0,0,0,0,0,0,0,0,0,0,0,2.724662708467804,0,0,0,0,0,0,0
2025_15_MIA_PIT,15,MIA,PIT,-7.22799871396458,1.0883203588309698,2.0475918838055804,2.6501694906330666,-1.9674087109742686,0,0,3.3205307143507525,0,0,-0.03988354839384556,0,0.36088261124677956,0,-1.7397055642213672,0,0,0,0,0,0,0,0,0,0.3059864533133805,0,0,-0.8124209446832538,0,0,0,0,0,0,0,0,0,0,0,0,0
2025_15_MIA_PIT,15,PIT,MIA,8.989740873104893,0.47339143592398614,3.7421193906338885,1.2777366186492145,0.354763240669854,0,0,-1.8767561371205375,0,0,-1.2263726015225984,0,0,0,0,0,0,0,0,0,0,0,0,0,0,0,0,0,0,0,0,0,0,0,0,2.0249225797015242,0,0,0,0,0
2025_16_LA_SEA,16,LA,SEA,10.857037250330226,3.324237306602299,0,4.410890710981203,0,0,0,0,0,0,0,0,0,0,0,0,0,0,0,0,0,0,0,0,0,0,0,0,0,0,0,0,0,0,0,0,0,0,0,0,0
2025_16_LA_SEA,16,SEA,LA,-12.10268923842511,18.01579495523777,1.9611013965914026,-0.13322642375715077,-1.04149161530938,-3.936401885061059,0,0,0,-0.5191954225301743,0,0,0,0,0,0,0,0,0,0,0,0,0,0,0,0,0,0,0,0,0,0,0,0,0,0,0,0,0,0,0
2025_16_GB_CHI,16,GB,CHI,6.201713244145778,-0.7130130344885401,0,0,2.6242920653312467,0,0.5730748161440715,-1.9919583576265723,0,0,0,0,0,0,0,0,0,0,0,0,0,0,0,0,0,0,0,0,0,0,0,0,0,0,0,0,0,0,0,0,0
2025_16_GB_CHI,16,CHI,GB,3.8603868970890196,-1.0500085411928577,0,3.6098155844956636,0,0,0,0,0,0,0.5502190829720348,0,0,0,0,0,0,0,0,0,0,0,0,0,0,0,0,0,0,0,0,0,0,0,0,0,0,0,0,0,0
2025_16_PHI_WAS,16,WAS,PHI,-6.321241147078231,-2.204743735681288,0,0,0,0,0,0,0,1.0047720847651362,3.8594775316596497,0,0,0,0,0,0,0,0,0,0,0,0,0,0,0,0,0,0,0,0,0,0,0,0,0,0,0,0,0,0
2025_16_PHI_WAS,16,PHI,WAS,18.920411624274866,-0.49084306962322444,0,-1.2074413241352886,0,0,0,7.371850602663588,0,0,0,0,0,0,0,0,-0.2644604279776104,0,0,0,0,0,0,0,0,0,0,0,0,0,0,0,0,0,0,0,0,0,0,0,0
2025_16_NE_BAL,16,BAL,NE,-0.36077308992224855,-2.485357706722768,1.669904185924679,0,6.5155190145014785,0,0,0,0,0,0,0,0,0,0,0,0,0,0,0,0,0,0,0,0,0,0,0,0,0,0,0,0,0,0,0,0,0,0,0,0
2025_16_NE_BAL,16,NE,BAL,15.594689010388821,-0.34381827380275354,0,0,-1.663906766450964,0,0,2.5362870693788864,0.4635565831558779,0,-0.6089801411144435,0,0.272154250938911,0.6891732585499994,0,0,0,0,0,0,0,0,0,0,0,0,0,0,0,0,0,0,0,-2.4826914377044886,0,0,0,0,0,0,0
2025_16_TB_CAR,16,CAR,TB,10.93194636920785,-3.481128123064991,0,-1.1517674720380455,0,-0.967744550599615,0,0,0,0,0,0,0,0,0,0,0,0,0,0,0,0,0,0,0,0,0,0,0,0,0,0,0,0,0,0,0,0,0,0,0
2025_16_TB_CAR,16,TB,CAR,2.0291813781069745,2.8325921992363874,0,0,0.30100656815920956,0,0,0,0,2.4380780771607533,-0.8985549169010483,0,0.25784369389293715,-1.971688117500824,0,0,0,0,0,0,0,0,0,0,0,0,0,0,0,0,0,0,0,0,0,0,0,0,0,0,0
2025_16_BUF_CLE,16,CLE,BUF,-10.54761998434066,1.6096192506187212,0,-0.06783602316863835,0,0,0,0,0,0,2.0958485936862417,0,0,0.7041429885430261,0,0,0,0,0,0,0,0,0,0,0,0,0,0,0,0,0,0,0,-1.804541337362025,0,0,0,0,0,0,0
2025_16_BUF_CLE,16,BUF,CLE,-4.591900968622038,3.4056267413543537,-3.0128091374062933,2.084269971528556,3.8031196971423924,0,0,0,0,0,0,0,1.2292729649343528,0,0,0,0,0,0,0,0,0,0,0,0,0,0,0,0,0,0,0,0,0,0,0,0,0,0,0,0
2025_16_LAC_DAL,16,DAL,LAC,4.5220070430802295,-6.148298054700717,0,0,2.3407973240246065,0,0,0,0,0,0,0,0,0,0,0,0,0,0,0,0,0,0,0,0,0,0,0,0,0,0,0,0,0,0,0,0,0,0,0,0
2025_16_LAC_DAL,16,LAC,DAL,22.116344455275875,1.1092308718943968,0,0,0,-0.507201629884352,-0.42289218565565534,1.2029110509320162,-1.7803037019912153,2.637515201815404,1.5911999734817073,0,0,0.8603588309779298,0,0,0,0,0,0,0,0,0,-0.6433468009345233,0,0,0,0,0,0,0,0,0,0,0,0,0,0,0,0,0
2025_16_NYJ_NO,16,NO,NYJ,6.915354949902053,-2.838668493850245,0,-4.878689581411891,0,0,0,0,0,0,-1.0541003972757608,0,0,0,1.0759757298510522,0,0,5.90486136340769,0,0,0,0,-2.961836115224287,0,0,0,-5.630356626294088,0,0,0,0,1.96705237403512,0,0,0,0,0,0,0,0,0
2025_16_NYJ_NO,16,NYJ,NO,-25.25268166671426,0.3664066868368536,-0.19492458179593086,-0.08106355811469257,-2.129134064191021,0,0,0,0,0,0.4626306851860136,0,0,0,0,0,0,0,0,0,0,0,0,0,0,0,0,0,0,0,0,0,0,0,0,0,0,0,0,0,0
2025_16_MIN_NYG,16,MIN,NYG,-5.2675781259794405,1.0051603117608465,-1.6048553573782556,1.2057248012861237,-0.3915940366277937,0,0,0,0,0,0,0,0,0,0,0,0,0,0,0,0,0,0,0,0,0,0,0,0,0,0,0,0,0,0,0,0,0,0,0,0
2025_16_MIN_NYG,16,NYG,MIN,-8.040990737791514,-2.4952876504140713,0,-1.1144744903431274,0.5651815654709935,-3.0552877939189784,0,0,0,0,0,0,0,0,0,0,0,0,0,0,0,0,0,0,0,0,0,0,0,0,0,0,0,0,0,0,0,0,0,0,0
2025_16_KC_TEN,16,KC,TEN,-8.60245982787335,-0.767507987469124,0,-0.9761704136617482,-1.8247045002644882,0,0,0,0,0,0.4140554575715214,0,0,0,0,0,0,0,0,0,0,0,0,0,0,0,0,0,0,0,0,0,0,0,0,0,0,0,0,0,0
2025_16_KC_TEN,16,TEN,KC,9.61502630735049,1.4550160614890046,0,-1.247112976736389,-0.6226650433382019,0,0,-2.675107680261135e-5,0,0,-6.532321058730195,0,0.4711022854899056,-1.2189409625716507,0,0,0,0,0,0,0,0,0,0,0,0,0,0,0,0,0,0,0,0,0,0,0,0,0,0,0
2025_16_ATL_ARI,16,ARI,ATL,6.261668417363365,3.6455924254242262,0,-4.995487830234827,0,0,-1.5777191466186196,0.21257483889348805,0,0,-2.1442144520115107,0,0,0,0,0,0,0,0,0,0,0,0,0,0,0,0,0,0,0,0,0,0,0,0,0,0,0,0,0,0
2025_16_ATL_ARI,16,ATL,ARI,8.339225035416815,3.482785417079761,0,-6.995870604441734,3.076891761214938,0,0,0,0,0,-2.8238585646031424,0,0,0,0,-0.2404654118581675,0,0,0,0,0,0,0,0,0,0,0,0,0,0,0,0,0,0,0,0,0,0,0,0,0
2025_16_JAX_DEN,16,JAX,DEN,12.418898160415376,-2.9699160954914987,0,0,0,0,0,0.18927629821700975,0,0,-0.6969409114681184,0,0,0,0,0,0,0,0,0,0,0,0,0,0,0,0,0,0,0,0,0,0,0,0,0,0,0,0,0,0
2025_16_JAX_DEN,16,DEN,JAX,-7.774951177111016,0.7531705998117104,2.864345261710696,-0.186356884194538,-1.972384672710557,0,2.6465172173338942,0.46936336043290794,0,0,2.050951244542375,0,0,0,0,0,0,0,0,0,0,0,0,0,0,0,0,0,0,0,0,0,0,0,0,0,0,0,0,0,0
2025_16_PIT_DET,16,DET,PIT,6.262102235425931,-6.617690111568663,0,0,0,0,0,-0.4961366407806054,0,0,0,0,0,0,0,0,0,0,0,4.453435392177198,0,0,0,0,0,0,0,0,0,0,0,0,0,0,0,0,0,0,0,0,0
2025_16_PIT_DET,16,PIT,DET,11.65760214145517,-1.819185982691124,2.509733242157381,-1.6723007276887074,5.083450083853677,0,0,-1.5928025640314445,0,0,-2.9840244409278966,0,0,0,0,0,0,0,0,0,0,0,0,0,0,0,0,0,0,0,0,0,0,0,0,0,0,0,0,0,0
2025_16_LV_HOU,16,LV,HOU,12.043843286694027,-1.2578492317115888,0,-9.350874598603696,0,0,0,0,0,0,-2.912027481244877,0,0,0,0,0,0,0,0,0,0,0,0,0,0,0,0,0,0,0,0,0,0,0,0,0,0,0,0,0,0
2025_16_LV_HOU,16,HOU,LV,0.8127600138833029,-2.7668674182496034,0,1.2723771289456636,0,0,-1.108585195732303,-0.9150555517990142,0,0,-3.324255486069535,0,0,0,0,0.5514734421740286,0,0,0,0,0,0,0,0,0,0,0,0,0,0,0,0,0,0,0,0,0,0,0,0,0
2025_16_CIN_MIA,16,CIN,MIA,9.092698349792045,14.7078223542766,0,0,-0.8479475387139246,0,0,-0.25118516269139946,0,0,0,0,0,0,0,0,0,0,0,0,0,0,0,0,0,0,0,0,0,0,0,0,0,0,0,0,0,0,0,0,0
2025_16_CIN_MIA,16,MIA,CIN,-7.25945971114561,0.030881596787367016,1.9697336619719863,-3.5390562913380563,-0.8207887018797919,0,0,0.984816477925051,0,0,-1.0703606933820993,0,1.6970589142874815,0,0,0,0,0,0,-0.8028404833748937,0,0,0,0,3.948072442552075,0,0,0,0,0,0,0,0,0,0,0,0,0,0,0,0
2025_16_SF_IND,16,IND,SF,-1.5481257521706948,1.1749187638051808,-0.3346163743408397,0,-0.17897195252589881,0,0,0,0,0,-0.45910345821175724,0,0,0,0,0,0,0,0,0,0,0,0,0,0,0,0,0,0,0,0,0,0,0,0,0,0,0,0,0,0
2025_16_SF_IND,16,SF,IND,7.8003294355757635,2.2637751906877384,2.8196184065309353,0,12.486178941500839,0,0,0,0,0,0,0,0,0,0,0,0,0,0,0,0,0,0,0,0,0,0,0,0,0,0,0,0,0,0,0,0,0,0,0,0
2025_17_DAL_WAS,17,DAL,WAS,22.786114787173577,-3.6862926880130544,-1.6659193504601717,1.9572023412911221,0.9596103185904212,0,0,0,0,0,0,0,0,0,0,0,0,0,0,0,0,0,0,0,0,0,0,0,0,0,0,0,0,0,0,0,0,0,0,0,0
2025_17_DAL_WAS,17,WAS,DAL,11.922140059964619,1.3209658849518746,0,0,-0.007557274540886283,0,0,0,0,-1.5836745859123766,-1.9796217934926972,0,0,0,0,0,0,0,0,0.7996066038031131,0,0,0,0,0,0,0,0,0,0,0,0,0,0,0,0,-0.49842422152869403,0,0,0,0
2025_17_DET_MIN,17,MIN,DET,-12.476261740375314,-1.7797145482036285,-0.6710949052519393,0.828290895500686,-0.5509488251409493,0,0,0,0,0,0,1.013610053632874,0,0,0,0,0,0,0,0,0,0,0,0,0,0,0,0,0,0,0,0,0,0,0,0,0,0,0,0,0
2025_17_DET_MIN,17,DET,MIN,-2.0788669582288346,-21.558868987835012,0,-1.4344057454145513,-4.605809194035828,0,0,0,0,0,0,0,0,0,0,0,0,0,0,0,0,0,0,0,0,0,0,0,0,0,0,0,0,0,0,0,0,0,0,0,0
2025_17_DEN_KC,17,DEN,KC,0.9444414569136437,1.0974473876412958,-1.329346514889039,0,1.8695021297316998,0.5787481163279153,2.9667567893047817,-0.6193419661140069,0,0,1.1641851151944138,0,0,0,0,0,0,0,0,0,-0.6628536039497703,0,0,0,0,0,0,0,0,0,0,0,0,0,0,0,0,0,0,0,0
2025_17_DEN_KC,17,KC,DEN,-6.50565791631171,-1.1085502241621725,0,-1.3471655010944232,0.023176390677690506,0,0,0,0,0,2.5261305747553706,0,0,0,0,0,0,0,0,0,0,0,0,0,0,0,0,0,0,0,0,0,0,0,0,0,0,0,0,0,0
2025_17_SEA_CAR,17,CAR,SEA,-18.007658788020247,1.042128239176236,-1.3874075142666698,0.8495380845852196,0,0,0,0,0,0,-6.202215106692165,0,0,0,0,0,0,0,0,0,0,0,0,0,0,0,0,0,0,0,0,0,0,0,0,0,0,0,0,0,0
2025_17_SEA_CAR,17,SEA,CAR,5.774774156736404,-3.9446904360083863,1.1661149499122985,0,-4.062711639038753,-1.4159796526655555,0,0,0,0,0,-0.8622468113899231,0,0,0,0,0,0,0,0,0,0,0,0,0,0,0,0,0,0,0,0,0,0,0,0,0,-0.13853927212767303,0,0,0
2025_17_ARI_CIN,17,CIN,ARI,19.63028346071951,1.7125786278338637,0,0.025879814173094928,0,-0.4534272375749424,0,1.675220264296513,0,0,-0.8184201422845945,0,1.1066307139699347,0.14391522269579582,0,0,0,0,0,1.091173205759026,0,0,0,0,0,0,0,0,0,0,0,0,0,0,0,0,0,0,0,0,0
2025_17_ARI_CIN,17,ARI,CIN,-4.5856003919034265,5.391306282428559,0,-0.3417485342361033,0,0,0,-1.042574273655191,0,0,-0.7155593130737543,0,0,0,0,0,0,0,0,0,0,0,0,0,0,0,0,0,0,0,0,0,0,0,0,0,0,0,0,0,0
2025_17_PIT_CLE,17,CLE,PIT,-4.2936876527058665,-5.26306822989136,0,2.1342990953708068,0,0,0,-1.0637678573839366,0,0,-1.6442926310701296,0,0,0,0,-0.397313714579699,0,0,0,0,0,0,0,0,0,0,0,0,0,0,0,0,0,0,0,0,0,0,0,0,0
2025_17_PIT_CLE,17,PIT,CLE,-12.03891502913412,-1.9129173326073214,1.431651026068721,0,0,0,0,0.591344834479969,0,0,-1.9627024859655648,0,-0.6366814214270562,0,0,0,0,0,0,0,0,0,0,0,0,0,0,0,0,0,0,0,0,0,0,0.46029352443292737,0,0,0,0,0
2025_17_BAL_GB,17,BAL,GB,-0.3231922234990634,12.920410527268935,6.813214892928954,0,5.010500657022931,0,0,0,0,0,0,1.3410409074858762,0,0,0,0,0,0,0,0,-0.4352881914819591,0,0,0,0,0,0,0,0,0,0,0,0,0,0,0,0,0,0,0,0
2025_17_BAL_GB,17,GB,BAL,14.341952988554716,1.0737290328834206,0,0,-9.260351672652178,0,-3.3514480114681646,2.479363347752951,0,0,0,0,0,0,0,0,0,0,0,0,0,0,0,0,0,0,0,0,0,0,0,0,0,0,0,0,0,0,0,0,0
2025_17_JAX_IND,17,IND,JAX,-12.706672240754578,2.6735844781505875,0,-0.0585694070905447,0,0,0,0,0,0.34938880731351674,0,0,0,0,0,0,0,0,0,0,0,0,0,0,0,0,0,0,0,0,0,0,0,0,0,0,0,0,0,0,0
2025_17_JAX_IND,17,JAX,IND,8.689219260723336,-3.803714548004791,0,0,0.1431091433041729,0,0,0.9423276745947078,0,0,-6.248998671246227,0,0,0,0,0,0,0,0,0,0,0,0,0,0,0,0,0,0,0,0,0,0,0,0,0,0,0,0,0,0
2025_17_HOU_LAC,17,HOU,LAC,-3.8581132840955004,0.38333119126036763,0,-1.6605905881151557,0,0,0,0.8516132471268065,0,0,-0.6543490547919646,0,0,0,0,0,0,0,0,0,0,0,0,0,0,0,0,0,0,0,0,0,0,0,0,0,0,0,0,0,0
2025_17_HOU_LAC,17,LAC,HOU,-5.0955936099230925,-0.6205926664406434,0,0,0,0.0030860471888445318,-0.7385760063771158,-2.05894937296398,0.3395561000215821,-1.763192528160289,0,0,0,0.6809297924628481,0,0,0,0,0,0,0,0,0,1.3722774721682072,0,0,0,0,0,0,0,0,0,0,0,0,0,0,-1.0743546850280836,0,0
2025_17_NYG_LV,17,NYG,LV,13.217082586722581,-0.26449317595688626,0,0.8844672946725041,0,0,0,0,0,0,0,0,0,0.5059380712336861,0,0,0,0,0,0,0,0,0,0,0,0,0,0,0,0,0,0,0,0,0,0,0,0,0,0,0
2025_17_NYG_LV,17,LV,NYG,-10.200260805431753,-4.39946554991846,0,0,0,0,0,0,0,0,1.4332376510137692,0,0,0,0,0,0,0,0,0,0,0,0,0,0,0,0,0,0,0,0,0,0,0,0,0,0,0,0,0,0
2025_17_TB_MIA,17,MIA,TB,-0.317351869056528,-5.068926299177644,3.3244086244376376,3.1692615307401866,4.997880122973584,0,0,-2.039388442062773,0,0,0,0,-0.8019689024076797,0,0,0,0,0,0,0,0,0,0,0,-0.018273480236530304,0,0,0,0,0,0,0,0,0,0,0,0,0,0,0,0
2025_17_TB_MIA,17,TB,MIA,6.8943312584642875,-2.048017692519352,0,0,-2.817410252755508,0,0,0,0,0,2.2979153720662,0,0,0,0,0,0,0,0,-1.8354556537233293,0,0,0,0,0,0,0,0,0,0,0,0,0,0,0,0,0,0,0,0,0
2025_17_NE_NYJ,17,NE,NYJ,20.892525905161165,10.627786687937935,0,1.0635390705429018,2.6085778870619833,0,0,-1.428864894201979,0,0,-0.12286846392089501,0,0,0,0,-1.3404199167271145,0,0,0,0,0,0,0,0,0,0,0,0,0,0,0,0,0,0,0,0,0,0,0,0,0
2025_17_NE_NYJ,17,NYJ,NE,-7.385752577437615,-2.491905633418355,0,-1.2877961513586342,1.2980658701853827,0,0,0,0,0,-2.2835735197295435,0,0.775593135971576,0,0,0,0,0,0,0,0,0,0,0,0,0,0,-2.9427294286433607,0,0,0,0,0,0,0,0,0,0,0,2.8565037888474762,0
2025_17_NO_TEN,17,TEN,NO,-10.161759607562944,0.36292036494705826,0,0,0.11976151377893984,0,0,-2.4180419255280867,-0.06727598345605657,0,2.3445050836890005,0,0,0,0,0,0,0,0,0,0,0,0,0,0,0,0,0,0,0,0,0,0,0,0,0,0,0,0,0,0
2025_17_NO_TEN,17,NO,TEN,10.70708778011872,-0.7767870217811748,0,1.4186210946645588,0,0,0,-0.09536573057994246,0,0,2.187038262898568,0,0,0,0,0,0,0,0,0,0,0,0,0,0,0,-0.5928641720674932,0,0,-1.3678532890044153,-0.9255048977211118,0,0,0,0,0,0,0,0,0,0
2025_17_PHI_BUF,17,PHI,BUF,-2.5896384843326623,-1.604991027037613,0,-2.480741479434073,0,0,0,0,0,0,0,0,0,0,-0.5424828334041476,0.8794362865155563,0,0,0,0,0,0,0,0,0,0,0,0,0,0,0,0,0,0,0,0,0,0,0,0,0
2025_17_PHI_BUF,17,BUF,PHI,-7.540657245612238,-0.4898043481516652,0.9533441097009927,0,-2.8068554604686797,0,0,0,0,0,0,0,5.1998007646761835,0,0,0,0,0,0,0,0,0,0,0,0,0,0,0,0,0,0,0,0,0,0,0,0,0,0,0,0
2025_17_CHI_SF,17,SF,CHI,14.666562641243218,1.8281293458712753,0,0,4.12692837920622,0,0,0,0,0,0,0.47076664594351314,0,0,0,0,0,0,0,0,0,0,0,0,0,0,0,0,0,0,0,0,0,0,0,0,0,0,0,0,0
2025_17_CHI_SF,17,CHI,SF,7.300304375215635,5.778621626086533,0,2.0785964570823126,0,0,0,2.5427204408915713,0,0,3.629875388229266,0,0,0,0,0,0,0,0,0,0,0,0,0,0,0,0,0,0,0,0,0,0,0,0,0,0,0,0,0,0
2025_17_LA_ATL,17,ATL,LA,0.5284462105410642,7.8990933560590415,0.646665905660484,-2.721155544597037,-0.22392803616821766,0,0,0,0,0,0,0,0,0,0,0,0,0,0,0,0,0,0,0,0,0,0,0,0,0,0,0,0,0,0,0,0,0,0,0,0
2025_17_LA_ATL,17,LA,ATL,-11.265348241189482,-1.5821773922652937,0,6.241188987507485,0,0,0,0,0,0,0,0,0,0,0,0,0,0,0,0,0,0,0,0,0,0,0,0,0,0,0,0,0,0,0,0,0,0,0,0,0
2025_18_NO_ATL,18,ATL,NO,-11.218984631032683,2.6182745915139094,0,0,-5.995613522769418,0,0,0,0,0,0,0,0,0,0,0,0,0,0,0,0,0,0,0,0,0,0,0,0,0,0,0,0,0,0,0,0,0,0,0,0
2025_18_NO_ATL,18,NO,ATL,-4.717655392072629,4.855596498311104,0,-2.5631463199970312,0,0,0,0,0,0,-1.6059961263090372,0,0,0,0,0,0,0,0,0,0,0,0,0,0,0,-4.316635209135711,0,0,0,0,0,0,0,0,0,0,0,0,0,1.1518426575057674
2025_18_NYJ_BUF,18,BUF,NYJ,18.037082132039593,-0.520920328097418,4.297083739947993,0,1.8446515431278385,0,0,0,0,0,0,0,0,0,0,0,-0.14727012859657407,0,0,0,0,0,0,0,0,0,0,0,0,0,0,0,0,0,0,0,0,0,0,0,0
2025_18_NYJ_BUF,18,NYJ,BUF,-6.385633968238719,-5.483834759768797,1.0395376173546538,0,0.18687189847696573,0,0,-0.729366835206747,0,0,-0.9115250888862647,0,0.2609735654259566,0,0,0,0,0,0,0,0,0,0,0,0,0,0,0,0,0,0,0,0,0,0,0,0,0,0,0,0
2025_18_DET_CHI,18,DET,CHI,11.080397400495865,0.1347842361428775,0,-3.193258236395195,1.5245257926872,0,0,-0.5581252741394565,0,0,0,0,0,0,0,0,0,0,0,0.2426977438153699,0,0,0,0,0,0,0,0,0,0,0,0,0,0,0,0,0,0,0,0,0
2025_18_DET_CHI,18,CHI,DET,3.720971155562438,2.1847850654160137,0,-3.8134996122680604,0,0,0,-0.8387915967032313,0,0,0,0,0,0,0,0.6196051731531043,0,0,0,0,0,0,0,0,0,0,0,0,0,0,0,0,0,0,0,0,0,0,0,0,0
2025_18_CLE_CIN,18,CIN,CLE,6.725234812416602,-15.43781270507304,0,0,1.819733040058054,0,0,0,0,0,0,0,0,0,0,0,0,0,0,0,0,0,0,0,0,0,0,0,0,0,0,0,0,0,0,0,0,0,0,0,0
2025_18_CLE_CIN,18,CLE,CIN,-5.948965848084992,-6.670088798622601,0,2.646774744382128,0,-0.17257662652991712,0,0,0,3.624137414211873,0,0,0,0,0,0,0,0,0,0,0,0,0,0,0,0,0,0,0,0,0,0,0,0,0,0,0,0,0,0,0
2025_18_LAC_DEN,18,LAC,DEN,-15.445651420330536,-4.6294523070100695,0,0,0.7016398137202486,0,-0.38217621942749247,-8.851967557042371,0,0,0,0,0,0,0,0,0,0,0,0,0,0,0,0,0,0,0,0,0,0,0,0,0,0,0,0,0,0,0,0,0
2025_18_LAC_DEN,18,DEN,LAC,-10.892560122510215,1.094350150815444,-1.9086063050781377,2.136529638315551,0.7624331958359107,0.08576952735893428,0,0,0,0,-1.994982959702611,0,0,0,-0.336795401526615,0,0,0,0,0,0,0,0,0,0,0,0,0,0,0,0,0,0,0,0,0,0,0,0,0,0
2025_18_IND_HOU,18,HOU,IND,-0.2670372397780172,-0.9792768008933503,0,-0.14512449817266315,0,0,-0.39893495972501114,0.710903623024933,0,0,1.4600147312739864,0,0,0,0,0,0,0,0,0,0,0,0,0,0,0,0,0,0,0,0,0,0,0,0,0,0,0,0,0,0
2025_18_IND_HOU,18,IND,HOU,-11.73887224382819,7.022579067328479,0,-0.9094185444992036,0,0,0,0,3.5125947825144976,0,0,0,0,0,0,0,0,0,0,0,0,0,0,0,0,0,0,0,0,0,0,0,0,0,0,0,0,0,0,0,0
2025_18_TEN_JAX,18,JAX,TEN,13.826632401152143,0.8564764462935273,0,0,0,0,-0.5055187174584717,0,0,0,0.3489091706869658,0,0,0,0,0,0,0,0,0,0,0,0,0,0,0,0,0,0,0,0,0,0,0,0,0,0,0,0,0,0
2025_18_TEN_JAX,18,TEN,JAX,-14.946816140894201,-1.7102458637673408,0,0,0.8157057312782854,0,0,-0.7616019115666859,0,0,-2.939552213065326,0,0,0,0,0,0,0,0,0,0,0,0,0,0,0,0,0,0,0,0,0,0,0,0,0,0,0,0,0,0
2025_18_ARI_LA,18,ARI,LA,-12.646115703275427,4.07800016863107,0,2.6148056358797476,0,0,0,-0.4411651622503996,0,0,0.5011926183942705,0,0,0,0,0,0,0,0,0,4.4010514167603105,0,0,0,0,0,0,0,0,0,0,0,0,0,0,0,0,0,0,0,0
2025_18_ARI_LA,18,LA,ARI,7.58148428381357,0.2993882435839623,0,7.756221455381029,0,0,0,0,0,0,0,0,0,0,0,0,0,0,0,0,0,0,0,0,0,0,0,0,0,0,0,0,0,0,0,0,0,0,0,0,0
2025_18_KC_LV,18,KC,LV,-19.49857298974961,0.9014087205287069,0,-8.669281271294395,0,0,0,0,2.557734064757824,0,-5.761861754581332,0,0,0,0,0,0,0,0,0,0,0,0,0,0,0,0,0,0,0,0,0,0,0,0,0,0,0,0,0,0
2025_18_KC_LV,18,LV,KC,-13.056793090874486,-5.741443959162651,0,-0.8331478886539117,0,0,0,0,0,0,-9.150940552528482,0,0,0,0,0,0,0,0,0,0,0,0,0,0,0,0,0,0,0,0,0,0,0,0,0,0,0,0,0,0
2025_18_GB_MIN,18,MIN,GB,3.3892284359245424,-2.8168475991114974,-0.25230169520364143,0,0.668550061644055,0,0,0,0,0,0,0,0,0,0,0,0,0,0,0,0,0,0,0,0,0,0,0,0,0,0,0,0,0,0,0,0,0,0,0,0
2025_18_GB_MIN,18,GB,MIN,-13.287028832943179,-2.512077856069825,0,0,0,0,0,0,0,0,0,0,0,0,0,0,0,0,0,0,0,0,0,0,0,0,0,0,0,0,0,0,0,0,0,0,0,0,0,0,0
2025_18_MIA_NE,18,NE,MIA,10.544086206995853,-4.914454116893467,0,0,2.283300540992059,0,0,4.838176679448225,0,0,4.023901647597086,0,0,0,0,1.6913951213355176,0,0,0,0,0,0,0,0,0,0,0,0,0,0,0,0,0,0,0,0,0,0,0,0,0
2025_18_MIA_NE,18,MIA,NE,-8.60622539410324,0.8477638422045857,-5.184237957524601,0,1.2792858821339905,0,0,-0.007701453345362097,0,0,-0.36034284555353224,0,-2.971578157739714,0,3.381220293813385,0,0,0,0,0,0,0,0,0,-5.9823956079781055,0,0,0,0,0,0,0,0,0,0,0,0,0,0,0,0
2025_18_DAL_NYG,18,NYG,DAL,7.909146353651762,0.8926235346444882,0.791344233090058,0,0,0,0,0,0,0,0,0,0,0,0,0,0,0,0,0,0,0,0,0,0,0,0,0,0,0,0,0,0,0,0,0,0,0,0,0,0
2025_18_DAL_NYG,18,DAL,NYG,-5.424176696226638,2.1030670320615172,0,-0.9992308368673548,0,0,0,-0.5041389538091607,0,0,0,0,0,0,0,0,0,0,0,0,0,0,0,0,0,0,0,0,0,0,0,0,0,0,0,0,0,0,0,0,0
2025_18_WAS_PHI,18,PHI,WAS,-9.11859813475846,2.543123932904564,0,1.0722167144413106,-1.6902409620233811,0,0,0,0,0,0,1.651209250849206,0,0,0,0,0,0,0,0,0,0,0,0,0,0,0,0,0,0,0,0,0,0,0,0,0,0,0,0,0
2025_18_WAS_PHI,18,WAS,PHI,3.208206613465271,3.764614455460105,0,1.525267821183661,0,0,-1.838056121720001,1.3376145444926806,0,-0.5257687154226005,-1.1993807794933673,0,0,0,0,2.2436886678333394,0,0,0,0,0,0,0,0,0,0,0,0,0,0,0,0,0,0,0,0,0,0,0,0,0
2025_18_BAL_PIT,18,BAL,PIT,-0.4851366928196512,3.3206960333394284,-0.26085616811178625,0,4.233399804099463,0,0,0,0,0,0,0,0,0,0,0,0,0,0,0.20236771134659648,0,0,0,0,0,0,0,0,0,0,0,0,0,0,0,0,0,0,0,0,0
2025_18_BAL_PIT,18,PIT,BAL,6.964841758181304,-0.47536406974541023,0,0,0.1439007260487415,0,0.7974827168509364,1.1646886896924116,0,0,-4.371857638529036,0,-1.2433554751914926,0,0,0,0,0,0,0,0,0,0,0,0.8747568905237131,0,0,0,0,0,0,0,0,0,0,0,0,0,0,0,0
2025_18_SEA_SF,18,SEA,SF,6.837094718207335,0.8873172094463371,-0.5306818077806383,0,3.2189662706223316,0,0,0,0,-0.34943634562136827,0,0,0,0,0,0,0,0,0,0,-2.18237846106058,0,0,0,0,0,0,-0.6729636187665164,0,0,0,0,0,0,0,0,0,0,0,0,0
2025_18_SEA_SF,18,SF,SEA,-5.3594988969773665,-0.5875602816231549,-3.2251003347337246,0,-5.9054499350022525,0,0,0,0,0,0,0,0,0,0,0,0,0,0,0,0,0,0,0,0,0,0,0,0,0,0,0,0,0,0,0,0,0,0,0,0
2025_18_CAR_TB,18,TB,CAR,-2.574138383454053,3.1474325594026595,0,0,1.3080595058272593,0,0,0,0,0,-0.6552320724586025,0,0,0,0,0,0,0,0,0,0,0,0,0,0,0,0,0,0,0,0,0,0,0,0,0,0,0,0,0,0
2025_18_CAR_TB,18,CAR,TB,1.502723888802956,-0.4103969051502645,0,-1.189744102070108,0,-1.643278222065419,0,0,0,0,0,0,0,0,0,0,0,0,0,0,0,0,0,0,0,0,0,0,0,0,0,0,0,0,0,0,0,0,0,0,0
2025_20_BUF_DEN,20,DEN,BUF,4.103121837145981,2.344691297330428,0,0.7432130860397592,-1.4465239862911403,0,0,-0.45014156424440444,0,0,0.9493309861863963,0,0,0,0,0,0,0,0,0,0,0,0,0,0,0,0,0,0,0,0,0,0,0,0,0,0,0,0,0,0
2025_20_BUF_DEN,20,BUF,DEN,-2.2517491483187486,5.439884957818374,0.4386414857581258,0.47516868280945346,-2.366407602734398,1.2624769016401842,0,0,0,0,0,0,1.6048407664056867,0,1.938924479065463,0,0,0,0,0,0,0,0,0,0,0,0,0,0,0,0,0,0,0,0,0,0,0,0,0,0
2025_20_SF_SEA,20,SF,SEA,-12.261295662598283,0.929904076969251,-5.170153581071645,0,-10.859029186540283,0,0,0,0,0,0,0,0,0,0,0,0,0,0,0,0,0,0,0,0,0,0,0,0,0,0,0,0,0,0,0,0,0,0,0,0
2025_20_SF_SEA,20,SEA,SF,5.627341049739536,3.7527161822654307,1.5132726581650786,0,1.5283785631763749,0.5256224591763186,0,0,0,0.2028347491286695,0,0,0,0,-0.14515698415925726,0,0,0,0,0,0,0,0,0,0,0,0,0,0,0,0,0,0,0,0,0,0,0,0,0,0
2025_20_HOU_NE,20,NE,HOU,-1.8589709156367462,-9.479507014650153,0,-1.0698459841078147,0,0,0,-1.0651829361449927,0,0,0,0,0,-0.7646927402820438,0,-0.7227453390369192,0,0,0,0,0,0,0,0,0,0,0,0,0,0,0,0,0,0,0,0,0,0,0,0,0
2025_20_HOU_NE,20,HOU,NE,-13.975804529732864,-10.219838502118364,0,0,0,0,-1.2128842870006338,-0.7025940318126231,0,0,1.5348279680474661,0,0,-1.5659068274544552,0,0,0,0,0,0,0,0,0,0,0,0,0,0,0,0,0,0,0,0,0,0,0,0,0,0,0
2025_20_LA_CHI,20,CHI,LA,-1.228224792575667,7.286698047129903,0,-9.884176009654766,0,0,0,0,0,0,-1.7301777687389404,0,0,0,2.657676562288543,0,0,0,0,0,0,0,0,0,0,0,0,0,0,0,0,0,0,0,0,0,0,0,0,0,0
2025_20_LA_CHI,20,LA,CHI,6.414868563635048,0,0,-2.890977861592546,0,0,0,0,0,0,0,0,0,0,0,0,0,0,0,0,0,0,0,0,0,0,0,0,0,0,0,0,0,0,0,0,0,0,0,0,0
2025_21_NE_DEN,21,DEN,NE,-10.553225489161548,-2.120915242936462,-0.2740464953240007,0.0736112603917718,0.01995490927947685,0,0,-0.7478085228940472,0,-3.2801999079529196,-0.3852260410785675,0,0,0,0,0,0,0,0,0,0,0,0,0,-0.8730001596268266,0,0,0,0,0,0,0,0,0,0,0,0,0,0,0,0
2025_21_NE_DEN,21,NE,DEN,-1.7429099198905305,-5.538598961022217,0,0,0,0,0,1.0102619751996826,0.41464516054838896,0,-4.235272913996596,0,0,1.669571894861292,0,0,0,0,0,0,0,0,0,0,0,0,0,0,0,0,0,0,0,0,0,0,0,0,0,0,0
2025_21_LA_SEA,21,LA,SEA,-3.1309159742911756,11.728387483162805,0,9.234063765907194,0,0,0,0,0,0,0,0,0,0,0,0,0,0,0,0,0,0,0,0,0,0,0,0,0,0,0,0,0,0,0,0,0,0,0,0,0
2025_21_LA_SEA,21,SEA,LA,10.691082228768526,1.1353129754425026,0,0.9623911697417498,1.1269750604406,-1.6924191087018698,0,0,0,0,0,0,0,0,0,0,0,0,0,0,0,0,0,0,0,0,0,0,0,0,0,0,0,0,0,0,0,0,0,0,0
2025_19_LA_CAR,19,CAR,LA,8.773389693574133,-2.4481662516773213,0,-5.341226408665534,0,-1.418710082769394,0,0,0,0,0,0,0,0,0,0.6138546262518503,0,0,0,-0.8499183366075158,0,0,0,0,0,0,0,0,0,0,0,0,0,0,0,0,0,0,0,0,0
2025_19_LA_CAR,19,LA,CAR,9.403741646455725,0.8652543868520297,0,-2.3649415491963737,0,0,0,0,0,0,0,0,0,0,0,0,0,0,0,0,0,0,0,0,0,0,0,0,0,0,0,0,0,0,0,0,0,0,0,0,0
2025_19_GB_CHI,19,CHI,GB,-1.8667751211697476,11.725420220871456,0,-2.334071407385636,0,0.456669993349351,0,0,0,0,-0.8355791016947478,0,0,0,0,1.053,0,0,0,0,0,0,0,0,0,0,0,0,0,0,0,0,0,0,0,0,0,0,0,0,0
2025_19_GB_CHI,19,GB,CHI,14.168663145686468,0.11117749841650948,0,0,-0.00850989785976708,0,0,0.031984768458642066,0,0,0,0,0,0,0,0,0,0,0,0,0,0,0,0,0,0,0,0,0,0,0,0,0,0,0,0,0,0,0,0,0
2025_19_BUF_JAX,19,JAX,BUF,5.3277604291907465,-3.5647770831128582,0,-0.41650384926469997,0.12471517408266664,0,1.0953780090203509,0,0,0,0.3988967482582666,0,0,0,0,0,0,0,0,0,0,0,0,0,0,0,0,0,0,0,0,0,0,0,0,0,0,0,0,0,0
2025_19_BUF_JAX,19,BUF,JAX,10.941700828028843,-1.9802193147017528,0,1.9111756177153438,-1.5790386418811977,-0.8536558158812113,0,0,0,0,0,0,5.559867322794162,0,-0.33208701462717727,0,0,0,0,0,0,0,0,0,0,0,0,0,0,0,0,0,0,0,0,0,0,0,0,0,0
2025_19_SF_PHI,19,SF,PHI,-1.7580103499349207,2.389782120764721,-0.8400937679556892,0,6.624224962783046,0,0,0,0,0,0,0,0,0,0,0,0,0,0,0,0,0,0,0,0,0,0,0,0,0,0,0,0,0,0,0,0,0,0,0,0
2025_19_SF_PHI,19,PHI,SF,-6.881364144483301,6.102806061971933,0,-2.999562818731647,0,0,0,0,0,0,0,0,0,0,0,0,0,0,0,0,0,0,0,0,0,0,0,0,0,0,0,0,0,0,0,0,0,0,0,0,0
2025_19_LAC_NE,19,NE,LAC,-3.3056365487100674,-7.615064996585716,0,0.9411718118353747,2.8980613003950566,0,0,2.412596098612994,0,0,3.696336512453854,0,0,0,0,0,0,0,0,0,0,0,0,0,0,0,0,0,0,0,0,0,0,0,0,0,0,0,0,0,0
2025_19_LAC_NE,19,LAC,NE,-8.951905709167477,0.03703255666187033,0,0,0,1.4104441229719669,-2.075289843677897,-0.11824628990143538,-1.2391293602413498,-1.7749759498401545,-0.8930377215147018,0,0,0,0,0,0,0,0,0,0,0,0,0.767576836864464,0,0,0,0,0,0,0,0,0,0,0,0,0,0,0,0,0
2025_19_HOU_PIT,19,PIT,HOU,-25.398198594173525,-3.0701935335528105,-1.2792405089130625,0,-0.9395356755703688,0,-0.479125146754086,-0.14145147940143943,0,0,0,0,1.5443277605809271,0,0,0,0,0,0,0,0,0,0,0,0,0,0,0,0,0,0,0,0,0,0,0,0,0,0,0,0
2025_19_HOU_PIT,19,HOU,PIT,7.905264563789753,-3.013972659711726,0,0,0,0,0,0.12324659974547103,0,0,-0.7641943037742749,0,0,0,0,0,0,0,0,0,0,0,0,0,0,0,0,0,0,0,0,0,0,0,0,0,0,0,0,0,0
2025_22_SEA_NE,22,SEA,NE,-0.48636551630856184,0.6667661092942581,0,-1.0941472895792685,0,-0.6294010021956638,0,0,0,0,0,0,0,-2.2036474274354987,0,0,0,0,0,0,0,0,0,0,0,0,0,0,0,0,0,0,0,0,0,0,0,0,0,0,0
2025_22_SEA_NE,22,NE,SEA,-21.400677461016922,-2.5215234477072954,0.2763105402700603,0.9421786714810878,0.052893203450366855,0,0,1.2766744995024055,0,0,0,0,0,0,0,0,0,0,0,0,0,0,0,0,0,0,0,0,0,0,0,0,0,0,0,0,0,0,0,0,0
